t,time,selected_task,reason_code,decision_reason,candidate_tasks,previous_task,feeding_wip,wip_target,feed_detail,selective_state,input_buffer_level,available_racks,transport_occupancy,stations,racks_total
0,00:00:00.000,manual_assembly,WIP_BELOW_TARGET,feed WIP 0 < target 2 -> feeder task (keep 'selective_soldering' fed),manual_assembly,,0,2,"{""buffer_de_entrada"": 0, ""manual_assembly(in process)"": 0, ""transport_1(in process)"": 0}","{""starved"": 1}",0,2,0,"{""manual_assembly"": {""waiting_resource"": 1}, ""selective_soldering"": {""starved"": 1}, ""inspection"": {""starved"": 1}}",3
120.0,00:02:00.000,transport_1,WIP_BELOW_TARGET,feed WIP 1 < target 2 -> feeder task (keep 'selective_soldering' fed),transport_1,manual_assembly,1,2,"{""buffer_de_entrada"": 0, ""manual_assembly(in process)"": 1, ""transport_1(in process)"": 0}","{""starved"": 1}",0,2,0,"{""manual_assembly"": {""blocked"": 1}, ""selective_soldering"": {""starved"": 1}, ""inspection"": {""starved"": 1}}",3
138.333333,00:02:18.333,manual_assembly,WIP_BELOW_TARGET,feed WIP 0 < target 2 -> feeder task (keep 'selective_soldering' fed),manual_assembly,transport_1,0,2,"{""buffer_de_entrada"": 0, ""manual_assembly(in process)"": 0, ""transport_1(in process)"": 0}","{""busy"": 1}",0,1,0,"{""manual_assembly"": {""waiting_resource"": 1}, ""selective_soldering"": {""busy"": 1}, ""inspection"": {""starved"": 1}}",3
266.666667,00:04:26.667,transport_1,WIP_BELOW_TARGET,feed WIP 1 < target 2 -> feeder task (keep 'selective_soldering' fed),transport_1|inspection,manual_assembly,1,2,"{""buffer_de_entrada"": 0, ""manual_assembly(in process)"": 1, ""transport_1(in process)"": 0}","{""starved"": 1}",0,1,0,"{""manual_assembly"": {""blocked"": 1}, ""selective_soldering"": {""starved"": 1}, ""inspection"": {""waiting_resource"": 1}}",3
285.0,00:04:45.000,manual_assembly,WIP_BELOW_TARGET,feed WIP 0 < target 2 -> feeder task (keep 'selective_soldering' fed),manual_assembly|inspection,transport_1,0,2,"{""buffer_de_entrada"": 0, ""manual_assembly(in process)"": 0, ""transport_1(in process)"": 0}","{""busy"": 1}",0,0,0,"{""manual_assembly"": {""waiting_resource"": 1}, ""selective_soldering"": {""busy"": 1}, ""inspection"": {""waiting_resource"": 1}}",3
413.333333,00:06:53.333,inspection,PROTECTED_BLOCKED,"'selective_soldering' is BLOCKED (output full) -> downstream task first to unblock it (feed WIP 1, target 2)",inspection|transport_1,manual_assembly,1,2,"{""buffer_de_entrada"": 0, ""manual_assembly(in process)"": 1, ""transport_1(in process)"": 0}","{""blocked"": 1}",0,0,0,"{""manual_assembly"": {""blocked"": 1}, ""selective_soldering"": {""blocked"": 1}, ""inspection"": {""waiting_resource"": 1}}",3
485.833333,00:08:05.833,transport_1,WIP_BELOW_TARGET,feed WIP 1 < target 2 -> feeder task (keep 'selective_soldering' fed),transport_1|inspection,inspection,1,2,"{""buffer_de_entrada"": 0, ""manual_assembly(in process)"": 1, ""transport_1(in process)"": 0}","{""starved"": 1}",0,1,0,"{""manual_assembly"": {""blocked"": 1}, ""selective_soldering"": {""starved"": 1}, ""inspection"": {""waiting_resource"": 1}}",3
516.666667,00:08:36.667,manual_assembly,WIP_BELOW_TARGET,feed WIP 0 < target 2 -> feeder task (keep 'selective_soldering' fed),manual_assembly|inspection,transport_1,0,2,"{""buffer_de_entrada"": 0, ""manual_assembly(in process)"": 0, ""transport_1(in process)"": 0}","{""busy"": 1}",0,0,0,"{""manual_assembly"": {""waiting_resource"": 1}, ""selective_soldering"": {""busy"": 1}, ""inspection"": {""waiting_resource"": 1}}",3
645.0,00:10:45.000,inspection,PROTECTED_BLOCKED,"'selective_soldering' is BLOCKED (output full) -> downstream task first to unblock it (feed WIP 1, target 2)",inspection|transport_1,manual_assembly,1,2,"{""buffer_de_entrada"": 0, ""manual_assembly(in process)"": 1, ""transport_1(in process)"": 0}","{""blocked"": 1}",0,0,0,"{""manual_assembly"": {""blocked"": 1}, ""selective_soldering"": {""blocked"": 1}, ""inspection"": {""waiting_resource"": 1}}",3
717.5,00:11:57.500,transport_1,WIP_BELOW_TARGET,feed WIP 1 < target 2 -> feeder task (keep 'selective_soldering' fed),transport_1|inspection,inspection,1,2,"{""buffer_de_entrada"": 0, ""manual_assembly(in process)"": 1, ""transport_1(in process)"": 0}","{""starved"": 1}",0,1,0,"{""manual_assembly"": {""blocked"": 1}, ""selective_soldering"": {""starved"": 1}, ""inspection"": {""waiting_resource"": 1}}",3
748.333333,00:12:28.333,manual_assembly,WIP_BELOW_TARGET,feed WIP 0 < target 2 -> feeder task (keep 'selective_soldering' fed),manual_assembly|inspection,transport_1,0,2,"{""buffer_de_entrada"": 0, ""manual_assembly(in process)"": 0, ""transport_1(in process)"": 0}","{""busy"": 1}",0,0,0,"{""manual_assembly"": {""waiting_resource"": 1}, ""selective_soldering"": {""busy"": 1}, ""inspection"": {""waiting_resource"": 1}}",3
876.666667,00:14:36.667,inspection,PROTECTED_BLOCKED,"'selective_soldering' is BLOCKED (output full) -> downstream task first to unblock it (feed WIP 1, target 2)",inspection|transport_1,manual_assembly,1,2,"{""buffer_de_entrada"": 0, ""manual_assembly(in process)"": 1, ""transport_1(in process)"": 0}","{""blocked"": 1}",0,0,0,"{""manual_assembly"": {""blocked"": 1}, ""selective_soldering"": {""blocked"": 1}, ""inspection"": {""waiting_resource"": 1}}",3
949.166667,00:15:49.167,transport_1,WIP_BELOW_TARGET,feed WIP 1 < target 2 -> feeder task (keep 'selective_soldering' fed),transport_1|inspection,inspection,1,2,"{""buffer_de_entrada"": 0, ""manual_assembly(in process)"": 1, ""transport_1(in process)"": 0}","{""starved"": 1}",0,1,0,"{""manual_assembly"": {""blocked"": 1}, ""selective_soldering"": {""starved"": 1}, ""inspection"": {""waiting_resource"": 1}}",3
980.0,00:16:20.000,manual_assembly,WIP_BELOW_TARGET,feed WIP 0 < target 2 -> feeder task (keep 'selective_soldering' fed),manual_assembly|inspection,transport_1,0,2,"{""buffer_de_entrada"": 0, ""manual_assembly(in process)"": 0, ""transport_1(in process)"": 0}","{""busy"": 1}",0,0,0,"{""manual_assembly"": {""waiting_resource"": 1}, ""selective_soldering"": {""busy"": 1}, ""inspection"": {""waiting_resource"": 1}}",3
1108.333333,00:18:28.333,inspection,PROTECTED_BLOCKED,"'selective_soldering' is BLOCKED (output full) -> downstream task first to unblock it (feed WIP 1, target 2)",inspection|transport_1,manual_assembly,1,2,"{""buffer_de_entrada"": 0, ""manual_assembly(in process)"": 1, ""transport_1(in process)"": 0}","{""blocked"": 1}",0,0,0,"{""manual_assembly"": {""blocked"": 1}, ""selective_soldering"": {""blocked"": 1}, ""inspection"": {""waiting_resource"": 1}}",3
1180.833333,00:19:40.833,transport_1,WIP_BELOW_TARGET,feed WIP 1 < target 2 -> feeder task (keep 'selective_soldering' fed),transport_1|inspection,inspection,1,2,"{""buffer_de_entrada"": 0, ""manual_assembly(in process)"": 1, ""transport_1(in process)"": 0}","{""starved"": 1}",0,1,0,"{""manual_assembly"": {""blocked"": 1}, ""selective_soldering"": {""starved"": 1}, ""inspection"": {""waiting_resource"": 1}}",3
1211.666667,00:20:11.667,manual_assembly,WIP_BELOW_TARGET,feed WIP 0 < target 2 -> feeder task (keep 'selective_soldering' fed),manual_assembly|inspection,transport_1,0,2,"{""buffer_de_entrada"": 0, ""manual_assembly(in process)"": 0, ""transport_1(in process)"": 0}","{""busy"": 1}",0,0,0,"{""manual_assembly"": {""waiting_resource"": 1}, ""selective_soldering"": {""busy"": 1}, ""inspection"": {""waiting_resource"": 1}}",3
1340.0,00:22:20.000,inspection,PROTECTED_BLOCKED,"'selective_soldering' is BLOCKED (output full) -> downstream task first to unblock it (feed WIP 1, target 2)",inspection|transport_1,manual_assembly,1,2,"{""buffer_de_entrada"": 0, ""manual_assembly(in process)"": 1, ""transport_1(in process)"": 0}","{""blocked"": 1}",0,0,0,"{""manual_assembly"": {""blocked"": 1}, ""selective_soldering"": {""blocked"": 1}, ""inspection"": {""waiting_resource"": 1}}",3
1412.5,00:23:32.500,transport_1,WIP_BELOW_TARGET,feed WIP 1 < target 2 -> feeder task (keep 'selective_soldering' fed),transport_1|inspection,inspection,1,2,"{""buffer_de_entrada"": 0, ""manual_assembly(in process)"": 1, ""transport_1(in process)"": 0}","{""starved"": 1}",0,1,0,"{""manual_assembly"": {""blocked"": 1}, ""selective_soldering"": {""starved"": 1}, ""inspection"": {""waiting_resource"": 1}}",3
1443.333333,00:24:03.333,manual_assembly,WIP_BELOW_TARGET,feed WIP 0 < target 2 -> feeder task (keep 'selective_soldering' fed),manual_assembly|inspection,transport_1,0,2,"{""buffer_de_entrada"": 0, ""manual_assembly(in process)"": 0, ""transport_1(in process)"": 0}","{""busy"": 1}",0,0,0,"{""manual_assembly"": {""waiting_resource"": 1}, ""selective_soldering"": {""busy"": 1}, ""inspection"": {""waiting_resource"": 1}}",3
1571.666667,00:26:11.667,inspection,PROTECTED_BLOCKED,"'selective_soldering' is BLOCKED (output full) -> downstream task first to unblock it (feed WIP 1, target 2)",inspection|transport_1,manual_assembly,1,2,"{""buffer_de_entrada"": 0, ""manual_assembly(in process)"": 1, ""transport_1(in process)"": 0}","{""blocked"": 1}",0,0,0,"{""manual_assembly"": {""blocked"": 1}, ""selective_soldering"": {""blocked"": 1}, ""inspection"": {""waiting_resource"": 1}}",3
1644.166667,00:27:24.167,transport_1,WIP_BELOW_TARGET,feed WIP 1 < target 2 -> feeder task (keep 'selective_soldering' fed),transport_1|inspection,inspection,1,2,"{""buffer_de_entrada"": 0, ""manual_assembly(in process)"": 1, ""transport_1(in process)"": 0}","{""starved"": 1}",0,1,0,"{""manual_assembly"": {""blocked"": 1}, ""selective_soldering"": {""starved"": 1}, ""inspection"": {""waiting_resource"": 1}}",3
1675.0,00:27:55.000,manual_assembly,WIP_BELOW_TARGET,feed WIP 0 < target 2 -> feeder task (keep 'selective_soldering' fed),manual_assembly|inspection,transport_1,0,2,"{""buffer_de_entrada"": 0, ""manual_assembly(in process)"": 0, ""transport_1(in process)"": 0}","{""busy"": 1}",0,0,0,"{""manual_assembly"": {""waiting_resource"": 1}, ""selective_soldering"": {""busy"": 1}, ""inspection"": {""waiting_resource"": 1}}",3
1803.333333,00:30:03.333,inspection,PROTECTED_BLOCKED,"'selective_soldering' is BLOCKED (output full) -> downstream task first to unblock it (feed WIP 1, target 2)",inspection|transport_1,manual_assembly,1,2,"{""buffer_de_entrada"": 0, ""manual_assembly(in process)"": 1, ""transport_1(in process)"": 0}","{""blocked"": 1}",0,0,0,"{""manual_assembly"": {""blocked"": 1}, ""selective_soldering"": {""blocked"": 1}, ""inspection"": {""waiting_resource"": 1}}",3
1875.833333,00:31:15.833,transport_1,WIP_BELOW_TARGET,feed WIP 1 < target 2 -> feeder task (keep 'selective_soldering' fed),transport_1|inspection,inspection,1,2,"{""buffer_de_entrada"": 0, ""manual_assembly(in process)"": 1, ""transport_1(in process)"": 0}","{""starved"": 1}",0,1,0,"{""manual_assembly"": {""blocked"": 1}, ""selective_soldering"": {""starved"": 1}, ""inspection"": {""waiting_resource"": 1}}",3
1906.666667,00:31:46.667,manual_assembly,WIP_BELOW_TARGET,feed WIP 0 < target 2 -> feeder task (keep 'selective_soldering' fed),manual_assembly|inspection,transport_1,0,2,"{""buffer_de_entrada"": 0, ""manual_assembly(in process)"": 0, ""transport_1(in process)"": 0}","{""busy"": 1}",0,0,0,"{""manual_assembly"": {""waiting_resource"": 1}, ""selective_soldering"": {""busy"": 1}, ""inspection"": {""waiting_resource"": 1}}",3
2035.0,00:33:55.000,inspection,PROTECTED_BLOCKED,"'selective_soldering' is BLOCKED (output full) -> downstream task first to unblock it (feed WIP 1, target 2)",inspection|transport_1,manual_assembly,1,2,"{""buffer_de_entrada"": 0, ""manual_assembly(in process)"": 1, ""transport_1(in process)"": 0}","{""blocked"": 1}",0,0,0,"{""manual_assembly"": {""blocked"": 1}, ""selective_soldering"": {""blocked"": 1}, ""inspection"": {""waiting_resource"": 1}}",3
2107.5,00:35:07.500,transport_1,WIP_BELOW_TARGET,feed WIP 1 < target 2 -> feeder task (keep 'selective_soldering' fed),transport_1|inspection,inspection,1,2,"{""buffer_de_entrada"": 0, ""manual_assembly(in process)"": 1, ""transport_1(in process)"": 0}","{""starved"": 1}",0,1,0,"{""manual_assembly"": {""blocked"": 1}, ""selective_soldering"": {""starved"": 1}, ""inspection"": {""waiting_resource"": 1}}",3
2138.333333,00:35:38.333,manual_assembly,WIP_BELOW_TARGET,feed WIP 0 < target 2 -> feeder task (keep 'selective_soldering' fed),manual_assembly|inspection,transport_1,0,2,"{""buffer_de_entrada"": 0, ""manual_assembly(in process)"": 0, ""transport_1(in process)"": 0}","{""busy"": 1}",0,0,0,"{""manual_assembly"": {""waiting_resource"": 1}, ""selective_soldering"": {""busy"": 1}, ""inspection"": {""waiting_resource"": 1}}",3
2266.666667,00:37:46.667,inspection,PROTECTED_BLOCKED,"'selective_soldering' is BLOCKED (output full) -> downstream task first to unblock it (feed WIP 1, target 2)",inspection|transport_1,manual_assembly,1,2,"{""buffer_de_entrada"": 0, ""manual_assembly(in process)"": 1, ""transport_1(in process)"": 0}","{""blocked"": 1}",0,0,0,"{""manual_assembly"": {""blocked"": 1}, ""selective_soldering"": {""blocked"": 1}, ""inspection"": {""waiting_resource"": 1}}",3
2339.166667,00:38:59.167,transport_1,WIP_BELOW_TARGET,feed WIP 1 < target 2 -> feeder task (keep 'selective_soldering' fed),transport_1|inspection,inspection,1,2,"{""buffer_de_entrada"": 0, ""manual_assembly(in process)"": 1, ""transport_1(in process)"": 0}","{""starved"": 1}",0,1,0,"{""manual_assembly"": {""blocked"": 1}, ""selective_soldering"": {""starved"": 1}, ""inspection"": {""waiting_resource"": 1}}",3
2370.0,00:39:30.000,manual_assembly,WIP_BELOW_TARGET,feed WIP 0 < target 2 -> feeder task (keep 'selective_soldering' fed),manual_assembly|inspection,transport_1,0,2,"{""buffer_de_entrada"": 0, ""manual_assembly(in process)"": 0, ""transport_1(in process)"": 0}","{""busy"": 1}",0,0,0,"{""manual_assembly"": {""waiting_resource"": 1}, ""selective_soldering"": {""busy"": 1}, ""inspection"": {""waiting_resource"": 1}}",3
2498.333333,00:41:38.333,inspection,PROTECTED_BLOCKED,"'selective_soldering' is BLOCKED (output full) -> downstream task first to unblock it (feed WIP 1, target 2)",inspection|transport_1,manual_assembly,1,2,"{""buffer_de_entrada"": 0, ""manual_assembly(in process)"": 1, ""transport_1(in process)"": 0}","{""blocked"": 1}",0,0,0,"{""manual_assembly"": {""blocked"": 1}, ""selective_soldering"": {""blocked"": 1}, ""inspection"": {""waiting_resource"": 1}}",3
2570.833333,00:42:50.833,transport_1,WIP_BELOW_TARGET,feed WIP 1 < target 2 -> feeder task (keep 'selective_soldering' fed),transport_1|inspection,inspection,1,2,"{""buffer_de_entrada"": 0, ""manual_assembly(in process)"": 1, ""transport_1(in process)"": 0}","{""starved"": 1}",0,1,0,"{""manual_assembly"": {""blocked"": 1}, ""selective_soldering"": {""starved"": 1}, ""inspection"": {""waiting_resource"": 1}}",3
2601.666667,00:43:21.667,manual_assembly,WIP_BELOW_TARGET,feed WIP 0 < target 2 -> feeder task (keep 'selective_soldering' fed),manual_assembly|inspection,transport_1,0,2,"{""buffer_de_entrada"": 0, ""manual_assembly(in process)"": 0, ""transport_1(in process)"": 0}","{""busy"": 1}",0,0,0,"{""manual_assembly"": {""waiting_resource"": 1}, ""selective_soldering"": {""busy"": 1}, ""inspection"": {""waiting_resource"": 1}}",3
2730.0,00:45:30.000,inspection,PROTECTED_BLOCKED,"'selective_soldering' is BLOCKED (output full) -> downstream task first to unblock it (feed WIP 1, target 2)",inspection|transport_1,manual_assembly,1,2,"{""buffer_de_entrada"": 0, ""manual_assembly(in process)"": 1, ""transport_1(in process)"": 0}","{""blocked"": 1}",0,0,0,"{""manual_assembly"": {""blocked"": 1}, ""selective_soldering"": {""blocked"": 1}, ""inspection"": {""waiting_resource"": 1}}",3
2802.5,00:46:42.500,transport_1,WIP_BELOW_TARGET,feed WIP 1 < target 2 -> feeder task (keep 'selective_soldering' fed),transport_1|inspection,inspection,1,2,"{""buffer_de_entrada"": 0, ""manual_assembly(in process)"": 1, ""transport_1(in process)"": 0}","{""starved"": 1}",0,1,0,"{""manual_assembly"": {""blocked"": 1}, ""selective_soldering"": {""starved"": 1}, ""inspection"": {""waiting_resource"": 1}}",3
2833.333333,00:47:13.333,manual_assembly,WIP_BELOW_TARGET,feed WIP 0 < target 2 -> feeder task (keep 'selective_soldering' fed),manual_assembly|inspection,transport_1,0,2,"{""buffer_de_entrada"": 0, ""manual_assembly(in process)"": 0, ""transport_1(in process)"": 0}","{""busy"": 1}",0,0,0,"{""manual_assembly"": {""waiting_resource"": 1}, ""selective_soldering"": {""busy"": 1}, ""inspection"": {""waiting_resource"": 1}}",3
2961.666667,00:49:21.667,inspection,PROTECTED_BLOCKED,"'selective_soldering' is BLOCKED (output full) -> downstream task first to unblock it (feed WIP 1, target 2)",inspection|transport_1,manual_assembly,1,2,"{""buffer_de_entrada"": 0, ""manual_assembly(in process)"": 1, ""transport_1(in process)"": 0}","{""blocked"": 1}",0,0,0,"{""manual_assembly"": {""blocked"": 1}, ""selective_soldering"": {""blocked"": 1}, ""inspection"": {""waiting_resource"": 1}}",3
3034.166667,00:50:34.167,transport_1,WIP_BELOW_TARGET,feed WIP 1 < target 2 -> feeder task (keep 'selective_soldering' fed),transport_1|inspection,inspection,1,2,"{""buffer_de_entrada"": 0, ""manual_assembly(in process)"": 1, ""transport_1(in process)"": 0}","{""starved"": 1}",0,1,0,"{""manual_assembly"": {""blocked"": 1}, ""selective_soldering"": {""starved"": 1}, ""inspection"": {""waiting_resource"": 1}}",3
3065.0,00:51:05.000,manual_assembly,WIP_BELOW_TARGET,feed WIP 0 < target 2 -> feeder task (keep 'selective_soldering' fed),manual_assembly|inspection,transport_1,0,2,"{""buffer_de_entrada"": 0, ""manual_assembly(in process)"": 0, ""transport_1(in process)"": 0}","{""busy"": 1}",0,0,0,"{""manual_assembly"": {""waiting_resource"": 1}, ""selective_soldering"": {""busy"": 1}, ""inspection"": {""waiting_resource"": 1}}",3
3193.333333,00:53:13.333,inspection,PROTECTED_BLOCKED,"'selective_soldering' is BLOCKED (output full) -> downstream task first to unblock it (feed WIP 1, target 2)",inspection|transport_1,manual_assembly,1,2,"{""buffer_de_entrada"": 0, ""manual_assembly(in process)"": 1, ""transport_1(in process)"": 0}","{""blocked"": 1}",0,0,0,"{""manual_assembly"": {""blocked"": 1}, ""selective_soldering"": {""blocked"": 1}, ""inspection"": {""waiting_resource"": 1}}",3
3265.833333,00:54:25.833,transport_1,WIP_BELOW_TARGET,feed WIP 1 < target 2 -> feeder task (keep 'selective_soldering' fed),transport_1|inspection,inspection,1,2,"{""buffer_de_entrada"": 0, ""manual_assembly(in process)"": 1, ""transport_1(in process)"": 0}","{""starved"": 1}",0,1,0,"{""manual_assembly"": {""blocked"": 1}, ""selective_soldering"": {""starved"": 1}, ""inspection"": {""waiting_resource"": 1}}",3
3296.666667,00:54:56.667,manual_assembly,WIP_BELOW_TARGET,feed WIP 0 < target 2 -> feeder task (keep 'selective_soldering' fed),manual_assembly|inspection,transport_1,0,2,"{""buffer_de_entrada"": 0, ""manual_assembly(in process)"": 0, ""transport_1(in process)"": 0}","{""busy"": 1}",0,0,0,"{""manual_assembly"": {""waiting_resource"": 1}, ""selective_soldering"": {""busy"": 1}, ""inspection"": {""waiting_resource"": 1}}",3
3425.0,00:57:05.000,inspection,PROTECTED_BLOCKED,"'selective_soldering' is BLOCKED (output full) -> downstream task first to unblock it (feed WIP 1, target 2)",inspection|transport_1,manual_assembly,1,2,"{""buffer_de_entrada"": 0, ""manual_assembly(in process)"": 1, ""transport_1(in process)"": 0}","{""blocked"": 1}",0,0,0,"{""manual_assembly"": {""blocked"": 1}, ""selective_soldering"": {""blocked"": 1}, ""inspection"": {""waiting_resource"": 1}}",3
3497.5,00:58:17.500,transport_1,WIP_BELOW_TARGET,feed WIP 1 < target 2 -> feeder task (keep 'selective_soldering' fed),transport_1|inspection,inspection,1,2,"{""buffer_de_entrada"": 0, ""manual_assembly(in process)"": 1, ""transport_1(in process)"": 0}","{""starved"": 1}",0,1,0,"{""manual_assembly"": {""blocked"": 1}, ""selective_soldering"": {""starved"": 1}, ""inspection"": {""waiting_resource"": 1}}",3
3528.333333,00:58:48.333,manual_assembly,WIP_BELOW_TARGET,feed WIP 0 < target 2 -> feeder task (keep 'selective_soldering' fed),manual_assembly|inspection,transport_1,0,2,"{""buffer_de_entrada"": 0, ""manual_assembly(in process)"": 0, ""transport_1(in process)"": 0}","{""busy"": 1}",0,0,0,"{""manual_assembly"": {""waiting_resource"": 1}, ""selective_soldering"": {""busy"": 1}, ""inspection"": {""waiting_resource"": 1}}",3
3656.666667,01:00:56.667,inspection,PROTECTED_BLOCKED,"'selective_soldering' is BLOCKED (output full) -> downstream task first to unblock it (feed WIP 1, target 2)",inspection|transport_1,manual_assembly,1,2,"{""buffer_de_entrada"": 0, ""manual_assembly(in process)"": 1, ""transport_1(in process)"": 0}","{""blocked"": 1}",0,0,0,"{""manual_assembly"": {""blocked"": 1}, ""selective_soldering"": {""blocked"": 1}, ""inspection"": {""waiting_resource"": 1}}",3
3729.166667,01:02:09.167,transport_1,WIP_BELOW_TARGET,feed WIP 1 < target 2 -> feeder task (keep 'selective_soldering' fed),transport_1|inspection,inspection,1,2,"{""buffer_de_entrada"": 0, ""manual_assembly(in process)"": 1, ""transport_1(in process)"": 0}","{""starved"": 1}",0,1,0,"{""manual_assembly"": {""blocked"": 1}, ""selective_soldering"": {""starved"": 1}, ""inspection"": {""waiting_resource"": 1}}",3
3760.0,01:02:40.000,manual_assembly,WIP_BELOW_TARGET,feed WIP 0 < target 2 -> feeder task (keep 'selective_soldering' fed),manual_assembly|inspection,transport_1,0,2,"{""buffer_de_entrada"": 0, ""manual_assembly(in process)"": 0, ""transport_1(in process)"": 0}","{""busy"": 1}",0,0,0,"{""manual_assembly"": {""waiting_resource"": 1}, ""selective_soldering"": {""busy"": 1}, ""inspection"": {""waiting_resource"": 1}}",3
3888.333333,01:04:48.333,inspection,PROTECTED_BLOCKED,"'selective_soldering' is BLOCKED (output full) -> downstream task first to unblock it (feed WIP 1, target 2)",inspection|transport_1,manual_assembly,1,2,"{""buffer_de_entrada"": 0, ""manual_assembly(in process)"": 1, ""transport_1(in process)"": 0}","{""blocked"": 1}",0,0,0,"{""manual_assembly"": {""blocked"": 1}, ""selective_soldering"": {""blocked"": 1}, ""inspection"": {""waiting_resource"": 1}}",3
3960.833333,01:06:00.833,transport_1,WIP_BELOW_TARGET,feed WIP 1 < target 2 -> feeder task (keep 'selective_soldering' fed),transport_1|inspection,inspection,1,2,"{""buffer_de_entrada"": 0, ""manual_assembly(in process)"": 1, ""transport_1(in process)"": 0}","{""starved"": 1}",0,1,0,"{""manual_assembly"": {""blocked"": 1}, ""selective_soldering"": {""starved"": 1}, ""inspection"": {""waiting_resource"": 1}}",3
3991.666667,01:06:31.667,manual_assembly,WIP_BELOW_TARGET,feed WIP 0 < target 2 -> feeder task (keep 'selective_soldering' fed),manual_assembly|inspection,transport_1,0,2,"{""buffer_de_entrada"": 0, ""manual_assembly(in process)"": 0, ""transport_1(in process)"": 0}","{""busy"": 1}",0,0,0,"{""manual_assembly"": {""waiting_resource"": 1}, ""selective_soldering"": {""busy"": 1}, ""inspection"": {""waiting_resource"": 1}}",3
4120.0,01:08:40.000,inspection,PROTECTED_BLOCKED,"'selective_soldering' is BLOCKED (output full) -> downstream task first to unblock it (feed WIP 1, target 2)",inspection|transport_1,manual_assembly,1,2,"{""buffer_de_entrada"": 0, ""manual_assembly(in process)"": 1, ""transport_1(in process)"": 0}","{""blocked"": 1}",0,0,0,"{""manual_assembly"": {""blocked"": 1}, ""selective_soldering"": {""blocked"": 1}, ""inspection"": {""waiting_resource"": 1}}",3
4192.5,01:09:52.500,transport_1,WIP_BELOW_TARGET,feed WIP 1 < target 2 -> feeder task (keep 'selective_soldering' fed),transport_1|inspection,inspection,1,2,"{""buffer_de_entrada"": 0, ""manual_assembly(in process)"": 1, ""transport_1(in process)"": 0}","{""starved"": 1}",0,1,0,"{""manual_assembly"": {""blocked"": 1}, ""selective_soldering"": {""starved"": 1}, ""inspection"": {""waiting_resource"": 1}}",3
4223.333333,01:10:23.333,manual_assembly,WIP_BELOW_TARGET,feed WIP 0 < target 2 -> feeder task (keep 'selective_soldering' fed),manual_assembly|inspection,transport_1,0,2,"{""buffer_de_entrada"": 0, ""manual_assembly(in process)"": 0, ""transport_1(in process)"": 0}","{""busy"": 1}",0,0,0,"{""manual_assembly"": {""waiting_resource"": 1}, ""selective_soldering"": {""busy"": 1}, ""inspection"": {""waiting_resource"": 1}}",3
4351.666667,01:12:31.667,inspection,PROTECTED_BLOCKED,"'selective_soldering' is BLOCKED (output full) -> downstream task first to unblock it (feed WIP 1, target 2)",inspection|transport_1,manual_assembly,1,2,"{""buffer_de_entrada"": 0, ""manual_assembly(in process)"": 1, ""transport_1(in process)"": 0}","{""blocked"": 1}",0,0,0,"{""manual_assembly"": {""blocked"": 1}, ""selective_soldering"": {""blocked"": 1}, ""inspection"": {""waiting_resource"": 1}}",3
4424.166667,01:13:44.167,transport_1,WIP_BELOW_TARGET,feed WIP 1 < target 2 -> feeder task (keep 'selective_soldering' fed),transport_1|inspection,inspection,1,2,"{""buffer_de_entrada"": 0, ""manual_assembly(in process)"": 1, ""transport_1(in process)"": 0}","{""starved"": 1}",0,1,0,"{""manual_assembly"": {""blocked"": 1}, ""selective_soldering"": {""starved"": 1}, ""inspection"": {""waiting_resource"": 1}}",3
4455.0,01:14:15.000,manual_assembly,WIP_BELOW_TARGET,feed WIP 0 < target 2 -> feeder task (keep 'selective_soldering' fed),manual_assembly|inspection,transport_1,0,2,"{""buffer_de_entrada"": 0, ""manual_assembly(in process)"": 0, ""transport_1(in process)"": 0}","{""busy"": 1}",0,0,0,"{""manual_assembly"": {""waiting_resource"": 1}, ""selective_soldering"": {""busy"": 1}, ""inspection"": {""waiting_resource"": 1}}",3
4583.333333,01:16:23.333,inspection,PROTECTED_BLOCKED,"'selective_soldering' is BLOCKED (output full) -> downstream task first to unblock it (feed WIP 1, target 2)",inspection|transport_1,manual_assembly,1,2,"{""buffer_de_entrada"": 0, ""manual_assembly(in process)"": 1, ""transport_1(in process)"": 0}","{""blocked"": 1}",0,0,0,"{""manual_assembly"": {""blocked"": 1}, ""selective_soldering"": {""blocked"": 1}, ""inspection"": {""waiting_resource"": 1}}",3
4655.833333,01:17:35.833,transport_1,WIP_BELOW_TARGET,feed WIP 1 < target 2 -> feeder task (keep 'selective_soldering' fed),transport_1|inspection,inspection,1,2,"{""buffer_de_entrada"": 0, ""manual_assembly(in process)"": 1, ""transport_1(in process)"": 0}","{""starved"": 1}",0,1,0,"{""manual_assembly"": {""blocked"": 1}, ""selective_soldering"": {""starved"": 1}, ""inspection"": {""waiting_resource"": 1}}",3
4686.666667,01:18:06.667,manual_assembly,WIP_BELOW_TARGET,feed WIP 0 < target 2 -> feeder task (keep 'selective_soldering' fed),manual_assembly|inspection,transport_1,0,2,"{""buffer_de_entrada"": 0, ""manual_assembly(in process)"": 0, ""transport_1(in process)"": 0}","{""busy"": 1}",0,0,0,"{""manual_assembly"": {""waiting_resource"": 1}, ""selective_soldering"": {""busy"": 1}, ""inspection"": {""waiting_resource"": 1}}",3
4815.0,01:20:15.000,inspection,PROTECTED_BLOCKED,"'selective_soldering' is BLOCKED (output full) -> downstream task first to unblock it (feed WIP 1, target 2)",inspection|transport_1,manual_assembly,1,2,"{""buffer_de_entrada"": 0, ""manual_assembly(in process)"": 1, ""transport_1(in process)"": 0}","{""blocked"": 1}",0,0,0,"{""manual_assembly"": {""blocked"": 1}, ""selective_soldering"": {""blocked"": 1}, ""inspection"": {""waiting_resource"": 1}}",3
4887.5,01:21:27.500,transport_1,WIP_BELOW_TARGET,feed WIP 1 < target 2 -> feeder task (keep 'selective_soldering' fed),transport_1|inspection,inspection,1,2,"{""buffer_de_entrada"": 0, ""manual_assembly(in process)"": 1, ""transport_1(in process)"": 0}","{""starved"": 1}",0,1,0,"{""manual_assembly"": {""blocked"": 1}, ""selective_soldering"": {""starved"": 1}, ""inspection"": {""waiting_resource"": 1}}",3
4918.333333,01:21:58.333,manual_assembly,WIP_BELOW_TARGET,feed WIP 0 < target 2 -> feeder task (keep 'selective_soldering' fed),manual_assembly|inspection,transport_1,0,2,"{""buffer_de_entrada"": 0, ""manual_assembly(in process)"": 0, ""transport_1(in process)"": 0}","{""busy"": 1}",0,0,0,"{""manual_assembly"": {""waiting_resource"": 1}, ""selective_soldering"": {""busy"": 1}, ""inspection"": {""waiting_resource"": 1}}",3
5046.666667,01:24:06.667,inspection,PROTECTED_BLOCKED,"'selective_soldering' is BLOCKED (output full) -> downstream task first to unblock it (feed WIP 1, target 2)",inspection|transport_1,manual_assembly,1,2,"{""buffer_de_entrada"": 0, ""manual_assembly(in process)"": 1, ""transport_1(in process)"": 0}","{""blocked"": 1}",0,0,0,"{""manual_assembly"": {""blocked"": 1}, ""selective_soldering"": {""blocked"": 1}, ""inspection"": {""waiting_resource"": 1}}",3
5119.166667,01:25:19.167,transport_1,WIP_BELOW_TARGET,feed WIP 1 < target 2 -> feeder task (keep 'selective_soldering' fed),transport_1|inspection,inspection,1,2,"{""buffer_de_entrada"": 0, ""manual_assembly(in process)"": 1, ""transport_1(in process)"": 0}","{""starved"": 1}",0,1,0,"{""manual_assembly"": {""blocked"": 1}, ""selective_soldering"": {""starved"": 1}, ""inspection"": {""waiting_resource"": 1}}",3
5150.0,01:25:50.000,manual_assembly,WIP_BELOW_TARGET,feed WIP 0 < target 2 -> feeder task (keep 'selective_soldering' fed),manual_assembly|inspection,transport_1,0,2,"{""buffer_de_entrada"": 0, ""manual_assembly(in process)"": 0, ""transport_1(in process)"": 0}","{""busy"": 1}",0,0,0,"{""manual_assembly"": {""waiting_resource"": 1}, ""selective_soldering"": {""busy"": 1}, ""inspection"": {""waiting_resource"": 1}}",3
5278.333333,01:27:58.333,inspection,PROTECTED_BLOCKED,"'selective_soldering' is BLOCKED (output full) -> downstream task first to unblock it (feed WIP 1, target 2)",inspection|transport_1,manual_assembly,1,2,"{""buffer_de_entrada"": 0, ""manual_assembly(in process)"": 1, ""transport_1(in process)"": 0}","{""blocked"": 1}",0,0,0,"{""manual_assembly"": {""blocked"": 1}, ""selective_soldering"": {""blocked"": 1}, ""inspection"": {""waiting_resource"": 1}}",3
5350.833333,01:29:10.833,transport_1,WIP_BELOW_TARGET,feed WIP 1 < target 2 -> feeder task (keep 'selective_soldering' fed),transport_1|inspection,inspection,1,2,"{""buffer_de_entrada"": 0, ""manual_assembly(in process)"": 1, ""transport_1(in process)"": 0}","{""starved"": 1}",0,1,0,"{""manual_assembly"": {""blocked"": 1}, ""selective_soldering"": {""starved"": 1}, ""inspection"": {""waiting_resource"": 1}}",3
5381.666667,01:29:41.667,manual_assembly,WIP_BELOW_TARGET,feed WIP 0 < target 2 -> feeder task (keep 'selective_soldering' fed),manual_assembly|inspection,transport_1,0,2,"{""buffer_de_entrada"": 0, ""manual_assembly(in process)"": 0, ""transport_1(in process)"": 0}","{""busy"": 1}",0,0,0,"{""manual_assembly"": {""waiting_resource"": 1}, ""selective_soldering"": {""busy"": 1}, ""inspection"": {""waiting_resource"": 1}}",3
5510.0,01:31:50.000,inspection,PROTECTED_BLOCKED,"'selective_soldering' is BLOCKED (output full) -> downstream task first to unblock it (feed WIP 1, target 2)",inspection|transport_1,manual_assembly,1,2,"{""buffer_de_entrada"": 0, ""manual_assembly(in process)"": 1, ""transport_1(in process)"": 0}","{""blocked"": 1}",0,0,0,"{""manual_assembly"": {""blocked"": 1}, ""selective_soldering"": {""blocked"": 1}, ""inspection"": {""waiting_resource"": 1}}",3
5582.5,01:33:02.500,transport_1,WIP_BELOW_TARGET,feed WIP 1 < target 2 -> feeder task (keep 'selective_soldering' fed),transport_1|inspection,inspection,1,2,"{""buffer_de_entrada"": 0, ""manual_assembly(in process)"": 1, ""transport_1(in process)"": 0}","{""starved"": 1}",0,1,0,"{""manual_assembly"": {""blocked"": 1}, ""selective_soldering"": {""starved"": 1}, ""inspection"": {""waiting_resource"": 1}}",3
5613.333333,01:33:33.333,manual_assembly,WIP_BELOW_TARGET,feed WIP 0 < target 2 -> feeder task (keep 'selective_soldering' fed),manual_assembly|inspection,transport_1,0,2,"{""buffer_de_entrada"": 0, ""manual_assembly(in process)"": 0, ""transport_1(in process)"": 0}","{""busy"": 1}",0,0,0,"{""manual_assembly"": {""waiting_resource"": 1}, ""selective_soldering"": {""busy"": 1}, ""inspection"": {""waiting_resource"": 1}}",3
5741.666667,01:35:41.667,inspection,PROTECTED_BLOCKED,"'selective_soldering' is BLOCKED (output full) -> downstream task first to unblock it (feed WIP 1, target 2)",inspection|transport_1,manual_assembly,1,2,"{""buffer_de_entrada"": 0, ""manual_assembly(in process)"": 1, ""transport_1(in process)"": 0}","{""blocked"": 1}",0,0,0,"{""manual_assembly"": {""blocked"": 1}, ""selective_soldering"": {""blocked"": 1}, ""inspection"": {""waiting_resource"": 1}}",3
5814.166667,01:36:54.167,transport_1,WIP_BELOW_TARGET,feed WIP 1 < target 2 -> feeder task (keep 'selective_soldering' fed),transport_1|inspection,inspection,1,2,"{""buffer_de_entrada"": 0, ""manual_assembly(in process)"": 1, ""transport_1(in process)"": 0}","{""starved"": 1}",0,1,0,"{""manual_assembly"": {""blocked"": 1}, ""selective_soldering"": {""starved"": 1}, ""inspection"": {""waiting_resource"": 1}}",3
5845.0,01:37:25.000,manual_assembly,WIP_BELOW_TARGET,feed WIP 0 < target 2 -> feeder task (keep 'selective_soldering' fed),manual_assembly|inspection,transport_1,0,2,"{""buffer_de_entrada"": 0, ""manual_assembly(in process)"": 0, ""transport_1(in process)"": 0}","{""busy"": 1}",0,0,0,"{""manual_assembly"": {""waiting_resource"": 1}, ""selective_soldering"": {""busy"": 1}, ""inspection"": {""waiting_resource"": 1}}",3
5973.333333,01:39:33.333,inspection,PROTECTED_BLOCKED,"'selective_soldering' is BLOCKED (output full) -> downstream task first to unblock it (feed WIP 1, target 2)",inspection|transport_1,manual_assembly,1,2,"{""buffer_de_entrada"": 0, ""manual_assembly(in process)"": 1, ""transport_1(in process)"": 0}","{""blocked"": 1}",0,0,0,"{""manual_assembly"": {""blocked"": 1}, ""selective_soldering"": {""blocked"": 1}, ""inspection"": {""waiting_resource"": 1}}",3
6045.833333,01:40:45.833,transport_1,WIP_BELOW_TARGET,feed WIP 1 < target 2 -> feeder task (keep 'selective_soldering' fed),transport_1|inspection,inspection,1,2,"{""buffer_de_entrada"": 0, ""manual_assembly(in process)"": 1, ""transport_1(in process)"": 0}","{""starved"": 1}",0,1,0,"{""manual_assembly"": {""blocked"": 1}, ""selective_soldering"": {""starved"": 1}, ""inspection"": {""waiting_resource"": 1}}",3
6076.666667,01:41:16.667,manual_assembly,WIP_BELOW_TARGET,feed WIP 0 < target 2 -> feeder task (keep 'selective_soldering' fed),manual_assembly|inspection,transport_1,0,2,"{""buffer_de_entrada"": 0, ""manual_assembly(in process)"": 0, ""transport_1(in process)"": 0}","{""busy"": 1}",0,0,0,"{""manual_assembly"": {""waiting_resource"": 1}, ""selective_soldering"": {""busy"": 1}, ""inspection"": {""waiting_resource"": 1}}",3
6205.0,01:43:25.000,inspection,PROTECTED_BLOCKED,"'selective_soldering' is BLOCKED (output full) -> downstream task first to unblock it (feed WIP 1, target 2)",inspection|transport_1,manual_assembly,1,2,"{""buffer_de_entrada"": 0, ""manual_assembly(in process)"": 1, ""transport_1(in process)"": 0}","{""blocked"": 1}",0,0,0,"{""manual_assembly"": {""blocked"": 1}, ""selective_soldering"": {""blocked"": 1}, ""inspection"": {""waiting_resource"": 1}}",3
6277.5,01:44:37.500,transport_1,WIP_BELOW_TARGET,feed WIP 1 < target 2 -> feeder task (keep 'selective_soldering' fed),transport_1|inspection,inspection,1,2,"{""buffer_de_entrada"": 0, ""manual_assembly(in process)"": 1, ""transport_1(in process)"": 0}","{""starved"": 1}",0,1,0,"{""manual_assembly"": {""blocked"": 1}, ""selective_soldering"": {""starved"": 1}, ""inspection"": {""waiting_resource"": 1}}",3
6308.333333,01:45:08.333,manual_assembly,WIP_BELOW_TARGET,feed WIP 0 < target 2 -> feeder task (keep 'selective_soldering' fed),manual_assembly|inspection,transport_1,0,2,"{""buffer_de_entrada"": 0, ""manual_assembly(in process)"": 0, ""transport_1(in process)"": 0}","{""busy"": 1}",0,0,0,"{""manual_assembly"": {""waiting_resource"": 1}, ""selective_soldering"": {""busy"": 1}, ""inspection"": {""waiting_resource"": 1}}",3
6436.666667,01:47:16.667,inspection,PROTECTED_BLOCKED,"'selective_soldering' is BLOCKED (output full) -> downstream task first to unblock it (feed WIP 1, target 2)",inspection|transport_1,manual_assembly,1,2,"{""buffer_de_entrada"": 0, ""manual_assembly(in process)"": 1, ""transport_1(in process)"": 0}","{""blocked"": 1}",0,0,0,"{""manual_assembly"": {""blocked"": 1}, ""selective_soldering"": {""blocked"": 1}, ""inspection"": {""waiting_resource"": 1}}",3
6509.166667,01:48:29.167,transport_1,WIP_BELOW_TARGET,feed WIP 1 < target 2 -> feeder task (keep 'selective_soldering' fed),transport_1|inspection,inspection,1,2,"{""buffer_de_entrada"": 0, ""manual_assembly(in process)"": 1, ""transport_1(in process)"": 0}","{""starved"": 1}",0,1,0,"{""manual_assembly"": {""blocked"": 1}, ""selective_soldering"": {""starved"": 1}, ""inspection"": {""waiting_resource"": 1}}",3
6540.0,01:48:60.000,manual_assembly,WIP_BELOW_TARGET,feed WIP 0 < target 2 -> feeder task (keep 'selective_soldering' fed),manual_assembly|inspection,transport_1,0,2,"{""buffer_de_entrada"": 0, ""manual_assembly(in process)"": 0, ""transport_1(in process)"": 0}","{""busy"": 1}",0,0,0,"{""manual_assembly"": {""waiting_resource"": 1}, ""selective_soldering"": {""busy"": 1}, ""inspection"": {""waiting_resource"": 1}}",3
6668.333333,01:51:08.333,inspection,PROTECTED_BLOCKED,"'selective_soldering' is BLOCKED (output full) -> downstream task first to unblock it (feed WIP 1, target 2)",inspection|transport_1,manual_assembly,1,2,"{""buffer_de_entrada"": 0, ""manual_assembly(in process)"": 1, ""transport_1(in process)"": 0}","{""blocked"": 1}",0,0,0,"{""manual_assembly"": {""blocked"": 1}, ""selective_soldering"": {""blocked"": 1}, ""inspection"": {""waiting_resource"": 1}}",3
6740.833333,01:52:20.833,transport_1,WIP_BELOW_TARGET,feed WIP 1 < target 2 -> feeder task (keep 'selective_soldering' fed),transport_1|inspection,inspection,1,2,"{""buffer_de_entrada"": 0, ""manual_assembly(in process)"": 1, ""transport_1(in process)"": 0}","{""starved"": 1}",0,1,0,"{""manual_assembly"": {""blocked"": 1}, ""selective_soldering"": {""starved"": 1}, ""inspection"": {""waiting_resource"": 1}}",3
6771.666667,01:52:51.667,manual_assembly,WIP_BELOW_TARGET,feed WIP 0 < target 2 -> feeder task (keep 'selective_soldering' fed),manual_assembly|inspection,transport_1,0,2,"{""buffer_de_entrada"": 0, ""manual_assembly(in process)"": 0, ""transport_1(in process)"": 0}","{""busy"": 1}",0,0,0,"{""manual_assembly"": {""waiting_resource"": 1}, ""selective_soldering"": {""busy"": 1}, ""inspection"": {""waiting_resource"": 1}}",3
6900.0,01:54:60.000,inspection,PROTECTED_BLOCKED,"'selective_soldering' is BLOCKED (output full) -> downstream task first to unblock it (feed WIP 1, target 2)",inspection|transport_1,manual_assembly,1,2,"{""buffer_de_entrada"": 0, ""manual_assembly(in process)"": 1, ""transport_1(in process)"": 0}","{""blocked"": 1}",0,0,0,"{""manual_assembly"": {""blocked"": 1}, ""selective_soldering"": {""blocked"": 1}, ""inspection"": {""waiting_resource"": 1}}",3
6972.5,01:56:12.500,transport_1,WIP_BELOW_TARGET,feed WIP 1 < target 2 -> feeder task (keep 'selective_soldering' fed),transport_1|inspection,inspection,1,2,"{""buffer_de_entrada"": 0, ""manual_assembly(in process)"": 1, ""transport_1(in process)"": 0}","{""starved"": 1}",0,1,0,"{""manual_assembly"": {""blocked"": 1}, ""selective_soldering"": {""starved"": 1}, ""inspection"": {""waiting_resource"": 1}}",3
7003.333333,01:56:43.333,manual_assembly,WIP_BELOW_TARGET,feed WIP 0 < target 2 -> feeder task (keep 'selective_soldering' fed),manual_assembly|inspection,transport_1,0,2,"{""buffer_de_entrada"": 0, ""manual_assembly(in process)"": 0, ""transport_1(in process)"": 0}","{""busy"": 1}",0,0,0,"{""manual_assembly"": {""waiting_resource"": 1}, ""selective_soldering"": {""busy"": 1}, ""inspection"": {""waiting_resource"": 1}}",3
7131.666667,01:58:51.667,inspection,PROTECTED_BLOCKED,"'selective_soldering' is BLOCKED (output full) -> downstream task first to unblock it (feed WIP 1, target 2)",inspection|transport_1,manual_assembly,1,2,"{""buffer_de_entrada"": 0, ""manual_assembly(in process)"": 1, ""transport_1(in process)"": 0}","{""blocked"": 1}",0,0,0,"{""manual_assembly"": {""blocked"": 1}, ""selective_soldering"": {""blocked"": 1}, ""inspection"": {""waiting_resource"": 1}}",3
7204.166667,02:00:04.167,transport_1,WIP_BELOW_TARGET,feed WIP 1 < target 2 -> feeder task (keep 'selective_soldering' fed),transport_1|inspection,inspection,1,2,"{""buffer_de_entrada"": 0, ""manual_assembly(in process)"": 1, ""transport_1(in process)"": 0}","{""starved"": 1}",0,1,0,"{""manual_assembly"": {""blocked"": 1}, ""selective_soldering"": {""starved"": 1}, ""inspection"": {""waiting_resource"": 1}}",3
7235.0,02:00:35.000,manual_assembly,WIP_BELOW_TARGET,feed WIP 0 < target 2 -> feeder task (keep 'selective_soldering' fed),manual_assembly|inspection,transport_1,0,2,"{""buffer_de_entrada"": 0, ""manual_assembly(in process)"": 0, ""transport_1(in process)"": 0}","{""busy"": 1}",0,0,0,"{""manual_assembly"": {""waiting_resource"": 1}, ""selective_soldering"": {""busy"": 1}, ""inspection"": {""waiting_resource"": 1}}",3
7363.333333,02:02:43.333,inspection,PROTECTED_BLOCKED,"'selective_soldering' is BLOCKED (output full) -> downstream task first to unblock it (feed WIP 1, target 2)",inspection|transport_1,manual_assembly,1,2,"{""buffer_de_entrada"": 0, ""manual_assembly(in process)"": 1, ""transport_1(in process)"": 0}","{""blocked"": 1}",0,0,0,"{""manual_assembly"": {""blocked"": 1}, ""selective_soldering"": {""blocked"": 1}, ""inspection"": {""waiting_resource"": 1}}",3
7435.833333,02:03:55.833,transport_1,WIP_BELOW_TARGET,feed WIP 1 < target 2 -> feeder task (keep 'selective_soldering' fed),transport_1|inspection,inspection,1,2,"{""buffer_de_entrada"": 0, ""manual_assembly(in process)"": 1, ""transport_1(in process)"": 0}","{""starved"": 1}",0,1,0,"{""manual_assembly"": {""blocked"": 1}, ""selective_soldering"": {""starved"": 1}, ""inspection"": {""waiting_resource"": 1}}",3
7466.666667,02:04:26.667,manual_assembly,WIP_BELOW_TARGET,feed WIP 0 < target 2 -> feeder task (keep 'selective_soldering' fed),manual_assembly|inspection,transport_1,0,2,"{""buffer_de_entrada"": 0, ""manual_assembly(in process)"": 0, ""transport_1(in process)"": 0}","{""busy"": 1}",0,0,0,"{""manual_assembly"": {""waiting_resource"": 1}, ""selective_soldering"": {""busy"": 1}, ""inspection"": {""waiting_resource"": 1}}",3
7595.0,02:06:35.000,inspection,PROTECTED_BLOCKED,"'selective_soldering' is BLOCKED (output full) -> downstream task first to unblock it (feed WIP 1, target 2)",inspection|transport_1,manual_assembly,1,2,"{""buffer_de_entrada"": 0, ""manual_assembly(in process)"": 1, ""transport_1(in process)"": 0}","{""blocked"": 1}",0,0,0,"{""manual_assembly"": {""blocked"": 1}, ""selective_soldering"": {""blocked"": 1}, ""inspection"": {""waiting_resource"": 1}}",3
7667.5,02:07:47.500,transport_1,WIP_BELOW_TARGET,feed WIP 1 < target 2 -> feeder task (keep 'selective_soldering' fed),transport_1|inspection,inspection,1,2,"{""buffer_de_entrada"": 0, ""manual_assembly(in process)"": 1, ""transport_1(in process)"": 0}","{""starved"": 1}",0,1,0,"{""manual_assembly"": {""blocked"": 1}, ""selective_soldering"": {""starved"": 1}, ""inspection"": {""waiting_resource"": 1}}",3
7698.333333,02:08:18.333,manual_assembly,WIP_BELOW_TARGET,feed WIP 0 < target 2 -> feeder task (keep 'selective_soldering' fed),manual_assembly|inspection,transport_1,0,2,"{""buffer_de_entrada"": 0, ""manual_assembly(in process)"": 0, ""transport_1(in process)"": 0}","{""busy"": 1}",0,0,0,"{""manual_assembly"": {""waiting_resource"": 1}, ""selective_soldering"": {""busy"": 1}, ""inspection"": {""waiting_resource"": 1}}",3
7826.666667,02:10:26.667,inspection,PROTECTED_BLOCKED,"'selective_soldering' is BLOCKED (output full) -> downstream task first to unblock it (feed WIP 1, target 2)",inspection|transport_1,manual_assembly,1,2,"{""buffer_de_entrada"": 0, ""manual_assembly(in process)"": 1, ""transport_1(in process)"": 0}","{""blocked"": 1}",0,0,0,"{""manual_assembly"": {""blocked"": 1}, ""selective_soldering"": {""blocked"": 1}, ""inspection"": {""waiting_resource"": 1}}",3
7899.166667,02:11:39.167,transport_1,WIP_BELOW_TARGET,feed WIP 1 < target 2 -> feeder task (keep 'selective_soldering' fed),transport_1|inspection,inspection,1,2,"{""buffer_de_entrada"": 0, ""manual_assembly(in process)"": 1, ""transport_1(in process)"": 0}","{""starved"": 1}",0,1,0,"{""manual_assembly"": {""blocked"": 1}, ""selective_soldering"": {""starved"": 1}, ""inspection"": {""waiting_resource"": 1}}",3
7930.0,02:12:10.000,manual_assembly,WIP_BELOW_TARGET,feed WIP 0 < target 2 -> feeder task (keep 'selective_soldering' fed),manual_assembly|inspection,transport_1,0,2,"{""buffer_de_entrada"": 0, ""manual_assembly(in process)"": 0, ""transport_1(in process)"": 0}","{""busy"": 1}",0,0,0,"{""manual_assembly"": {""waiting_resource"": 1}, ""selective_soldering"": {""busy"": 1}, ""inspection"": {""waiting_resource"": 1}}",3
8058.333333,02:14:18.333,inspection,PROTECTED_BLOCKED,"'selective_soldering' is BLOCKED (output full) -> downstream task first to unblock it (feed WIP 1, target 2)",inspection|transport_1,manual_assembly,1,2,"{""buffer_de_entrada"": 0, ""manual_assembly(in process)"": 1, ""transport_1(in process)"": 0}","{""blocked"": 1}",0,0,0,"{""manual_assembly"": {""blocked"": 1}, ""selective_soldering"": {""blocked"": 1}, ""inspection"": {""waiting_resource"": 1}}",3
8130.833333,02:15:30.833,transport_1,WIP_BELOW_TARGET,feed WIP 1 < target 2 -> feeder task (keep 'selective_soldering' fed),transport_1|inspection,inspection,1,2,"{""buffer_de_entrada"": 0, ""manual_assembly(in process)"": 1, ""transport_1(in process)"": 0}","{""starved"": 1}",0,1,0,"{""manual_assembly"": {""blocked"": 1}, ""selective_soldering"": {""starved"": 1}, ""inspection"": {""waiting_resource"": 1}}",3
8161.666667,02:16:01.667,manual_assembly,WIP_BELOW_TARGET,feed WIP 0 < target 2 -> feeder task (keep 'selective_soldering' fed),manual_assembly|inspection,transport_1,0,2,"{""buffer_de_entrada"": 0, ""manual_assembly(in process)"": 0, ""transport_1(in process)"": 0}","{""busy"": 1}",0,0,0,"{""manual_assembly"": {""waiting_resource"": 1}, ""selective_soldering"": {""busy"": 1}, ""inspection"": {""waiting_resource"": 1}}",3
8290.0,02:18:10.000,inspection,PROTECTED_BLOCKED,"'selective_soldering' is BLOCKED (output full) -> downstream task first to unblock it (feed WIP 1, target 2)",inspection|transport_1,manual_assembly,1,2,"{""buffer_de_entrada"": 0, ""manual_assembly(in process)"": 1, ""transport_1(in process)"": 0}","{""blocked"": 1}",0,0,0,"{""manual_assembly"": {""blocked"": 1}, ""selective_soldering"": {""blocked"": 1}, ""inspection"": {""waiting_resource"": 1}}",3
8362.5,02:19:22.500,transport_1,WIP_BELOW_TARGET,feed WIP 1 < target 2 -> feeder task (keep 'selective_soldering' fed),transport_1|inspection,inspection,1,2,"{""buffer_de_entrada"": 0, ""manual_assembly(in process)"": 1, ""transport_1(in process)"": 0}","{""starved"": 1}",0,1,0,"{""manual_assembly"": {""blocked"": 1}, ""selective_soldering"": {""starved"": 1}, ""inspection"": {""waiting_resource"": 1}}",3
8393.333333,02:19:53.333,manual_assembly,WIP_BELOW_TARGET,feed WIP 0 < target 2 -> feeder task (keep 'selective_soldering' fed),manual_assembly|inspection,transport_1,0,2,"{""buffer_de_entrada"": 0, ""manual_assembly(in process)"": 0, ""transport_1(in process)"": 0}","{""busy"": 1}",0,0,0,"{""manual_assembly"": {""waiting_resource"": 1}, ""selective_soldering"": {""busy"": 1}, ""inspection"": {""waiting_resource"": 1}}",3
8521.666667,02:22:01.667,inspection,PROTECTED_BLOCKED,"'selective_soldering' is BLOCKED (output full) -> downstream task first to unblock it (feed WIP 1, target 2)",inspection|transport_1,manual_assembly,1,2,"{""buffer_de_entrada"": 0, ""manual_assembly(in process)"": 1, ""transport_1(in process)"": 0}","{""blocked"": 1}",0,0,0,"{""manual_assembly"": {""blocked"": 1}, ""selective_soldering"": {""blocked"": 1}, ""inspection"": {""waiting_resource"": 1}}",3
8594.166667,02:23:14.167,transport_1,WIP_BELOW_TARGET,feed WIP 1 < target 2 -> feeder task (keep 'selective_soldering' fed),transport_1|inspection,inspection,1,2,"{""buffer_de_entrada"": 0, ""manual_assembly(in process)"": 1, ""transport_1(in process)"": 0}","{""starved"": 1}",0,1,0,"{""manual_assembly"": {""blocked"": 1}, ""selective_soldering"": {""starved"": 1}, ""inspection"": {""waiting_resource"": 1}}",3
8625.0,02:23:45.000,manual_assembly,WIP_BELOW_TARGET,feed WIP 0 < target 2 -> feeder task (keep 'selective_soldering' fed),manual_assembly|inspection,transport_1,0,2,"{""buffer_de_entrada"": 0, ""manual_assembly(in process)"": 0, ""transport_1(in process)"": 0}","{""busy"": 1}",0,0,0,"{""manual_assembly"": {""waiting_resource"": 1}, ""selective_soldering"": {""busy"": 1}, ""inspection"": {""waiting_resource"": 1}}",3
8753.333333,02:25:53.333,inspection,PROTECTED_BLOCKED,"'selective_soldering' is BLOCKED (output full) -> downstream task first to unblock it (feed WIP 1, target 2)",inspection|transport_1,manual_assembly,1,2,"{""buffer_de_entrada"": 0, ""manual_assembly(in process)"": 1, ""transport_1(in process)"": 0}","{""blocked"": 1}",0,0,0,"{""manual_assembly"": {""blocked"": 1}, ""selective_soldering"": {""blocked"": 1}, ""inspection"": {""waiting_resource"": 1}}",3
8825.833333,02:27:05.833,transport_1,WIP_BELOW_TARGET,feed WIP 1 < target 2 -> feeder task (keep 'selective_soldering' fed),transport_1|inspection,inspection,1,2,"{""buffer_de_entrada"": 0, ""manual_assembly(in process)"": 1, ""transport_1(in process)"": 0}","{""starved"": 1}",0,1,0,"{""manual_assembly"": {""blocked"": 1}, ""selective_soldering"": {""starved"": 1}, ""inspection"": {""waiting_resource"": 1}}",3
8856.666667,02:27:36.667,manual_assembly,WIP_BELOW_TARGET,feed WIP 0 < target 2 -> feeder task (keep 'selective_soldering' fed),manual_assembly|inspection,transport_1,0,2,"{""buffer_de_entrada"": 0, ""manual_assembly(in process)"": 0, ""transport_1(in process)"": 0}","{""busy"": 1}",0,0,0,"{""manual_assembly"": {""waiting_resource"": 1}, ""selective_soldering"": {""busy"": 1}, ""inspection"": {""waiting_resource"": 1}}",3
8985.0,02:29:45.000,inspection,PROTECTED_BLOCKED,"'selective_soldering' is BLOCKED (output full) -> downstream task first to unblock it (feed WIP 1, target 2)",inspection|transport_1,manual_assembly,1,2,"{""buffer_de_entrada"": 0, ""manual_assembly(in process)"": 1, ""transport_1(in process)"": 0}","{""blocked"": 1}",0,0,0,"{""manual_assembly"": {""blocked"": 1}, ""selective_soldering"": {""blocked"": 1}, ""inspection"": {""waiting_resource"": 1}}",3
9057.5,02:30:57.500,transport_1,WIP_BELOW_TARGET,feed WIP 1 < target 2 -> feeder task (keep 'selective_soldering' fed),transport_1|inspection,inspection,1,2,"{""buffer_de_entrada"": 0, ""manual_assembly(in process)"": 1, ""transport_1(in process)"": 0}","{""starved"": 1}",0,1,0,"{""manual_assembly"": {""blocked"": 1}, ""selective_soldering"": {""starved"": 1}, ""inspection"": {""waiting_resource"": 1}}",3
9088.333333,02:31:28.333,manual_assembly,WIP_BELOW_TARGET,feed WIP 0 < target 2 -> feeder task (keep 'selective_soldering' fed),manual_assembly|inspection,transport_1,0,2,"{""buffer_de_entrada"": 0, ""manual_assembly(in process)"": 0, ""transport_1(in process)"": 0}","{""busy"": 1}",0,0,0,"{""manual_assembly"": {""waiting_resource"": 1}, ""selective_soldering"": {""busy"": 1}, ""inspection"": {""waiting_resource"": 1}}",3
9216.666667,02:33:36.667,inspection,PROTECTED_BLOCKED,"'selective_soldering' is BLOCKED (output full) -> downstream task first to unblock it (feed WIP 1, target 2)",inspection|transport_1,manual_assembly,1,2,"{""buffer_de_entrada"": 0, ""manual_assembly(in process)"": 1, ""transport_1(in process)"": 0}","{""blocked"": 1}",0,0,0,"{""manual_assembly"": {""blocked"": 1}, ""selective_soldering"": {""blocked"": 1}, ""inspection"": {""waiting_resource"": 1}}",3
9289.166667,02:34:49.167,transport_1,WIP_BELOW_TARGET,feed WIP 1 < target 2 -> feeder task (keep 'selective_soldering' fed),transport_1|inspection,inspection,1,2,"{""buffer_de_entrada"": 0, ""manual_assembly(in process)"": 1, ""transport_1(in process)"": 0}","{""starved"": 1}",0,1,0,"{""manual_assembly"": {""blocked"": 1}, ""selective_soldering"": {""starved"": 1}, ""inspection"": {""waiting_resource"": 1}}",3
9320.0,02:35:20.000,manual_assembly,WIP_BELOW_TARGET,feed WIP 0 < target 2 -> feeder task (keep 'selective_soldering' fed),manual_assembly|inspection,transport_1,0,2,"{""buffer_de_entrada"": 0, ""manual_assembly(in process)"": 0, ""transport_1(in process)"": 0}","{""busy"": 1}",0,0,0,"{""manual_assembly"": {""waiting_resource"": 1}, ""selective_soldering"": {""busy"": 1}, ""inspection"": {""waiting_resource"": 1}}",3
9448.333333,02:37:28.333,inspection,PROTECTED_BLOCKED,"'selective_soldering' is BLOCKED (output full) -> downstream task first to unblock it (feed WIP 1, target 2)",inspection|transport_1,manual_assembly,1,2,"{""buffer_de_entrada"": 0, ""manual_assembly(in process)"": 1, ""transport_1(in process)"": 0}","{""blocked"": 1}",0,0,0,"{""manual_assembly"": {""blocked"": 1}, ""selective_soldering"": {""blocked"": 1}, ""inspection"": {""waiting_resource"": 1}}",3
9520.833333,02:38:40.833,transport_1,WIP_BELOW_TARGET,feed WIP 1 < target 2 -> feeder task (keep 'selective_soldering' fed),transport_1|inspection,inspection,1,2,"{""buffer_de_entrada"": 0, ""manual_assembly(in process)"": 1, ""transport_1(in process)"": 0}","{""starved"": 1}",0,1,0,"{""manual_assembly"": {""blocked"": 1}, ""selective_soldering"": {""starved"": 1}, ""inspection"": {""waiting_resource"": 1}}",3
9551.666667,02:39:11.667,manual_assembly,WIP_BELOW_TARGET,feed WIP 0 < target 2 -> feeder task (keep 'selective_soldering' fed),manual_assembly|inspection,transport_1,0,2,"{""buffer_de_entrada"": 0, ""manual_assembly(in process)"": 0, ""transport_1(in process)"": 0}","{""busy"": 1}",0,0,0,"{""manual_assembly"": {""waiting_resource"": 1}, ""selective_soldering"": {""busy"": 1}, ""inspection"": {""waiting_resource"": 1}}",3
9680.0,02:41:20.000,inspection,PROTECTED_BLOCKED,"'selective_soldering' is BLOCKED (output full) -> downstream task first to unblock it (feed WIP 1, target 2)",inspection|transport_1,manual_assembly,1,2,"{""buffer_de_entrada"": 0, ""manual_assembly(in process)"": 1, ""transport_1(in process)"": 0}","{""blocked"": 1}",0,0,0,"{""manual_assembly"": {""blocked"": 1}, ""selective_soldering"": {""blocked"": 1}, ""inspection"": {""waiting_resource"": 1}}",3
9752.5,02:42:32.500,transport_1,WIP_BELOW_TARGET,feed WIP 1 < target 2 -> feeder task (keep 'selective_soldering' fed),transport_1|inspection,inspection,1,2,"{""buffer_de_entrada"": 0, ""manual_assembly(in process)"": 1, ""transport_1(in process)"": 0}","{""starved"": 1}",0,1,0,"{""manual_assembly"": {""blocked"": 1}, ""selective_soldering"": {""starved"": 1}, ""inspection"": {""waiting_resource"": 1}}",3
9783.333333,02:43:03.333,manual_assembly,WIP_BELOW_TARGET,feed WIP 0 < target 2 -> feeder task (keep 'selective_soldering' fed),manual_assembly|inspection,transport_1,0,2,"{""buffer_de_entrada"": 0, ""manual_assembly(in process)"": 0, ""transport_1(in process)"": 0}","{""busy"": 1}",0,0,0,"{""manual_assembly"": {""waiting_resource"": 1}, ""selective_soldering"": {""busy"": 1}, ""inspection"": {""waiting_resource"": 1}}",3
9911.666667,02:45:11.667,inspection,PROTECTED_BLOCKED,"'selective_soldering' is BLOCKED (output full) -> downstream task first to unblock it (feed WIP 1, target 2)",inspection|transport_1,manual_assembly,1,2,"{""buffer_de_entrada"": 0, ""manual_assembly(in process)"": 1, ""transport_1(in process)"": 0}","{""blocked"": 1}",0,0,0,"{""manual_assembly"": {""blocked"": 1}, ""selective_soldering"": {""blocked"": 1}, ""inspection"": {""waiting_resource"": 1}}",3
9984.166667,02:46:24.167,transport_1,WIP_BELOW_TARGET,feed WIP 1 < target 2 -> feeder task (keep 'selective_soldering' fed),transport_1|inspection,inspection,1,2,"{""buffer_de_entrada"": 0, ""manual_assembly(in process)"": 1, ""transport_1(in process)"": 0}","{""starved"": 1}",0,1,0,"{""manual_assembly"": {""blocked"": 1}, ""selective_soldering"": {""starved"": 1}, ""inspection"": {""waiting_resource"": 1}}",3
10015.0,02:46:55.000,manual_assembly,WIP_BELOW_TARGET,feed WIP 0 < target 2 -> feeder task (keep 'selective_soldering' fed),manual_assembly|inspection,transport_1,0,2,"{""buffer_de_entrada"": 0, ""manual_assembly(in process)"": 0, ""transport_1(in process)"": 0}","{""busy"": 1}",0,0,0,"{""manual_assembly"": {""waiting_resource"": 1}, ""selective_soldering"": {""busy"": 1}, ""inspection"": {""waiting_resource"": 1}}",3
10143.333333,02:49:03.333,inspection,PROTECTED_BLOCKED,"'selective_soldering' is BLOCKED (output full) -> downstream task first to unblock it (feed WIP 1, target 2)",inspection|transport_1,manual_assembly,1,2,"{""buffer_de_entrada"": 0, ""manual_assembly(in process)"": 1, ""transport_1(in process)"": 0}","{""blocked"": 1}",0,0,0,"{""manual_assembly"": {""blocked"": 1}, ""selective_soldering"": {""blocked"": 1}, ""inspection"": {""waiting_resource"": 1}}",3
10215.833333,02:50:15.833,transport_1,WIP_BELOW_TARGET,feed WIP 1 < target 2 -> feeder task (keep 'selective_soldering' fed),transport_1|inspection,inspection,1,2,"{""buffer_de_entrada"": 0, ""manual_assembly(in process)"": 1, ""transport_1(in process)"": 0}","{""starved"": 1}",0,1,0,"{""manual_assembly"": {""blocked"": 1}, ""selective_soldering"": {""starved"": 1}, ""inspection"": {""waiting_resource"": 1}}",3
10246.666667,02:50:46.667,manual_assembly,WIP_BELOW_TARGET,feed WIP 0 < target 2 -> feeder task (keep 'selective_soldering' fed),manual_assembly|inspection,transport_1,0,2,"{""buffer_de_entrada"": 0, ""manual_assembly(in process)"": 0, ""transport_1(in process)"": 0}","{""busy"": 1}",0,0,0,"{""manual_assembly"": {""waiting_resource"": 1}, ""selective_soldering"": {""busy"": 1}, ""inspection"": {""waiting_resource"": 1}}",3
10375.0,02:52:55.000,inspection,PROTECTED_BLOCKED,"'selective_soldering' is BLOCKED (output full) -> downstream task first to unblock it (feed WIP 1, target 2)",inspection|transport_1,manual_assembly,1,2,"{""buffer_de_entrada"": 0, ""manual_assembly(in process)"": 1, ""transport_1(in process)"": 0}","{""blocked"": 1}",0,0,0,"{""manual_assembly"": {""blocked"": 1}, ""selective_soldering"": {""blocked"": 1}, ""inspection"": {""waiting_resource"": 1}}",3
10447.5,02:54:07.500,transport_1,WIP_BELOW_TARGET,feed WIP 1 < target 2 -> feeder task (keep 'selective_soldering' fed),transport_1|inspection,inspection,1,2,"{""buffer_de_entrada"": 0, ""manual_assembly(in process)"": 1, ""transport_1(in process)"": 0}","{""starved"": 1}",0,1,0,"{""manual_assembly"": {""blocked"": 1}, ""selective_soldering"": {""starved"": 1}, ""inspection"": {""waiting_resource"": 1}}",3
10478.333333,02:54:38.333,manual_assembly,WIP_BELOW_TARGET,feed WIP 0 < target 2 -> feeder task (keep 'selective_soldering' fed),manual_assembly|inspection,transport_1,0,2,"{""buffer_de_entrada"": 0, ""manual_assembly(in process)"": 0, ""transport_1(in process)"": 0}","{""busy"": 1}",0,0,0,"{""manual_assembly"": {""waiting_resource"": 1}, ""selective_soldering"": {""busy"": 1}, ""inspection"": {""waiting_resource"": 1}}",3
10606.666667,02:56:46.667,inspection,PROTECTED_BLOCKED,"'selective_soldering' is BLOCKED (output full) -> downstream task first to unblock it (feed WIP 1, target 2)",inspection|transport_1,manual_assembly,1,2,"{""buffer_de_entrada"": 0, ""manual_assembly(in process)"": 1, ""transport_1(in process)"": 0}","{""blocked"": 1}",0,0,0,"{""manual_assembly"": {""blocked"": 1}, ""selective_soldering"": {""blocked"": 1}, ""inspection"": {""waiting_resource"": 1}}",3
10679.166667,02:57:59.167,transport_1,WIP_BELOW_TARGET,feed WIP 1 < target 2 -> feeder task (keep 'selective_soldering' fed),transport_1|inspection,inspection,1,2,"{""buffer_de_entrada"": 0, ""manual_assembly(in process)"": 1, ""transport_1(in process)"": 0}","{""starved"": 1}",0,1,0,"{""manual_assembly"": {""blocked"": 1}, ""selective_soldering"": {""starved"": 1}, ""inspection"": {""waiting_resource"": 1}}",3
10710.0,02:58:30.000,manual_assembly,WIP_BELOW_TARGET,feed WIP 0 < target 2 -> feeder task (keep 'selective_soldering' fed),manual_assembly|inspection,transport_1,0,2,"{""buffer_de_entrada"": 0, ""manual_assembly(in process)"": 0, ""transport_1(in process)"": 0}","{""busy"": 1}",0,0,0,"{""manual_assembly"": {""waiting_resource"": 1}, ""selective_soldering"": {""busy"": 1}, ""inspection"": {""waiting_resource"": 1}}",3
10838.333333,03:00:38.333,inspection,PROTECTED_BLOCKED,"'selective_soldering' is BLOCKED (output full) -> downstream task first to unblock it (feed WIP 1, target 2)",inspection|transport_1,manual_assembly,1,2,"{""buffer_de_entrada"": 0, ""manual_assembly(in process)"": 1, ""transport_1(in process)"": 0}","{""blocked"": 1}",0,0,0,"{""manual_assembly"": {""blocked"": 1}, ""selective_soldering"": {""blocked"": 1}, ""inspection"": {""waiting_resource"": 1}}",3
10910.833333,03:01:50.833,transport_1,WIP_BELOW_TARGET,feed WIP 1 < target 2 -> feeder task (keep 'selective_soldering' fed),transport_1|inspection,inspection,1,2,"{""buffer_de_entrada"": 0, ""manual_assembly(in process)"": 1, ""transport_1(in process)"": 0}","{""starved"": 1}",0,1,0,"{""manual_assembly"": {""blocked"": 1}, ""selective_soldering"": {""starved"": 1}, ""inspection"": {""waiting_resource"": 1}}",3
10941.666667,03:02:21.667,manual_assembly,WIP_BELOW_TARGET,feed WIP 0 < target 2 -> feeder task (keep 'selective_soldering' fed),manual_assembly|inspection,transport_1,0,2,"{""buffer_de_entrada"": 0, ""manual_assembly(in process)"": 0, ""transport_1(in process)"": 0}","{""busy"": 1}",0,0,0,"{""manual_assembly"": {""waiting_resource"": 1}, ""selective_soldering"": {""busy"": 1}, ""inspection"": {""waiting_resource"": 1}}",3
11070.0,03:04:30.000,inspection,PROTECTED_BLOCKED,"'selective_soldering' is BLOCKED (output full) -> downstream task first to unblock it (feed WIP 1, target 2)",inspection|transport_1,manual_assembly,1,2,"{""buffer_de_entrada"": 0, ""manual_assembly(in process)"": 1, ""transport_1(in process)"": 0}","{""blocked"": 1}",0,0,0,"{""manual_assembly"": {""blocked"": 1}, ""selective_soldering"": {""blocked"": 1}, ""inspection"": {""waiting_resource"": 1}}",3
11142.5,03:05:42.500,transport_1,WIP_BELOW_TARGET,feed WIP 1 < target 2 -> feeder task (keep 'selective_soldering' fed),transport_1|inspection,inspection,1,2,"{""buffer_de_entrada"": 0, ""manual_assembly(in process)"": 1, ""transport_1(in process)"": 0}","{""starved"": 1}",0,1,0,"{""manual_assembly"": {""blocked"": 1}, ""selective_soldering"": {""starved"": 1}, ""inspection"": {""waiting_resource"": 1}}",3
11173.333333,03:06:13.333,manual_assembly,WIP_BELOW_TARGET,feed WIP 0 < target 2 -> feeder task (keep 'selective_soldering' fed),manual_assembly|inspection,transport_1,0,2,"{""buffer_de_entrada"": 0, ""manual_assembly(in process)"": 0, ""transport_1(in process)"": 0}","{""busy"": 1}",0,0,0,"{""manual_assembly"": {""waiting_resource"": 1}, ""selective_soldering"": {""busy"": 1}, ""inspection"": {""waiting_resource"": 1}}",3
11301.666667,03:08:21.667,inspection,PROTECTED_BLOCKED,"'selective_soldering' is BLOCKED (output full) -> downstream task first to unblock it (feed WIP 1, target 2)",inspection|transport_1,manual_assembly,1,2,"{""buffer_de_entrada"": 0, ""manual_assembly(in process)"": 1, ""transport_1(in process)"": 0}","{""blocked"": 1}",0,0,0,"{""manual_assembly"": {""blocked"": 1}, ""selective_soldering"": {""blocked"": 1}, ""inspection"": {""waiting_resource"": 1}}",3
11374.166667,03:09:34.167,transport_1,WIP_BELOW_TARGET,feed WIP 1 < target 2 -> feeder task (keep 'selective_soldering' fed),transport_1|inspection,inspection,1,2,"{""buffer_de_entrada"": 0, ""manual_assembly(in process)"": 1, ""transport_1(in process)"": 0}","{""starved"": 1}",0,1,0,"{""manual_assembly"": {""blocked"": 1}, ""selective_soldering"": {""starved"": 1}, ""inspection"": {""waiting_resource"": 1}}",3
11405.0,03:10:05.000,manual_assembly,WIP_BELOW_TARGET,feed WIP 0 < target 2 -> feeder task (keep 'selective_soldering' fed),manual_assembly|inspection,transport_1,0,2,"{""buffer_de_entrada"": 0, ""manual_assembly(in process)"": 0, ""transport_1(in process)"": 0}","{""busy"": 1}",0,0,0,"{""manual_assembly"": {""waiting_resource"": 1}, ""selective_soldering"": {""busy"": 1}, ""inspection"": {""waiting_resource"": 1}}",3
11533.333333,03:12:13.333,inspection,PROTECTED_BLOCKED,"'selective_soldering' is BLOCKED (output full) -> downstream task first to unblock it (feed WIP 1, target 2)",inspection|transport_1,manual_assembly,1,2,"{""buffer_de_entrada"": 0, ""manual_assembly(in process)"": 1, ""transport_1(in process)"": 0}","{""blocked"": 1}",0,0,0,"{""manual_assembly"": {""blocked"": 1}, ""selective_soldering"": {""blocked"": 1}, ""inspection"": {""waiting_resource"": 1}}",3
11605.833333,03:13:25.833,transport_1,WIP_BELOW_TARGET,feed WIP 1 < target 2 -> feeder task (keep 'selective_soldering' fed),transport_1|inspection,inspection,1,2,"{""buffer_de_entrada"": 0, ""manual_assembly(in process)"": 1, ""transport_1(in process)"": 0}","{""starved"": 1}",0,1,0,"{""manual_assembly"": {""blocked"": 1}, ""selective_soldering"": {""starved"": 1}, ""inspection"": {""waiting_resource"": 1}}",3
11636.666667,03:13:56.667,manual_assembly,WIP_BELOW_TARGET,feed WIP 0 < target 2 -> feeder task (keep 'selective_soldering' fed),manual_assembly|inspection,transport_1,0,2,"{""buffer_de_entrada"": 0, ""manual_assembly(in process)"": 0, ""transport_1(in process)"": 0}","{""busy"": 1}",0,0,0,"{""manual_assembly"": {""waiting_resource"": 1}, ""selective_soldering"": {""busy"": 1}, ""inspection"": {""waiting_resource"": 1}}",3
11765.0,03:16:05.000,inspection,PROTECTED_BLOCKED,"'selective_soldering' is BLOCKED (output full) -> downstream task first to unblock it (feed WIP 1, target 2)",inspection|transport_1,manual_assembly,1,2,"{""buffer_de_entrada"": 0, ""manual_assembly(in process)"": 1, ""transport_1(in process)"": 0}","{""blocked"": 1}",0,0,0,"{""manual_assembly"": {""blocked"": 1}, ""selective_soldering"": {""blocked"": 1}, ""inspection"": {""waiting_resource"": 1}}",3
11837.5,03:17:17.500,transport_1,WIP_BELOW_TARGET,feed WIP 1 < target 2 -> feeder task (keep 'selective_soldering' fed),transport_1|inspection,inspection,1,2,"{""buffer_de_entrada"": 0, ""manual_assembly(in process)"": 1, ""transport_1(in process)"": 0}","{""starved"": 1}",0,1,0,"{""manual_assembly"": {""blocked"": 1}, ""selective_soldering"": {""starved"": 1}, ""inspection"": {""waiting_resource"": 1}}",3
11868.333333,03:17:48.333,manual_assembly,WIP_BELOW_TARGET,feed WIP 0 < target 2 -> feeder task (keep 'selective_soldering' fed),manual_assembly|inspection,transport_1,0,2,"{""buffer_de_entrada"": 0, ""manual_assembly(in process)"": 0, ""transport_1(in process)"": 0}","{""busy"": 1}",0,0,0,"{""manual_assembly"": {""waiting_resource"": 1}, ""selective_soldering"": {""busy"": 1}, ""inspection"": {""waiting_resource"": 1}}",3
11996.666667,03:19:56.667,inspection,PROTECTED_BLOCKED,"'selective_soldering' is BLOCKED (output full) -> downstream task first to unblock it (feed WIP 1, target 2)",inspection|transport_1,manual_assembly,1,2,"{""buffer_de_entrada"": 0, ""manual_assembly(in process)"": 1, ""transport_1(in process)"": 0}","{""blocked"": 1}",0,0,0,"{""manual_assembly"": {""blocked"": 1}, ""selective_soldering"": {""blocked"": 1}, ""inspection"": {""waiting_resource"": 1}}",3
12069.166667,03:21:09.167,transport_1,WIP_BELOW_TARGET,feed WIP 1 < target 2 -> feeder task (keep 'selective_soldering' fed),transport_1|inspection,inspection,1,2,"{""buffer_de_entrada"": 0, ""manual_assembly(in process)"": 1, ""transport_1(in process)"": 0}","{""starved"": 1}",0,1,0,"{""manual_assembly"": {""blocked"": 1}, ""selective_soldering"": {""starved"": 1}, ""inspection"": {""waiting_resource"": 1}}",3
12100.0,03:21:40.000,manual_assembly,WIP_BELOW_TARGET,feed WIP 0 < target 2 -> feeder task (keep 'selective_soldering' fed),manual_assembly|inspection,transport_1,0,2,"{""buffer_de_entrada"": 0, ""manual_assembly(in process)"": 0, ""transport_1(in process)"": 0}","{""busy"": 1}",0,0,0,"{""manual_assembly"": {""waiting_resource"": 1}, ""selective_soldering"": {""busy"": 1}, ""inspection"": {""waiting_resource"": 1}}",3
12228.333333,03:23:48.333,inspection,PROTECTED_BLOCKED,"'selective_soldering' is BLOCKED (output full) -> downstream task first to unblock it (feed WIP 1, target 2)",inspection|transport_1,manual_assembly,1,2,"{""buffer_de_entrada"": 0, ""manual_assembly(in process)"": 1, ""transport_1(in process)"": 0}","{""blocked"": 1}",0,0,0,"{""manual_assembly"": {""blocked"": 1}, ""selective_soldering"": {""blocked"": 1}, ""inspection"": {""waiting_resource"": 1}}",3
12300.833333,03:25:00.833,transport_1,WIP_BELOW_TARGET,feed WIP 1 < target 2 -> feeder task (keep 'selective_soldering' fed),transport_1|inspection,inspection,1,2,"{""buffer_de_entrada"": 0, ""manual_assembly(in process)"": 1, ""transport_1(in process)"": 0}","{""starved"": 1}",0,1,0,"{""manual_assembly"": {""blocked"": 1}, ""selective_soldering"": {""starved"": 1}, ""inspection"": {""waiting_resource"": 1}}",3
12331.666667,03:25:31.667,manual_assembly,WIP_BELOW_TARGET,feed WIP 0 < target 2 -> feeder task (keep 'selective_soldering' fed),manual_assembly|inspection,transport_1,0,2,"{""buffer_de_entrada"": 0, ""manual_assembly(in process)"": 0, ""transport_1(in process)"": 0}","{""busy"": 1}",0,0,0,"{""manual_assembly"": {""waiting_resource"": 1}, ""selective_soldering"": {""busy"": 1}, ""inspection"": {""waiting_resource"": 1}}",3
12460.0,03:27:40.000,inspection,PROTECTED_BLOCKED,"'selective_soldering' is BLOCKED (output full) -> downstream task first to unblock it (feed WIP 1, target 2)",inspection|transport_1,manual_assembly,1,2,"{""buffer_de_entrada"": 0, ""manual_assembly(in process)"": 1, ""transport_1(in process)"": 0}","{""blocked"": 1}",0,0,0,"{""manual_assembly"": {""blocked"": 1}, ""selective_soldering"": {""blocked"": 1}, ""inspection"": {""waiting_resource"": 1}}",3
12532.5,03:28:52.500,transport_1,WIP_BELOW_TARGET,feed WIP 1 < target 2 -> feeder task (keep 'selective_soldering' fed),transport_1|inspection,inspection,1,2,"{""buffer_de_entrada"": 0, ""manual_assembly(in process)"": 1, ""transport_1(in process)"": 0}","{""starved"": 1}",0,1,0,"{""manual_assembly"": {""blocked"": 1}, ""selective_soldering"": {""starved"": 1}, ""inspection"": {""waiting_resource"": 1}}",3
12563.333333,03:29:23.333,manual_assembly,WIP_BELOW_TARGET,feed WIP 0 < target 2 -> feeder task (keep 'selective_soldering' fed),manual_assembly|inspection,transport_1,0,2,"{""buffer_de_entrada"": 0, ""manual_assembly(in process)"": 0, ""transport_1(in process)"": 0}","{""busy"": 1}",0,0,0,"{""manual_assembly"": {""waiting_resource"": 1}, ""selective_soldering"": {""busy"": 1}, ""inspection"": {""waiting_resource"": 1}}",3
12691.666667,03:31:31.667,inspection,PROTECTED_BLOCKED,"'selective_soldering' is BLOCKED (output full) -> downstream task first to unblock it (feed WIP 1, target 2)",inspection|transport_1,manual_assembly,1,2,"{""buffer_de_entrada"": 0, ""manual_assembly(in process)"": 1, ""transport_1(in process)"": 0}","{""blocked"": 1}",0,0,0,"{""manual_assembly"": {""blocked"": 1}, ""selective_soldering"": {""blocked"": 1}, ""inspection"": {""waiting_resource"": 1}}",3
12764.166667,03:32:44.167,transport_1,WIP_BELOW_TARGET,feed WIP 1 < target 2 -> feeder task (keep 'selective_soldering' fed),transport_1|inspection,inspection,1,2,"{""buffer_de_entrada"": 0, ""manual_assembly(in process)"": 1, ""transport_1(in process)"": 0}","{""starved"": 1}",0,1,0,"{""manual_assembly"": {""blocked"": 1}, ""selective_soldering"": {""starved"": 1}, ""inspection"": {""waiting_resource"": 1}}",3
12795.0,03:33:15.000,manual_assembly,WIP_BELOW_TARGET,feed WIP 0 < target 2 -> feeder task (keep 'selective_soldering' fed),manual_assembly|inspection,transport_1,0,2,"{""buffer_de_entrada"": 0, ""manual_assembly(in process)"": 0, ""transport_1(in process)"": 0}","{""busy"": 1}",0,0,0,"{""manual_assembly"": {""waiting_resource"": 1}, ""selective_soldering"": {""busy"": 1}, ""inspection"": {""waiting_resource"": 1}}",3
12923.333333,03:35:23.333,inspection,PROTECTED_BLOCKED,"'selective_soldering' is BLOCKED (output full) -> downstream task first to unblock it (feed WIP 1, target 2)",inspection|transport_1,manual_assembly,1,2,"{""buffer_de_entrada"": 0, ""manual_assembly(in process)"": 1, ""transport_1(in process)"": 0}","{""blocked"": 1}",0,0,0,"{""manual_assembly"": {""blocked"": 1}, ""selective_soldering"": {""blocked"": 1}, ""inspection"": {""waiting_resource"": 1}}",3
12995.833333,03:36:35.833,transport_1,WIP_BELOW_TARGET,feed WIP 1 < target 2 -> feeder task (keep 'selective_soldering' fed),transport_1|inspection,inspection,1,2,"{""buffer_de_entrada"": 0, ""manual_assembly(in process)"": 1, ""transport_1(in process)"": 0}","{""starved"": 1}",0,1,0,"{""manual_assembly"": {""blocked"": 1}, ""selective_soldering"": {""starved"": 1}, ""inspection"": {""waiting_resource"": 1}}",3
13026.666667,03:37:06.667,manual_assembly,WIP_BELOW_TARGET,feed WIP 0 < target 2 -> feeder task (keep 'selective_soldering' fed),manual_assembly|inspection,transport_1,0,2,"{""buffer_de_entrada"": 0, ""manual_assembly(in process)"": 0, ""transport_1(in process)"": 0}","{""busy"": 1}",0,0,0,"{""manual_assembly"": {""waiting_resource"": 1}, ""selective_soldering"": {""busy"": 1}, ""inspection"": {""waiting_resource"": 1}}",3
13155.0,03:39:15.000,inspection,PROTECTED_BLOCKED,"'selective_soldering' is BLOCKED (output full) -> downstream task first to unblock it (feed WIP 1, target 2)",inspection|transport_1,manual_assembly,1,2,"{""buffer_de_entrada"": 0, ""manual_assembly(in process)"": 1, ""transport_1(in process)"": 0}","{""blocked"": 1}",0,0,0,"{""manual_assembly"": {""blocked"": 1}, ""selective_soldering"": {""blocked"": 1}, ""inspection"": {""waiting_resource"": 1}}",3
13227.5,03:40:27.500,transport_1,WIP_BELOW_TARGET,feed WIP 1 < target 2 -> feeder task (keep 'selective_soldering' fed),transport_1|inspection,inspection,1,2,"{""buffer_de_entrada"": 0, ""manual_assembly(in process)"": 1, ""transport_1(in process)"": 0}","{""starved"": 1}",0,1,0,"{""manual_assembly"": {""blocked"": 1}, ""selective_soldering"": {""starved"": 1}, ""inspection"": {""waiting_resource"": 1}}",3
13258.333333,03:40:58.333,manual_assembly,WIP_BELOW_TARGET,feed WIP 0 < target 2 -> feeder task (keep 'selective_soldering' fed),manual_assembly|inspection,transport_1,0,2,"{""buffer_de_entrada"": 0, ""manual_assembly(in process)"": 0, ""transport_1(in process)"": 0}","{""busy"": 1}",0,0,0,"{""manual_assembly"": {""waiting_resource"": 1}, ""selective_soldering"": {""busy"": 1}, ""inspection"": {""waiting_resource"": 1}}",3
13386.666667,03:43:06.667,inspection,PROTECTED_BLOCKED,"'selective_soldering' is BLOCKED (output full) -> downstream task first to unblock it (feed WIP 1, target 2)",inspection|transport_1,manual_assembly,1,2,"{""buffer_de_entrada"": 0, ""manual_assembly(in process)"": 1, ""transport_1(in process)"": 0}","{""blocked"": 1}",0,0,0,"{""manual_assembly"": {""blocked"": 1}, ""selective_soldering"": {""blocked"": 1}, ""inspection"": {""waiting_resource"": 1}}",3
13459.166667,03:44:19.167,transport_1,WIP_BELOW_TARGET,feed WIP 1 < target 2 -> feeder task (keep 'selective_soldering' fed),transport_1|inspection,inspection,1,2,"{""buffer_de_entrada"": 0, ""manual_assembly(in process)"": 1, ""transport_1(in process)"": 0}","{""starved"": 1}",0,1,0,"{""manual_assembly"": {""blocked"": 1}, ""selective_soldering"": {""starved"": 1}, ""inspection"": {""waiting_resource"": 1}}",3
13490.0,03:44:50.000,manual_assembly,WIP_BELOW_TARGET,feed WIP 0 < target 2 -> feeder task (keep 'selective_soldering' fed),manual_assembly|inspection,transport_1,0,2,"{""buffer_de_entrada"": 0, ""manual_assembly(in process)"": 0, ""transport_1(in process)"": 0}","{""busy"": 1}",0,0,0,"{""manual_assembly"": {""waiting_resource"": 1}, ""selective_soldering"": {""busy"": 1}, ""inspection"": {""waiting_resource"": 1}}",3
13618.333333,03:46:58.333,inspection,PROTECTED_BLOCKED,"'selective_soldering' is BLOCKED (output full) -> downstream task first to unblock it (feed WIP 1, target 2)",inspection|transport_1,manual_assembly,1,2,"{""buffer_de_entrada"": 0, ""manual_assembly(in process)"": 1, ""transport_1(in process)"": 0}","{""blocked"": 1}",0,0,0,"{""manual_assembly"": {""blocked"": 1}, ""selective_soldering"": {""blocked"": 1}, ""inspection"": {""waiting_resource"": 1}}",3
13690.833333,03:48:10.833,transport_1,WIP_BELOW_TARGET,feed WIP 1 < target 2 -> feeder task (keep 'selective_soldering' fed),transport_1|inspection,inspection,1,2,"{""buffer_de_entrada"": 0, ""manual_assembly(in process)"": 1, ""transport_1(in process)"": 0}","{""starved"": 1}",0,1,0,"{""manual_assembly"": {""blocked"": 1}, ""selective_soldering"": {""starved"": 1}, ""inspection"": {""waiting_resource"": 1}}",3
13721.666667,03:48:41.667,manual_assembly,WIP_BELOW_TARGET,feed WIP 0 < target 2 -> feeder task (keep 'selective_soldering' fed),manual_assembly|inspection,transport_1,0,2,"{""buffer_de_entrada"": 0, ""manual_assembly(in process)"": 0, ""transport_1(in process)"": 0}","{""busy"": 1}",0,0,0,"{""manual_assembly"": {""waiting_resource"": 1}, ""selective_soldering"": {""busy"": 1}, ""inspection"": {""waiting_resource"": 1}}",3
13850.0,03:50:50.000,inspection,PROTECTED_BLOCKED,"'selective_soldering' is BLOCKED (output full) -> downstream task first to unblock it (feed WIP 1, target 2)",inspection|transport_1,manual_assembly,1,2,"{""buffer_de_entrada"": 0, ""manual_assembly(in process)"": 1, ""transport_1(in process)"": 0}","{""blocked"": 1}",0,0,0,"{""manual_assembly"": {""blocked"": 1}, ""selective_soldering"": {""blocked"": 1}, ""inspection"": {""waiting_resource"": 1}}",3
13922.5,03:52:02.500,transport_1,WIP_BELOW_TARGET,feed WIP 1 < target 2 -> feeder task (keep 'selective_soldering' fed),transport_1|inspection,inspection,1,2,"{""buffer_de_entrada"": 0, ""manual_assembly(in process)"": 1, ""transport_1(in process)"": 0}","{""starved"": 1}",0,1,0,"{""manual_assembly"": {""blocked"": 1}, ""selective_soldering"": {""starved"": 1}, ""inspection"": {""waiting_resource"": 1}}",3
13953.333333,03:52:33.333,manual_assembly,WIP_BELOW_TARGET,feed WIP 0 < target 2 -> feeder task (keep 'selective_soldering' fed),manual_assembly|inspection,transport_1,0,2,"{""buffer_de_entrada"": 0, ""manual_assembly(in process)"": 0, ""transport_1(in process)"": 0}","{""busy"": 1}",0,0,0,"{""manual_assembly"": {""waiting_resource"": 1}, ""selective_soldering"": {""busy"": 1}, ""inspection"": {""waiting_resource"": 1}}",3
14081.666667,03:54:41.667,inspection,PROTECTED_BLOCKED,"'selective_soldering' is BLOCKED (output full) -> downstream task first to unblock it (feed WIP 1, target 2)",inspection|transport_1,manual_assembly,1,2,"{""buffer_de_entrada"": 0, ""manual_assembly(in process)"": 1, ""transport_1(in process)"": 0}","{""blocked"": 1}",0,0,0,"{""manual_assembly"": {""blocked"": 1}, ""selective_soldering"": {""blocked"": 1}, ""inspection"": {""waiting_resource"": 1}}",3
14154.166667,03:55:54.167,transport_1,WIP_BELOW_TARGET,feed WIP 1 < target 2 -> feeder task (keep 'selective_soldering' fed),transport_1|inspection,inspection,1,2,"{""buffer_de_entrada"": 0, ""manual_assembly(in process)"": 1, ""transport_1(in process)"": 0}","{""starved"": 1}",0,1,0,"{""manual_assembly"": {""blocked"": 1}, ""selective_soldering"": {""starved"": 1}, ""inspection"": {""waiting_resource"": 1}}",3
14185.0,03:56:25.000,manual_assembly,WIP_BELOW_TARGET,feed WIP 0 < target 2 -> feeder task (keep 'selective_soldering' fed),manual_assembly|inspection,transport_1,0,2,"{""buffer_de_entrada"": 0, ""manual_assembly(in process)"": 0, ""transport_1(in process)"": 0}","{""busy"": 1}",0,0,0,"{""manual_assembly"": {""waiting_resource"": 1}, ""selective_soldering"": {""busy"": 1}, ""inspection"": {""waiting_resource"": 1}}",3
14313.333333,03:58:33.333,inspection,PROTECTED_BLOCKED,"'selective_soldering' is BLOCKED (output full) -> downstream task first to unblock it (feed WIP 1, target 2)",inspection|transport_1,manual_assembly,1,2,"{""buffer_de_entrada"": 0, ""manual_assembly(in process)"": 1, ""transport_1(in process)"": 0}","{""blocked"": 1}",0,0,0,"{""manual_assembly"": {""blocked"": 1}, ""selective_soldering"": {""blocked"": 1}, ""inspection"": {""waiting_resource"": 1}}",3
14385.833333,03:59:45.833,transport_1,WIP_BELOW_TARGET,feed WIP 1 < target 2 -> feeder task (keep 'selective_soldering' fed),transport_1|inspection,inspection,1,2,"{""buffer_de_entrada"": 0, ""manual_assembly(in process)"": 1, ""transport_1(in process)"": 0}","{""starved"": 1}",0,1,0,"{""manual_assembly"": {""blocked"": 1}, ""selective_soldering"": {""starved"": 1}, ""inspection"": {""waiting_resource"": 1}}",3
14416.666667,04:00:16.667,manual_assembly,WIP_BELOW_TARGET,feed WIP 0 < target 2 -> feeder task (keep 'selective_soldering' fed),manual_assembly|inspection,transport_1,0,2,"{""buffer_de_entrada"": 0, ""manual_assembly(in process)"": 0, ""transport_1(in process)"": 0}","{""busy"": 1}",0,0,0,"{""manual_assembly"": {""waiting_resource"": 1}, ""selective_soldering"": {""busy"": 1}, ""inspection"": {""waiting_resource"": 1}}",3
14545.0,04:02:25.000,inspection,PROTECTED_BLOCKED,"'selective_soldering' is BLOCKED (output full) -> downstream task first to unblock it (feed WIP 1, target 2)",inspection|transport_1,manual_assembly,1,2,"{""buffer_de_entrada"": 0, ""manual_assembly(in process)"": 1, ""transport_1(in process)"": 0}","{""blocked"": 1}",0,0,0,"{""manual_assembly"": {""blocked"": 1}, ""selective_soldering"": {""blocked"": 1}, ""inspection"": {""waiting_resource"": 1}}",3
14617.5,04:03:37.500,transport_1,WIP_BELOW_TARGET,feed WIP 1 < target 2 -> feeder task (keep 'selective_soldering' fed),transport_1|inspection,inspection,1,2,"{""buffer_de_entrada"": 0, ""manual_assembly(in process)"": 1, ""transport_1(in process)"": 0}","{""starved"": 1}",0,1,0,"{""manual_assembly"": {""blocked"": 1}, ""selective_soldering"": {""starved"": 1}, ""inspection"": {""waiting_resource"": 1}}",3
14648.333333,04:04:08.333,manual_assembly,WIP_BELOW_TARGET,feed WIP 0 < target 2 -> feeder task (keep 'selective_soldering' fed),manual_assembly|inspection,transport_1,0,2,"{""buffer_de_entrada"": 0, ""manual_assembly(in process)"": 0, ""transport_1(in process)"": 0}","{""busy"": 1}",0,0,0,"{""manual_assembly"": {""waiting_resource"": 1}, ""selective_soldering"": {""busy"": 1}, ""inspection"": {""waiting_resource"": 1}}",3
14776.666667,04:06:16.667,inspection,PROTECTED_BLOCKED,"'selective_soldering' is BLOCKED (output full) -> downstream task first to unblock it (feed WIP 1, target 2)",inspection|transport_1,manual_assembly,1,2,"{""buffer_de_entrada"": 0, ""manual_assembly(in process)"": 1, ""transport_1(in process)"": 0}","{""blocked"": 1}",0,0,0,"{""manual_assembly"": {""blocked"": 1}, ""selective_soldering"": {""blocked"": 1}, ""inspection"": {""waiting_resource"": 1}}",3
14849.166667,04:07:29.167,transport_1,WIP_BELOW_TARGET,feed WIP 1 < target 2 -> feeder task (keep 'selective_soldering' fed),transport_1|inspection,inspection,1,2,"{""buffer_de_entrada"": 0, ""manual_assembly(in process)"": 1, ""transport_1(in process)"": 0}","{""starved"": 1}",0,1,0,"{""manual_assembly"": {""blocked"": 1}, ""selective_soldering"": {""starved"": 1}, ""inspection"": {""waiting_resource"": 1}}",3
14880.0,04:08:00.000,manual_assembly,WIP_BELOW_TARGET,feed WIP 0 < target 2 -> feeder task (keep 'selective_soldering' fed),manual_assembly|inspection,transport_1,0,2,"{""buffer_de_entrada"": 0, ""manual_assembly(in process)"": 0, ""transport_1(in process)"": 0}","{""busy"": 1}",0,0,0,"{""manual_assembly"": {""waiting_resource"": 1}, ""selective_soldering"": {""busy"": 1}, ""inspection"": {""waiting_resource"": 1}}",3
15008.333333,04:10:08.333,inspection,PROTECTED_BLOCKED,"'selective_soldering' is BLOCKED (output full) -> downstream task first to unblock it (feed WIP 1, target 2)",inspection|transport_1,manual_assembly,1,2,"{""buffer_de_entrada"": 0, ""manual_assembly(in process)"": 1, ""transport_1(in process)"": 0}","{""blocked"": 1}",0,0,0,"{""manual_assembly"": {""blocked"": 1}, ""selective_soldering"": {""blocked"": 1}, ""inspection"": {""waiting_resource"": 1}}",3
15080.833333,04:11:20.833,transport_1,WIP_BELOW_TARGET,feed WIP 1 < target 2 -> feeder task (keep 'selective_soldering' fed),transport_1|inspection,inspection,1,2,"{""buffer_de_entrada"": 0, ""manual_assembly(in process)"": 1, ""transport_1(in process)"": 0}","{""starved"": 1}",0,1,0,"{""manual_assembly"": {""blocked"": 1}, ""selective_soldering"": {""starved"": 1}, ""inspection"": {""waiting_resource"": 1}}",3
15111.666667,04:11:51.667,manual_assembly,WIP_BELOW_TARGET,feed WIP 0 < target 2 -> feeder task (keep 'selective_soldering' fed),manual_assembly|inspection,transport_1,0,2,"{""buffer_de_entrada"": 0, ""manual_assembly(in process)"": 0, ""transport_1(in process)"": 0}","{""busy"": 1}",0,0,0,"{""manual_assembly"": {""waiting_resource"": 1}, ""selective_soldering"": {""busy"": 1}, ""inspection"": {""waiting_resource"": 1}}",3
15240.0,04:14:00.000,inspection,PROTECTED_BLOCKED,"'selective_soldering' is BLOCKED (output full) -> downstream task first to unblock it (feed WIP 1, target 2)",inspection|transport_1,manual_assembly,1,2,"{""buffer_de_entrada"": 0, ""manual_assembly(in process)"": 1, ""transport_1(in process)"": 0}","{""blocked"": 1}",0,0,0,"{""manual_assembly"": {""blocked"": 1}, ""selective_soldering"": {""blocked"": 1}, ""inspection"": {""waiting_resource"": 1}}",3
15312.5,04:15:12.500,transport_1,WIP_BELOW_TARGET,feed WIP 1 < target 2 -> feeder task (keep 'selective_soldering' fed),transport_1|inspection,inspection,1,2,"{""buffer_de_entrada"": 0, ""manual_assembly(in process)"": 1, ""transport_1(in process)"": 0}","{""starved"": 1}",0,1,0,"{""manual_assembly"": {""blocked"": 1}, ""selective_soldering"": {""starved"": 1}, ""inspection"": {""waiting_resource"": 1}}",3
15343.333333,04:15:43.333,manual_assembly,WIP_BELOW_TARGET,feed WIP 0 < target 2 -> feeder task (keep 'selective_soldering' fed),manual_assembly|inspection,transport_1,0,2,"{""buffer_de_entrada"": 0, ""manual_assembly(in process)"": 0, ""transport_1(in process)"": 0}","{""busy"": 1}",0,0,0,"{""manual_assembly"": {""waiting_resource"": 1}, ""selective_soldering"": {""busy"": 1}, ""inspection"": {""waiting_resource"": 1}}",3
15471.666667,04:17:51.667,inspection,PROTECTED_BLOCKED,"'selective_soldering' is BLOCKED (output full) -> downstream task first to unblock it (feed WIP 1, target 2)",inspection|transport_1,manual_assembly,1,2,"{""buffer_de_entrada"": 0, ""manual_assembly(in process)"": 1, ""transport_1(in process)"": 0}","{""blocked"": 1}",0,0,0,"{""manual_assembly"": {""blocked"": 1}, ""selective_soldering"": {""blocked"": 1}, ""inspection"": {""waiting_resource"": 1}}",3
15544.166667,04:19:04.167,transport_1,WIP_BELOW_TARGET,feed WIP 1 < target 2 -> feeder task (keep 'selective_soldering' fed),transport_1|inspection,inspection,1,2,"{""buffer_de_entrada"": 0, ""manual_assembly(in process)"": 1, ""transport_1(in process)"": 0}","{""starved"": 1}",0,1,0,"{""manual_assembly"": {""blocked"": 1}, ""selective_soldering"": {""starved"": 1}, ""inspection"": {""waiting_resource"": 1}}",3
15575.0,04:19:35.000,manual_assembly,WIP_BELOW_TARGET,feed WIP 0 < target 2 -> feeder task (keep 'selective_soldering' fed),manual_assembly|inspection,transport_1,0,2,"{""buffer_de_entrada"": 0, ""manual_assembly(in process)"": 0, ""transport_1(in process)"": 0}","{""busy"": 1}",0,0,0,"{""manual_assembly"": {""waiting_resource"": 1}, ""selective_soldering"": {""busy"": 1}, ""inspection"": {""waiting_resource"": 1}}",3
15703.333333,04:21:43.333,inspection,PROTECTED_BLOCKED,"'selective_soldering' is BLOCKED (output full) -> downstream task first to unblock it (feed WIP 1, target 2)",inspection|transport_1,manual_assembly,1,2,"{""buffer_de_entrada"": 0, ""manual_assembly(in process)"": 1, ""transport_1(in process)"": 0}","{""blocked"": 1}",0,0,0,"{""manual_assembly"": {""blocked"": 1}, ""selective_soldering"": {""blocked"": 1}, ""inspection"": {""waiting_resource"": 1}}",3
15775.833333,04:22:55.833,transport_1,WIP_BELOW_TARGET,feed WIP 1 < target 2 -> feeder task (keep 'selective_soldering' fed),transport_1|inspection,inspection,1,2,"{""buffer_de_entrada"": 0, ""manual_assembly(in process)"": 1, ""transport_1(in process)"": 0}","{""starved"": 1}",0,1,0,"{""manual_assembly"": {""blocked"": 1}, ""selective_soldering"": {""starved"": 1}, ""inspection"": {""waiting_resource"": 1}}",3
15806.666667,04:23:26.667,manual_assembly,WIP_BELOW_TARGET,feed WIP 0 < target 2 -> feeder task (keep 'selective_soldering' fed),manual_assembly|inspection,transport_1,0,2,"{""buffer_de_entrada"": 0, ""manual_assembly(in process)"": 0, ""transport_1(in process)"": 0}","{""busy"": 1}",0,0,0,"{""manual_assembly"": {""waiting_resource"": 1}, ""selective_soldering"": {""busy"": 1}, ""inspection"": {""waiting_resource"": 1}}",3
15935.0,04:25:35.000,inspection,PROTECTED_BLOCKED,"'selective_soldering' is BLOCKED (output full) -> downstream task first to unblock it (feed WIP 1, target 2)",inspection|transport_1,manual_assembly,1,2,"{""buffer_de_entrada"": 0, ""manual_assembly(in process)"": 1, ""transport_1(in process)"": 0}","{""blocked"": 1}",0,0,0,"{""manual_assembly"": {""blocked"": 1}, ""selective_soldering"": {""blocked"": 1}, ""inspection"": {""waiting_resource"": 1}}",3
16007.5,04:26:47.500,transport_1,WIP_BELOW_TARGET,feed WIP 1 < target 2 -> feeder task (keep 'selective_soldering' fed),transport_1|inspection,inspection,1,2,"{""buffer_de_entrada"": 0, ""manual_assembly(in process)"": 1, ""transport_1(in process)"": 0}","{""starved"": 1}",0,1,0,"{""manual_assembly"": {""blocked"": 1}, ""selective_soldering"": {""starved"": 1}, ""inspection"": {""waiting_resource"": 1}}",3
16038.333333,04:27:18.333,manual_assembly,WIP_BELOW_TARGET,feed WIP 0 < target 2 -> feeder task (keep 'selective_soldering' fed),manual_assembly|inspection,transport_1,0,2,"{""buffer_de_entrada"": 0, ""manual_assembly(in process)"": 0, ""transport_1(in process)"": 0}","{""busy"": 1}",0,0,0,"{""manual_assembly"": {""waiting_resource"": 1}, ""selective_soldering"": {""busy"": 1}, ""inspection"": {""waiting_resource"": 1}}",3
16166.666667,04:29:26.667,inspection,PROTECTED_BLOCKED,"'selective_soldering' is BLOCKED (output full) -> downstream task first to unblock it (feed WIP 1, target 2)",inspection|transport_1,manual_assembly,1,2,"{""buffer_de_entrada"": 0, ""manual_assembly(in process)"": 1, ""transport_1(in process)"": 0}","{""blocked"": 1}",0,0,0,"{""manual_assembly"": {""blocked"": 1}, ""selective_soldering"": {""blocked"": 1}, ""inspection"": {""waiting_resource"": 1}}",3
16239.166667,04:30:39.167,transport_1,WIP_BELOW_TARGET,feed WIP 1 < target 2 -> feeder task (keep 'selective_soldering' fed),transport_1|inspection,inspection,1,2,"{""buffer_de_entrada"": 0, ""manual_assembly(in process)"": 1, ""transport_1(in process)"": 0}","{""starved"": 1}",0,1,0,"{""manual_assembly"": {""blocked"": 1}, ""selective_soldering"": {""starved"": 1}, ""inspection"": {""waiting_resource"": 1}}",3
16270.0,04:31:10.000,manual_assembly,WIP_BELOW_TARGET,feed WIP 0 < target 2 -> feeder task (keep 'selective_soldering' fed),manual_assembly|inspection,transport_1,0,2,"{""buffer_de_entrada"": 0, ""manual_assembly(in process)"": 0, ""transport_1(in process)"": 0}","{""busy"": 1}",0,0,0,"{""manual_assembly"": {""waiting_resource"": 1}, ""selective_soldering"": {""busy"": 1}, ""inspection"": {""waiting_resource"": 1}}",3
16398.333333,04:33:18.333,inspection,PROTECTED_BLOCKED,"'selective_soldering' is BLOCKED (output full) -> downstream task first to unblock it (feed WIP 1, target 2)",inspection|transport_1,manual_assembly,1,2,"{""buffer_de_entrada"": 0, ""manual_assembly(in process)"": 1, ""transport_1(in process)"": 0}","{""blocked"": 1}",0,0,0,"{""manual_assembly"": {""blocked"": 1}, ""selective_soldering"": {""blocked"": 1}, ""inspection"": {""waiting_resource"": 1}}",3
16470.833333,04:34:30.833,transport_1,WIP_BELOW_TARGET,feed WIP 1 < target 2 -> feeder task (keep 'selective_soldering' fed),transport_1|inspection,inspection,1,2,"{""buffer_de_entrada"": 0, ""manual_assembly(in process)"": 1, ""transport_1(in process)"": 0}","{""starved"": 1}",0,1,0,"{""manual_assembly"": {""blocked"": 1}, ""selective_soldering"": {""starved"": 1}, ""inspection"": {""waiting_resource"": 1}}",3
16501.666667,04:35:01.667,manual_assembly,WIP_BELOW_TARGET,feed WIP 0 < target 2 -> feeder task (keep 'selective_soldering' fed),manual_assembly|inspection,transport_1,0,2,"{""buffer_de_entrada"": 0, ""manual_assembly(in process)"": 0, ""transport_1(in process)"": 0}","{""busy"": 1}",0,0,0,"{""manual_assembly"": {""waiting_resource"": 1}, ""selective_soldering"": {""busy"": 1}, ""inspection"": {""waiting_resource"": 1}}",3
16630.0,04:37:10.000,inspection,PROTECTED_BLOCKED,"'selective_soldering' is BLOCKED (output full) -> downstream task first to unblock it (feed WIP 1, target 2)",inspection|transport_1,manual_assembly,1,2,"{""buffer_de_entrada"": 0, ""manual_assembly(in process)"": 1, ""transport_1(in process)"": 0}","{""blocked"": 1}",0,0,0,"{""manual_assembly"": {""blocked"": 1}, ""selective_soldering"": {""blocked"": 1}, ""inspection"": {""waiting_resource"": 1}}",3
16702.5,04:38:22.500,transport_1,WIP_BELOW_TARGET,feed WIP 1 < target 2 -> feeder task (keep 'selective_soldering' fed),transport_1|inspection,inspection,1,2,"{""buffer_de_entrada"": 0, ""manual_assembly(in process)"": 1, ""transport_1(in process)"": 0}","{""starved"": 1}",0,1,0,"{""manual_assembly"": {""blocked"": 1}, ""selective_soldering"": {""starved"": 1}, ""inspection"": {""waiting_resource"": 1}}",3
16733.333333,04:38:53.333,manual_assembly,WIP_BELOW_TARGET,feed WIP 0 < target 2 -> feeder task (keep 'selective_soldering' fed),manual_assembly|inspection,transport_1,0,2,"{""buffer_de_entrada"": 0, ""manual_assembly(in process)"": 0, ""transport_1(in process)"": 0}","{""busy"": 1}",0,0,0,"{""manual_assembly"": {""waiting_resource"": 1}, ""selective_soldering"": {""busy"": 1}, ""inspection"": {""waiting_resource"": 1}}",3
16861.666667,04:41:01.667,inspection,PROTECTED_BLOCKED,"'selective_soldering' is BLOCKED (output full) -> downstream task first to unblock it (feed WIP 1, target 2)",inspection|transport_1,manual_assembly,1,2,"{""buffer_de_entrada"": 0, ""manual_assembly(in process)"": 1, ""transport_1(in process)"": 0}","{""blocked"": 1}",0,0,0,"{""manual_assembly"": {""blocked"": 1}, ""selective_soldering"": {""blocked"": 1}, ""inspection"": {""waiting_resource"": 1}}",3
16934.166667,04:42:14.167,transport_1,WIP_BELOW_TARGET,feed WIP 1 < target 2 -> feeder task (keep 'selective_soldering' fed),transport_1|inspection,inspection,1,2,"{""buffer_de_entrada"": 0, ""manual_assembly(in process)"": 1, ""transport_1(in process)"": 0}","{""starved"": 1}",0,1,0,"{""manual_assembly"": {""blocked"": 1}, ""selective_soldering"": {""starved"": 1}, ""inspection"": {""waiting_resource"": 1}}",3
16965.0,04:42:45.000,manual_assembly,WIP_BELOW_TARGET,feed WIP 0 < target 2 -> feeder task (keep 'selective_soldering' fed),manual_assembly|inspection,transport_1,0,2,"{""buffer_de_entrada"": 0, ""manual_assembly(in process)"": 0, ""transport_1(in process)"": 0}","{""busy"": 1}",0,0,0,"{""manual_assembly"": {""waiting_resource"": 1}, ""selective_soldering"": {""busy"": 1}, ""inspection"": {""waiting_resource"": 1}}",3
17093.333333,04:44:53.333,inspection,PROTECTED_BLOCKED,"'selective_soldering' is BLOCKED (output full) -> downstream task first to unblock it (feed WIP 1, target 2)",inspection|transport_1,manual_assembly,1,2,"{""buffer_de_entrada"": 0, ""manual_assembly(in process)"": 1, ""transport_1(in process)"": 0}","{""blocked"": 1}",0,0,0,"{""manual_assembly"": {""blocked"": 1}, ""selective_soldering"": {""blocked"": 1}, ""inspection"": {""waiting_resource"": 1}}",3
17165.833333,04:46:05.833,transport_1,WIP_BELOW_TARGET,feed WIP 1 < target 2 -> feeder task (keep 'selective_soldering' fed),transport_1|inspection,inspection,1,2,"{""buffer_de_entrada"": 0, ""manual_assembly(in process)"": 1, ""transport_1(in process)"": 0}","{""starved"": 1}",0,1,0,"{""manual_assembly"": {""blocked"": 1}, ""selective_soldering"": {""starved"": 1}, ""inspection"": {""waiting_resource"": 1}}",3
17196.666667,04:46:36.667,manual_assembly,WIP_BELOW_TARGET,feed WIP 0 < target 2 -> feeder task (keep 'selective_soldering' fed),manual_assembly|inspection,transport_1,0,2,"{""buffer_de_entrada"": 0, ""manual_assembly(in process)"": 0, ""transport_1(in process)"": 0}","{""busy"": 1}",0,0,0,"{""manual_assembly"": {""waiting_resource"": 1}, ""selective_soldering"": {""busy"": 1}, ""inspection"": {""waiting_resource"": 1}}",3
17325.0,04:48:45.000,inspection,PROTECTED_BLOCKED,"'selective_soldering' is BLOCKED (output full) -> downstream task first to unblock it (feed WIP 1, target 2)",inspection|transport_1,manual_assembly,1,2,"{""buffer_de_entrada"": 0, ""manual_assembly(in process)"": 1, ""transport_1(in process)"": 0}","{""blocked"": 1}",0,0,0,"{""manual_assembly"": {""blocked"": 1}, ""selective_soldering"": {""blocked"": 1}, ""inspection"": {""waiting_resource"": 1}}",3
17397.5,04:49:57.500,transport_1,WIP_BELOW_TARGET,feed WIP 1 < target 2 -> feeder task (keep 'selective_soldering' fed),transport_1|inspection,inspection,1,2,"{""buffer_de_entrada"": 0, ""manual_assembly(in process)"": 1, ""transport_1(in process)"": 0}","{""starved"": 1}",0,1,0,"{""manual_assembly"": {""blocked"": 1}, ""selective_soldering"": {""starved"": 1}, ""inspection"": {""waiting_resource"": 1}}",3
17428.333333,04:50:28.333,manual_assembly,WIP_BELOW_TARGET,feed WIP 0 < target 2 -> feeder task (keep 'selective_soldering' fed),manual_assembly|inspection,transport_1,0,2,"{""buffer_de_entrada"": 0, ""manual_assembly(in process)"": 0, ""transport_1(in process)"": 0}","{""busy"": 1}",0,0,0,"{""manual_assembly"": {""waiting_resource"": 1}, ""selective_soldering"": {""busy"": 1}, ""inspection"": {""waiting_resource"": 1}}",3
17556.666667,04:52:36.667,inspection,PROTECTED_BLOCKED,"'selective_soldering' is BLOCKED (output full) -> downstream task first to unblock it (feed WIP 1, target 2)",inspection|transport_1,manual_assembly,1,2,"{""buffer_de_entrada"": 0, ""manual_assembly(in process)"": 1, ""transport_1(in process)"": 0}","{""blocked"": 1}",0,0,0,"{""manual_assembly"": {""blocked"": 1}, ""selective_soldering"": {""blocked"": 1}, ""inspection"": {""waiting_resource"": 1}}",3
17629.166667,04:53:49.167,transport_1,WIP_BELOW_TARGET,feed WIP 1 < target 2 -> feeder task (keep 'selective_soldering' fed),transport_1|inspection,inspection,1,2,"{""buffer_de_entrada"": 0, ""manual_assembly(in process)"": 1, ""transport_1(in process)"": 0}","{""starved"": 1}",0,1,0,"{""manual_assembly"": {""blocked"": 1}, ""selective_soldering"": {""starved"": 1}, ""inspection"": {""waiting_resource"": 1}}",3
17660.0,04:54:20.000,manual_assembly,WIP_BELOW_TARGET,feed WIP 0 < target 2 -> feeder task (keep 'selective_soldering' fed),manual_assembly|inspection,transport_1,0,2,"{""buffer_de_entrada"": 0, ""manual_assembly(in process)"": 0, ""transport_1(in process)"": 0}","{""busy"": 1}",0,0,0,"{""manual_assembly"": {""waiting_resource"": 1}, ""selective_soldering"": {""busy"": 1}, ""inspection"": {""waiting_resource"": 1}}",3
17788.333333,04:56:28.333,inspection,PROTECTED_BLOCKED,"'selective_soldering' is BLOCKED (output full) -> downstream task first to unblock it (feed WIP 1, target 2)",inspection|transport_1,manual_assembly,1,2,"{""buffer_de_entrada"": 0, ""manual_assembly(in process)"": 1, ""transport_1(in process)"": 0}","{""blocked"": 1}",0,0,0,"{""manual_assembly"": {""blocked"": 1}, ""selective_soldering"": {""blocked"": 1}, ""inspection"": {""waiting_resource"": 1}}",3
17860.833333,04:57:40.833,transport_1,WIP_BELOW_TARGET,feed WIP 1 < target 2 -> feeder task (keep 'selective_soldering' fed),transport_1|inspection,inspection,1,2,"{""buffer_de_entrada"": 0, ""manual_assembly(in process)"": 1, ""transport_1(in process)"": 0}","{""starved"": 1}",0,1,0,"{""manual_assembly"": {""blocked"": 1}, ""selective_soldering"": {""starved"": 1}, ""inspection"": {""waiting_resource"": 1}}",3
17891.666667,04:58:11.667,manual_assembly,WIP_BELOW_TARGET,feed WIP 0 < target 2 -> feeder task (keep 'selective_soldering' fed),manual_assembly|inspection,transport_1,0,2,"{""buffer_de_entrada"": 0, ""manual_assembly(in process)"": 0, ""transport_1(in process)"": 0}","{""busy"": 1}",0,0,0,"{""manual_assembly"": {""waiting_resource"": 1}, ""selective_soldering"": {""busy"": 1}, ""inspection"": {""waiting_resource"": 1}}",3
18020.0,05:00:20.000,inspection,PROTECTED_BLOCKED,"'selective_soldering' is BLOCKED (output full) -> downstream task first to unblock it (feed WIP 1, target 2)",inspection|transport_1,manual_assembly,1,2,"{""buffer_de_entrada"": 0, ""manual_assembly(in process)"": 1, ""transport_1(in process)"": 0}","{""blocked"": 1}",0,0,0,"{""manual_assembly"": {""blocked"": 1}, ""selective_soldering"": {""blocked"": 1}, ""inspection"": {""waiting_resource"": 1}}",3
18092.5,05:01:32.500,transport_1,WIP_BELOW_TARGET,feed WIP 1 < target 2 -> feeder task (keep 'selective_soldering' fed),transport_1|inspection,inspection,1,2,"{""buffer_de_entrada"": 0, ""manual_assembly(in process)"": 1, ""transport_1(in process)"": 0}","{""starved"": 1}",0,1,0,"{""manual_assembly"": {""blocked"": 1}, ""selective_soldering"": {""starved"": 1}, ""inspection"": {""waiting_resource"": 1}}",3
18123.333333,05:02:03.333,manual_assembly,WIP_BELOW_TARGET,feed WIP 0 < target 2 -> feeder task (keep 'selective_soldering' fed),manual_assembly|inspection,transport_1,0,2,"{""buffer_de_entrada"": 0, ""manual_assembly(in process)"": 0, ""transport_1(in process)"": 0}","{""busy"": 1}",0,0,0,"{""manual_assembly"": {""waiting_resource"": 1}, ""selective_soldering"": {""busy"": 1}, ""inspection"": {""waiting_resource"": 1}}",3
18251.666667,05:04:11.667,inspection,PROTECTED_BLOCKED,"'selective_soldering' is BLOCKED (output full) -> downstream task first to unblock it (feed WIP 1, target 2)",inspection|transport_1,manual_assembly,1,2,"{""buffer_de_entrada"": 0, ""manual_assembly(in process)"": 1, ""transport_1(in process)"": 0}","{""blocked"": 1}",0,0,0,"{""manual_assembly"": {""blocked"": 1}, ""selective_soldering"": {""blocked"": 1}, ""inspection"": {""waiting_resource"": 1}}",3
18324.166667,05:05:24.167,transport_1,WIP_BELOW_TARGET,feed WIP 1 < target 2 -> feeder task (keep 'selective_soldering' fed),transport_1|inspection,inspection,1,2,"{""buffer_de_entrada"": 0, ""manual_assembly(in process)"": 1, ""transport_1(in process)"": 0}","{""starved"": 1}",0,1,0,"{""manual_assembly"": {""blocked"": 1}, ""selective_soldering"": {""starved"": 1}, ""inspection"": {""waiting_resource"": 1}}",3
18355.0,05:05:55.000,manual_assembly,WIP_BELOW_TARGET,feed WIP 0 < target 2 -> feeder task (keep 'selective_soldering' fed),manual_assembly|inspection,transport_1,0,2,"{""buffer_de_entrada"": 0, ""manual_assembly(in process)"": 0, ""transport_1(in process)"": 0}","{""busy"": 1}",0,0,0,"{""manual_assembly"": {""waiting_resource"": 1}, ""selective_soldering"": {""busy"": 1}, ""inspection"": {""waiting_resource"": 1}}",3
18483.333333,05:08:03.333,inspection,PROTECTED_BLOCKED,"'selective_soldering' is BLOCKED (output full) -> downstream task first to unblock it (feed WIP 1, target 2)",inspection|transport_1,manual_assembly,1,2,"{""buffer_de_entrada"": 0, ""manual_assembly(in process)"": 1, ""transport_1(in process)"": 0}","{""blocked"": 1}",0,0,0,"{""manual_assembly"": {""blocked"": 1}, ""selective_soldering"": {""blocked"": 1}, ""inspection"": {""waiting_resource"": 1}}",3
18555.833333,05:09:15.833,transport_1,WIP_BELOW_TARGET,feed WIP 1 < target 2 -> feeder task (keep 'selective_soldering' fed),transport_1|inspection,inspection,1,2,"{""buffer_de_entrada"": 0, ""manual_assembly(in process)"": 1, ""transport_1(in process)"": 0}","{""starved"": 1}",0,1,0,"{""manual_assembly"": {""blocked"": 1}, ""selective_soldering"": {""starved"": 1}, ""inspection"": {""waiting_resource"": 1}}",3
18586.666667,05:09:46.667,manual_assembly,WIP_BELOW_TARGET,feed WIP 0 < target 2 -> feeder task (keep 'selective_soldering' fed),manual_assembly|inspection,transport_1,0,2,"{""buffer_de_entrada"": 0, ""manual_assembly(in process)"": 0, ""transport_1(in process)"": 0}","{""busy"": 1}",0,0,0,"{""manual_assembly"": {""waiting_resource"": 1}, ""selective_soldering"": {""busy"": 1}, ""inspection"": {""waiting_resource"": 1}}",3
18715.0,05:11:55.000,inspection,PROTECTED_BLOCKED,"'selective_soldering' is BLOCKED (output full) -> downstream task first to unblock it (feed WIP 1, target 2)",inspection|transport_1,manual_assembly,1,2,"{""buffer_de_entrada"": 0, ""manual_assembly(in process)"": 1, ""transport_1(in process)"": 0}","{""blocked"": 1}",0,0,0,"{""manual_assembly"": {""blocked"": 1}, ""selective_soldering"": {""blocked"": 1}, ""inspection"": {""waiting_resource"": 1}}",3
18787.5,05:13:07.500,transport_1,WIP_BELOW_TARGET,feed WIP 1 < target 2 -> feeder task (keep 'selective_soldering' fed),transport_1|inspection,inspection,1,2,"{""buffer_de_entrada"": 0, ""manual_assembly(in process)"": 1, ""transport_1(in process)"": 0}","{""starved"": 1}",0,1,0,"{""manual_assembly"": {""blocked"": 1}, ""selective_soldering"": {""starved"": 1}, ""inspection"": {""waiting_resource"": 1}}",3
18818.333333,05:13:38.333,manual_assembly,WIP_BELOW_TARGET,feed WIP 0 < target 2 -> feeder task (keep 'selective_soldering' fed),manual_assembly|inspection,transport_1,0,2,"{""buffer_de_entrada"": 0, ""manual_assembly(in process)"": 0, ""transport_1(in process)"": 0}","{""busy"": 1}",0,0,0,"{""manual_assembly"": {""waiting_resource"": 1}, ""selective_soldering"": {""busy"": 1}, ""inspection"": {""waiting_resource"": 1}}",3
18946.666667,05:15:46.667,inspection,PROTECTED_BLOCKED,"'selective_soldering' is BLOCKED (output full) -> downstream task first to unblock it (feed WIP 1, target 2)",inspection|transport_1,manual_assembly,1,2,"{""buffer_de_entrada"": 0, ""manual_assembly(in process)"": 1, ""transport_1(in process)"": 0}","{""blocked"": 1}",0,0,0,"{""manual_assembly"": {""blocked"": 1}, ""selective_soldering"": {""blocked"": 1}, ""inspection"": {""waiting_resource"": 1}}",3
19019.166667,05:16:59.167,transport_1,WIP_BELOW_TARGET,feed WIP 1 < target 2 -> feeder task (keep 'selective_soldering' fed),transport_1|inspection,inspection,1,2,"{""buffer_de_entrada"": 0, ""manual_assembly(in process)"": 1, ""transport_1(in process)"": 0}","{""starved"": 1}",0,1,0,"{""manual_assembly"": {""blocked"": 1}, ""selective_soldering"": {""starved"": 1}, ""inspection"": {""waiting_resource"": 1}}",3
19050.0,05:17:30.000,manual_assembly,WIP_BELOW_TARGET,feed WIP 0 < target 2 -> feeder task (keep 'selective_soldering' fed),manual_assembly|inspection,transport_1,0,2,"{""buffer_de_entrada"": 0, ""manual_assembly(in process)"": 0, ""transport_1(in process)"": 0}","{""busy"": 1}",0,0,0,"{""manual_assembly"": {""waiting_resource"": 1}, ""selective_soldering"": {""busy"": 1}, ""inspection"": {""waiting_resource"": 1}}",3
19178.333333,05:19:38.333,inspection,PROTECTED_BLOCKED,"'selective_soldering' is BLOCKED (output full) -> downstream task first to unblock it (feed WIP 1, target 2)",inspection|transport_1,manual_assembly,1,2,"{""buffer_de_entrada"": 0, ""manual_assembly(in process)"": 1, ""transport_1(in process)"": 0}","{""blocked"": 1}",0,0,0,"{""manual_assembly"": {""blocked"": 1}, ""selective_soldering"": {""blocked"": 1}, ""inspection"": {""waiting_resource"": 1}}",3
19250.833333,05:20:50.833,transport_1,WIP_BELOW_TARGET,feed WIP 1 < target 2 -> feeder task (keep 'selective_soldering' fed),transport_1|inspection,inspection,1,2,"{""buffer_de_entrada"": 0, ""manual_assembly(in process)"": 1, ""transport_1(in process)"": 0}","{""starved"": 1}",0,1,0,"{""manual_assembly"": {""blocked"": 1}, ""selective_soldering"": {""starved"": 1}, ""inspection"": {""waiting_resource"": 1}}",3
19281.666667,05:21:21.667,manual_assembly,WIP_BELOW_TARGET,feed WIP 0 < target 2 -> feeder task (keep 'selective_soldering' fed),manual_assembly|inspection,transport_1,0,2,"{""buffer_de_entrada"": 0, ""manual_assembly(in process)"": 0, ""transport_1(in process)"": 0}","{""busy"": 1}",0,0,0,"{""manual_assembly"": {""waiting_resource"": 1}, ""selective_soldering"": {""busy"": 1}, ""inspection"": {""waiting_resource"": 1}}",3
19410.0,05:23:30.000,inspection,PROTECTED_BLOCKED,"'selective_soldering' is BLOCKED (output full) -> downstream task first to unblock it (feed WIP 1, target 2)",inspection|transport_1,manual_assembly,1,2,"{""buffer_de_entrada"": 0, ""manual_assembly(in process)"": 1, ""transport_1(in process)"": 0}","{""blocked"": 1}",0,0,0,"{""manual_assembly"": {""blocked"": 1}, ""selective_soldering"": {""blocked"": 1}, ""inspection"": {""waiting_resource"": 1}}",3
19482.5,05:24:42.500,transport_1,WIP_BELOW_TARGET,feed WIP 1 < target 2 -> feeder task (keep 'selective_soldering' fed),transport_1|inspection,inspection,1,2,"{""buffer_de_entrada"": 0, ""manual_assembly(in process)"": 1, ""transport_1(in process)"": 0}","{""starved"": 1}",0,1,0,"{""manual_assembly"": {""blocked"": 1}, ""selective_soldering"": {""starved"": 1}, ""inspection"": {""waiting_resource"": 1}}",3
19513.333333,05:25:13.333,manual_assembly,WIP_BELOW_TARGET,feed WIP 0 < target 2 -> feeder task (keep 'selective_soldering' fed),manual_assembly|inspection,transport_1,0,2,"{""buffer_de_entrada"": 0, ""manual_assembly(in process)"": 0, ""transport_1(in process)"": 0}","{""busy"": 1}",0,0,0,"{""manual_assembly"": {""waiting_resource"": 1}, ""selective_soldering"": {""busy"": 1}, ""inspection"": {""waiting_resource"": 1}}",3
19641.666667,05:27:21.667,inspection,PROTECTED_BLOCKED,"'selective_soldering' is BLOCKED (output full) -> downstream task first to unblock it (feed WIP 1, target 2)",inspection|transport_1,manual_assembly,1,2,"{""buffer_de_entrada"": 0, ""manual_assembly(in process)"": 1, ""transport_1(in process)"": 0}","{""blocked"": 1}",0,0,0,"{""manual_assembly"": {""blocked"": 1}, ""selective_soldering"": {""blocked"": 1}, ""inspection"": {""waiting_resource"": 1}}",3
19714.166667,05:28:34.167,transport_1,WIP_BELOW_TARGET,feed WIP 1 < target 2 -> feeder task (keep 'selective_soldering' fed),transport_1|inspection,inspection,1,2,"{""buffer_de_entrada"": 0, ""manual_assembly(in process)"": 1, ""transport_1(in process)"": 0}","{""starved"": 1}",0,1,0,"{""manual_assembly"": {""blocked"": 1}, ""selective_soldering"": {""starved"": 1}, ""inspection"": {""waiting_resource"": 1}}",3
19745.0,05:29:05.000,manual_assembly,WIP_BELOW_TARGET,feed WIP 0 < target 2 -> feeder task (keep 'selective_soldering' fed),manual_assembly|inspection,transport_1,0,2,"{""buffer_de_entrada"": 0, ""manual_assembly(in process)"": 0, ""transport_1(in process)"": 0}","{""busy"": 1}",0,0,0,"{""manual_assembly"": {""waiting_resource"": 1}, ""selective_soldering"": {""busy"": 1}, ""inspection"": {""waiting_resource"": 1}}",3
19873.333333,05:31:13.333,inspection,PROTECTED_BLOCKED,"'selective_soldering' is BLOCKED (output full) -> downstream task first to unblock it (feed WIP 1, target 2)",inspection|transport_1,manual_assembly,1,2,"{""buffer_de_entrada"": 0, ""manual_assembly(in process)"": 1, ""transport_1(in process)"": 0}","{""blocked"": 1}",0,0,0,"{""manual_assembly"": {""blocked"": 1}, ""selective_soldering"": {""blocked"": 1}, ""inspection"": {""waiting_resource"": 1}}",3
19945.833333,05:32:25.833,transport_1,WIP_BELOW_TARGET,feed WIP 1 < target 2 -> feeder task (keep 'selective_soldering' fed),transport_1|inspection,inspection,1,2,"{""buffer_de_entrada"": 0, ""manual_assembly(in process)"": 1, ""transport_1(in process)"": 0}","{""starved"": 1}",0,1,0,"{""manual_assembly"": {""blocked"": 1}, ""selective_soldering"": {""starved"": 1}, ""inspection"": {""waiting_resource"": 1}}",3
19976.666667,05:32:56.667,manual_assembly,WIP_BELOW_TARGET,feed WIP 0 < target 2 -> feeder task (keep 'selective_soldering' fed),manual_assembly|inspection,transport_1,0,2,"{""buffer_de_entrada"": 0, ""manual_assembly(in process)"": 0, ""transport_1(in process)"": 0}","{""busy"": 1}",0,0,0,"{""manual_assembly"": {""waiting_resource"": 1}, ""selective_soldering"": {""busy"": 1}, ""inspection"": {""waiting_resource"": 1}}",3
20105.0,05:35:05.000,inspection,PROTECTED_BLOCKED,"'selective_soldering' is BLOCKED (output full) -> downstream task first to unblock it (feed WIP 1, target 2)",inspection|transport_1,manual_assembly,1,2,"{""buffer_de_entrada"": 0, ""manual_assembly(in process)"": 1, ""transport_1(in process)"": 0}","{""blocked"": 1}",0,0,0,"{""manual_assembly"": {""blocked"": 1}, ""selective_soldering"": {""blocked"": 1}, ""inspection"": {""waiting_resource"": 1}}",3
20177.5,05:36:17.500,transport_1,WIP_BELOW_TARGET,feed WIP 1 < target 2 -> feeder task (keep 'selective_soldering' fed),transport_1|inspection,inspection,1,2,"{""buffer_de_entrada"": 0, ""manual_assembly(in process)"": 1, ""transport_1(in process)"": 0}","{""starved"": 1}",0,1,0,"{""manual_assembly"": {""blocked"": 1}, ""selective_soldering"": {""starved"": 1}, ""inspection"": {""waiting_resource"": 1}}",3
20208.333333,05:36:48.333,manual_assembly,WIP_BELOW_TARGET,feed WIP 0 < target 2 -> feeder task (keep 'selective_soldering' fed),manual_assembly|inspection,transport_1,0,2,"{""buffer_de_entrada"": 0, ""manual_assembly(in process)"": 0, ""transport_1(in process)"": 0}","{""busy"": 1}",0,0,0,"{""manual_assembly"": {""waiting_resource"": 1}, ""selective_soldering"": {""busy"": 1}, ""inspection"": {""waiting_resource"": 1}}",3
20336.666667,05:38:56.667,inspection,PROTECTED_BLOCKED,"'selective_soldering' is BLOCKED (output full) -> downstream task first to unblock it (feed WIP 1, target 2)",inspection|transport_1,manual_assembly,1,2,"{""buffer_de_entrada"": 0, ""manual_assembly(in process)"": 1, ""transport_1(in process)"": 0}","{""blocked"": 1}",0,0,0,"{""manual_assembly"": {""blocked"": 1}, ""selective_soldering"": {""blocked"": 1}, ""inspection"": {""waiting_resource"": 1}}",3
20409.166667,05:40:09.167,transport_1,WIP_BELOW_TARGET,feed WIP 1 < target 2 -> feeder task (keep 'selective_soldering' fed),transport_1|inspection,inspection,1,2,"{""buffer_de_entrada"": 0, ""manual_assembly(in process)"": 1, ""transport_1(in process)"": 0}","{""starved"": 1}",0,1,0,"{""manual_assembly"": {""blocked"": 1}, ""selective_soldering"": {""starved"": 1}, ""inspection"": {""waiting_resource"": 1}}",3
20440.0,05:40:40.000,manual_assembly,WIP_BELOW_TARGET,feed WIP 0 < target 2 -> feeder task (keep 'selective_soldering' fed),manual_assembly|inspection,transport_1,0,2,"{""buffer_de_entrada"": 0, ""manual_assembly(in process)"": 0, ""transport_1(in process)"": 0}","{""busy"": 1}",0,0,0,"{""manual_assembly"": {""waiting_resource"": 1}, ""selective_soldering"": {""busy"": 1}, ""inspection"": {""waiting_resource"": 1}}",3
20568.333333,05:42:48.333,inspection,PROTECTED_BLOCKED,"'selective_soldering' is BLOCKED (output full) -> downstream task first to unblock it (feed WIP 1, target 2)",inspection|transport_1,manual_assembly,1,2,"{""buffer_de_entrada"": 0, ""manual_assembly(in process)"": 1, ""transport_1(in process)"": 0}","{""blocked"": 1}",0,0,0,"{""manual_assembly"": {""blocked"": 1}, ""selective_soldering"": {""blocked"": 1}, ""inspection"": {""waiting_resource"": 1}}",3
20640.833333,05:44:00.833,transport_1,WIP_BELOW_TARGET,feed WIP 1 < target 2 -> feeder task (keep 'selective_soldering' fed),transport_1|inspection,inspection,1,2,"{""buffer_de_entrada"": 0, ""manual_assembly(in process)"": 1, ""transport_1(in process)"": 0}","{""starved"": 1}",0,1,0,"{""manual_assembly"": {""blocked"": 1}, ""selective_soldering"": {""starved"": 1}, ""inspection"": {""waiting_resource"": 1}}",3
20671.666667,05:44:31.667,manual_assembly,WIP_BELOW_TARGET,feed WIP 0 < target 2 -> feeder task (keep 'selective_soldering' fed),manual_assembly|inspection,transport_1,0,2,"{""buffer_de_entrada"": 0, ""manual_assembly(in process)"": 0, ""transport_1(in process)"": 0}","{""busy"": 1}",0,0,0,"{""manual_assembly"": {""waiting_resource"": 1}, ""selective_soldering"": {""busy"": 1}, ""inspection"": {""waiting_resource"": 1}}",3
20800.0,05:46:40.000,inspection,PROTECTED_BLOCKED,"'selective_soldering' is BLOCKED (output full) -> downstream task first to unblock it (feed WIP 1, target 2)",inspection|transport_1,manual_assembly,1,2,"{""buffer_de_entrada"": 0, ""manual_assembly(in process)"": 1, ""transport_1(in process)"": 0}","{""blocked"": 1}",0,0,0,"{""manual_assembly"": {""blocked"": 1}, ""selective_soldering"": {""blocked"": 1}, ""inspection"": {""waiting_resource"": 1}}",3
20872.5,05:47:52.500,transport_1,WIP_BELOW_TARGET,feed WIP 1 < target 2 -> feeder task (keep 'selective_soldering' fed),transport_1|inspection,inspection,1,2,"{""buffer_de_entrada"": 0, ""manual_assembly(in process)"": 1, ""transport_1(in process)"": 0}","{""starved"": 1}",0,1,0,"{""manual_assembly"": {""blocked"": 1}, ""selective_soldering"": {""starved"": 1}, ""inspection"": {""waiting_resource"": 1}}",3
20903.333333,05:48:23.333,manual_assembly,WIP_BELOW_TARGET,feed WIP 0 < target 2 -> feeder task (keep 'selective_soldering' fed),manual_assembly|inspection,transport_1,0,2,"{""buffer_de_entrada"": 0, ""manual_assembly(in process)"": 0, ""transport_1(in process)"": 0}","{""busy"": 1}",0,0,0,"{""manual_assembly"": {""waiting_resource"": 1}, ""selective_soldering"": {""busy"": 1}, ""inspection"": {""waiting_resource"": 1}}",3
21031.666667,05:50:31.667,inspection,PROTECTED_BLOCKED,"'selective_soldering' is BLOCKED (output full) -> downstream task first to unblock it (feed WIP 1, target 2)",inspection|transport_1,manual_assembly,1,2,"{""buffer_de_entrada"": 0, ""manual_assembly(in process)"": 1, ""transport_1(in process)"": 0}","{""blocked"": 1}",0,0,0,"{""manual_assembly"": {""blocked"": 1}, ""selective_soldering"": {""blocked"": 1}, ""inspection"": {""waiting_resource"": 1}}",3
21104.166667,05:51:44.167,transport_1,WIP_BELOW_TARGET,feed WIP 1 < target 2 -> feeder task (keep 'selective_soldering' fed),transport_1|inspection,inspection,1,2,"{""buffer_de_entrada"": 0, ""manual_assembly(in process)"": 1, ""transport_1(in process)"": 0}","{""starved"": 1}",0,1,0,"{""manual_assembly"": {""blocked"": 1}, ""selective_soldering"": {""starved"": 1}, ""inspection"": {""waiting_resource"": 1}}",3
21135.0,05:52:15.000,manual_assembly,WIP_BELOW_TARGET,feed WIP 0 < target 2 -> feeder task (keep 'selective_soldering' fed),manual_assembly|inspection,transport_1,0,2,"{""buffer_de_entrada"": 0, ""manual_assembly(in process)"": 0, ""transport_1(in process)"": 0}","{""busy"": 1}",0,0,0,"{""manual_assembly"": {""waiting_resource"": 1}, ""selective_soldering"": {""busy"": 1}, ""inspection"": {""waiting_resource"": 1}}",3
21263.333333,05:54:23.333,inspection,PROTECTED_BLOCKED,"'selective_soldering' is BLOCKED (output full) -> downstream task first to unblock it (feed WIP 1, target 2)",inspection|transport_1,manual_assembly,1,2,"{""buffer_de_entrada"": 0, ""manual_assembly(in process)"": 1, ""transport_1(in process)"": 0}","{""blocked"": 1}",0,0,0,"{""manual_assembly"": {""blocked"": 1}, ""selective_soldering"": {""blocked"": 1}, ""inspection"": {""waiting_resource"": 1}}",3
21335.833333,05:55:35.833,transport_1,WIP_BELOW_TARGET,feed WIP 1 < target 2 -> feeder task (keep 'selective_soldering' fed),transport_1|inspection,inspection,1,2,"{""buffer_de_entrada"": 0, ""manual_assembly(in process)"": 1, ""transport_1(in process)"": 0}","{""starved"": 1}",0,1,0,"{""manual_assembly"": {""blocked"": 1}, ""selective_soldering"": {""starved"": 1}, ""inspection"": {""waiting_resource"": 1}}",3
21366.666667,05:56:06.667,manual_assembly,WIP_BELOW_TARGET,feed WIP 0 < target 2 -> feeder task (keep 'selective_soldering' fed),manual_assembly|inspection,transport_1,0,2,"{""buffer_de_entrada"": 0, ""manual_assembly(in process)"": 0, ""transport_1(in process)"": 0}","{""busy"": 1}",0,0,0,"{""manual_assembly"": {""waiting_resource"": 1}, ""selective_soldering"": {""busy"": 1}, ""inspection"": {""waiting_resource"": 1}}",3
21495.0,05:58:15.000,inspection,PROTECTED_BLOCKED,"'selective_soldering' is BLOCKED (output full) -> downstream task first to unblock it (feed WIP 1, target 2)",inspection|transport_1,manual_assembly,1,2,"{""buffer_de_entrada"": 0, ""manual_assembly(in process)"": 1, ""transport_1(in process)"": 0}","{""blocked"": 1}",0,0,0,"{""manual_assembly"": {""blocked"": 1}, ""selective_soldering"": {""blocked"": 1}, ""inspection"": {""waiting_resource"": 1}}",3
21567.5,05:59:27.500,transport_1,WIP_BELOW_TARGET,feed WIP 1 < target 2 -> feeder task (keep 'selective_soldering' fed),transport_1|inspection,inspection,1,2,"{""buffer_de_entrada"": 0, ""manual_assembly(in process)"": 1, ""transport_1(in process)"": 0}","{""starved"": 1}",0,1,0,"{""manual_assembly"": {""blocked"": 1}, ""selective_soldering"": {""starved"": 1}, ""inspection"": {""waiting_resource"": 1}}",3
21598.333333,05:59:58.333,manual_assembly,WIP_BELOW_TARGET,feed WIP 0 < target 2 -> feeder task (keep 'selective_soldering' fed),manual_assembly|inspection,transport_1,0,2,"{""buffer_de_entrada"": 0, ""manual_assembly(in process)"": 0, ""transport_1(in process)"": 0}","{""busy"": 1}",0,0,0,"{""manual_assembly"": {""waiting_resource"": 1}, ""selective_soldering"": {""busy"": 1}, ""inspection"": {""waiting_resource"": 1}}",3
21726.666667,06:02:06.667,inspection,PROTECTED_BLOCKED,"'selective_soldering' is BLOCKED (output full) -> downstream task first to unblock it (feed WIP 1, target 2)",inspection|transport_1,manual_assembly,1,2,"{""buffer_de_entrada"": 0, ""manual_assembly(in process)"": 1, ""transport_1(in process)"": 0}","{""blocked"": 1}",0,0,0,"{""manual_assembly"": {""blocked"": 1}, ""selective_soldering"": {""blocked"": 1}, ""inspection"": {""waiting_resource"": 1}}",3
21799.166667,06:03:19.167,transport_1,WIP_BELOW_TARGET,feed WIP 1 < target 2 -> feeder task (keep 'selective_soldering' fed),transport_1|inspection,inspection,1,2,"{""buffer_de_entrada"": 0, ""manual_assembly(in process)"": 1, ""transport_1(in process)"": 0}","{""starved"": 1}",0,1,0,"{""manual_assembly"": {""blocked"": 1}, ""selective_soldering"": {""starved"": 1}, ""inspection"": {""waiting_resource"": 1}}",3
21830.0,06:03:50.000,manual_assembly,WIP_BELOW_TARGET,feed WIP 0 < target 2 -> feeder task (keep 'selective_soldering' fed),manual_assembly|inspection,transport_1,0,2,"{""buffer_de_entrada"": 0, ""manual_assembly(in process)"": 0, ""transport_1(in process)"": 0}","{""busy"": 1}",0,0,0,"{""manual_assembly"": {""waiting_resource"": 1}, ""selective_soldering"": {""busy"": 1}, ""inspection"": {""waiting_resource"": 1}}",3
21958.333333,06:05:58.333,inspection,PROTECTED_BLOCKED,"'selective_soldering' is BLOCKED (output full) -> downstream task first to unblock it (feed WIP 1, target 2)",inspection|transport_1,manual_assembly,1,2,"{""buffer_de_entrada"": 0, ""manual_assembly(in process)"": 1, ""transport_1(in process)"": 0}","{""blocked"": 1}",0,0,0,"{""manual_assembly"": {""blocked"": 1}, ""selective_soldering"": {""blocked"": 1}, ""inspection"": {""waiting_resource"": 1}}",3
22030.833333,06:07:10.833,transport_1,WIP_BELOW_TARGET,feed WIP 1 < target 2 -> feeder task (keep 'selective_soldering' fed),transport_1|inspection,inspection,1,2,"{""buffer_de_entrada"": 0, ""manual_assembly(in process)"": 1, ""transport_1(in process)"": 0}","{""starved"": 1}",0,1,0,"{""manual_assembly"": {""blocked"": 1}, ""selective_soldering"": {""starved"": 1}, ""inspection"": {""waiting_resource"": 1}}",3
22061.666667,06:07:41.667,manual_assembly,WIP_BELOW_TARGET,feed WIP 0 < target 2 -> feeder task (keep 'selective_soldering' fed),manual_assembly|inspection,transport_1,0,2,"{""buffer_de_entrada"": 0, ""manual_assembly(in process)"": 0, ""transport_1(in process)"": 0}","{""busy"": 1}",0,0,0,"{""manual_assembly"": {""waiting_resource"": 1}, ""selective_soldering"": {""busy"": 1}, ""inspection"": {""waiting_resource"": 1}}",3
22190.0,06:09:50.000,inspection,PROTECTED_BLOCKED,"'selective_soldering' is BLOCKED (output full) -> downstream task first to unblock it (feed WIP 1, target 2)",inspection|transport_1,manual_assembly,1,2,"{""buffer_de_entrada"": 0, ""manual_assembly(in process)"": 1, ""transport_1(in process)"": 0}","{""blocked"": 1}",0,0,0,"{""manual_assembly"": {""blocked"": 1}, ""selective_soldering"": {""blocked"": 1}, ""inspection"": {""waiting_resource"": 1}}",3
22262.5,06:11:02.500,transport_1,WIP_BELOW_TARGET,feed WIP 1 < target 2 -> feeder task (keep 'selective_soldering' fed),transport_1|inspection,inspection,1,2,"{""buffer_de_entrada"": 0, ""manual_assembly(in process)"": 1, ""transport_1(in process)"": 0}","{""starved"": 1}",0,1,0,"{""manual_assembly"": {""blocked"": 1}, ""selective_soldering"": {""starved"": 1}, ""inspection"": {""waiting_resource"": 1}}",3
22293.333333,06:11:33.333,manual_assembly,WIP_BELOW_TARGET,feed WIP 0 < target 2 -> feeder task (keep 'selective_soldering' fed),manual_assembly|inspection,transport_1,0,2,"{""buffer_de_entrada"": 0, ""manual_assembly(in process)"": 0, ""transport_1(in process)"": 0}","{""busy"": 1}",0,0,0,"{""manual_assembly"": {""waiting_resource"": 1}, ""selective_soldering"": {""busy"": 1}, ""inspection"": {""waiting_resource"": 1}}",3
22421.666667,06:13:41.667,inspection,PROTECTED_BLOCKED,"'selective_soldering' is BLOCKED (output full) -> downstream task first to unblock it (feed WIP 1, target 2)",inspection|transport_1,manual_assembly,1,2,"{""buffer_de_entrada"": 0, ""manual_assembly(in process)"": 1, ""transport_1(in process)"": 0}","{""blocked"": 1}",0,0,0,"{""manual_assembly"": {""blocked"": 1}, ""selective_soldering"": {""blocked"": 1}, ""inspection"": {""waiting_resource"": 1}}",3
22494.166667,06:14:54.167,transport_1,WIP_BELOW_TARGET,feed WIP 1 < target 2 -> feeder task (keep 'selective_soldering' fed),transport_1|inspection,inspection,1,2,"{""buffer_de_entrada"": 0, ""manual_assembly(in process)"": 1, ""transport_1(in process)"": 0}","{""starved"": 1}",0,1,0,"{""manual_assembly"": {""blocked"": 1}, ""selective_soldering"": {""starved"": 1}, ""inspection"": {""waiting_resource"": 1}}",3
22525.0,06:15:25.000,manual_assembly,WIP_BELOW_TARGET,feed WIP 0 < target 2 -> feeder task (keep 'selective_soldering' fed),manual_assembly|inspection,transport_1,0,2,"{""buffer_de_entrada"": 0, ""manual_assembly(in process)"": 0, ""transport_1(in process)"": 0}","{""busy"": 1}",0,0,0,"{""manual_assembly"": {""waiting_resource"": 1}, ""selective_soldering"": {""busy"": 1}, ""inspection"": {""waiting_resource"": 1}}",3
22653.333333,06:17:33.333,inspection,PROTECTED_BLOCKED,"'selective_soldering' is BLOCKED (output full) -> downstream task first to unblock it (feed WIP 1, target 2)",inspection|transport_1,manual_assembly,1,2,"{""buffer_de_entrada"": 0, ""manual_assembly(in process)"": 1, ""transport_1(in process)"": 0}","{""blocked"": 1}",0,0,0,"{""manual_assembly"": {""blocked"": 1}, ""selective_soldering"": {""blocked"": 1}, ""inspection"": {""waiting_resource"": 1}}",3
22725.833333,06:18:45.833,transport_1,WIP_BELOW_TARGET,feed WIP 1 < target 2 -> feeder task (keep 'selective_soldering' fed),transport_1|inspection,inspection,1,2,"{""buffer_de_entrada"": 0, ""manual_assembly(in process)"": 1, ""transport_1(in process)"": 0}","{""starved"": 1}",0,1,0,"{""manual_assembly"": {""blocked"": 1}, ""selective_soldering"": {""starved"": 1}, ""inspection"": {""waiting_resource"": 1}}",3
22756.666667,06:19:16.667,manual_assembly,WIP_BELOW_TARGET,feed WIP 0 < target 2 -> feeder task (keep 'selective_soldering' fed),manual_assembly|inspection,transport_1,0,2,"{""buffer_de_entrada"": 0, ""manual_assembly(in process)"": 0, ""transport_1(in process)"": 0}","{""busy"": 1}",0,0,0,"{""manual_assembly"": {""waiting_resource"": 1}, ""selective_soldering"": {""busy"": 1}, ""inspection"": {""waiting_resource"": 1}}",3
22885.0,06:21:25.000,inspection,PROTECTED_BLOCKED,"'selective_soldering' is BLOCKED (output full) -> downstream task first to unblock it (feed WIP 1, target 2)",inspection|transport_1,manual_assembly,1,2,"{""buffer_de_entrada"": 0, ""manual_assembly(in process)"": 1, ""transport_1(in process)"": 0}","{""blocked"": 1}",0,0,0,"{""manual_assembly"": {""blocked"": 1}, ""selective_soldering"": {""blocked"": 1}, ""inspection"": {""waiting_resource"": 1}}",3
22957.5,06:22:37.500,transport_1,WIP_BELOW_TARGET,feed WIP 1 < target 2 -> feeder task (keep 'selective_soldering' fed),transport_1|inspection,inspection,1,2,"{""buffer_de_entrada"": 0, ""manual_assembly(in process)"": 1, ""transport_1(in process)"": 0}","{""starved"": 1}",0,1,0,"{""manual_assembly"": {""blocked"": 1}, ""selective_soldering"": {""starved"": 1}, ""inspection"": {""waiting_resource"": 1}}",3
22988.333333,06:23:08.333,manual_assembly,WIP_BELOW_TARGET,feed WIP 0 < target 2 -> feeder task (keep 'selective_soldering' fed),manual_assembly|inspection,transport_1,0,2,"{""buffer_de_entrada"": 0, ""manual_assembly(in process)"": 0, ""transport_1(in process)"": 0}","{""busy"": 1}",0,0,0,"{""manual_assembly"": {""waiting_resource"": 1}, ""selective_soldering"": {""busy"": 1}, ""inspection"": {""waiting_resource"": 1}}",3
23116.666667,06:25:16.667,inspection,PROTECTED_BLOCKED,"'selective_soldering' is BLOCKED (output full) -> downstream task first to unblock it (feed WIP 1, target 2)",inspection|transport_1,manual_assembly,1,2,"{""buffer_de_entrada"": 0, ""manual_assembly(in process)"": 1, ""transport_1(in process)"": 0}","{""blocked"": 1}",0,0,0,"{""manual_assembly"": {""blocked"": 1}, ""selective_soldering"": {""blocked"": 1}, ""inspection"": {""waiting_resource"": 1}}",3
23189.166667,06:26:29.167,transport_1,WIP_BELOW_TARGET,feed WIP 1 < target 2 -> feeder task (keep 'selective_soldering' fed),transport_1|inspection,inspection,1,2,"{""buffer_de_entrada"": 0, ""manual_assembly(in process)"": 1, ""transport_1(in process)"": 0}","{""starved"": 1}",0,1,0,"{""manual_assembly"": {""blocked"": 1}, ""selective_soldering"": {""starved"": 1}, ""inspection"": {""waiting_resource"": 1}}",3
23220.0,06:26:60.000,manual_assembly,WIP_BELOW_TARGET,feed WIP 0 < target 2 -> feeder task (keep 'selective_soldering' fed),manual_assembly|inspection,transport_1,0,2,"{""buffer_de_entrada"": 0, ""manual_assembly(in process)"": 0, ""transport_1(in process)"": 0}","{""busy"": 1}",0,0,0,"{""manual_assembly"": {""waiting_resource"": 1}, ""selective_soldering"": {""busy"": 1}, ""inspection"": {""waiting_resource"": 1}}",3
23348.333333,06:29:08.333,inspection,PROTECTED_BLOCKED,"'selective_soldering' is BLOCKED (output full) -> downstream task first to unblock it (feed WIP 1, target 2)",inspection|transport_1,manual_assembly,1,2,"{""buffer_de_entrada"": 0, ""manual_assembly(in process)"": 1, ""transport_1(in process)"": 0}","{""blocked"": 1}",0,0,0,"{""manual_assembly"": {""blocked"": 1}, ""selective_soldering"": {""blocked"": 1}, ""inspection"": {""waiting_resource"": 1}}",3
23420.833333,06:30:20.833,transport_1,WIP_BELOW_TARGET,feed WIP 1 < target 2 -> feeder task (keep 'selective_soldering' fed),transport_1|inspection,inspection,1,2,"{""buffer_de_entrada"": 0, ""manual_assembly(in process)"": 1, ""transport_1(in process)"": 0}","{""starved"": 1}",0,1,0,"{""manual_assembly"": {""blocked"": 1}, ""selective_soldering"": {""starved"": 1}, ""inspection"": {""waiting_resource"": 1}}",3
23451.666667,06:30:51.667,manual_assembly,WIP_BELOW_TARGET,feed WIP 0 < target 2 -> feeder task (keep 'selective_soldering' fed),manual_assembly|inspection,transport_1,0,2,"{""buffer_de_entrada"": 0, ""manual_assembly(in process)"": 0, ""transport_1(in process)"": 0}","{""busy"": 1}",0,0,0,"{""manual_assembly"": {""waiting_resource"": 1}, ""selective_soldering"": {""busy"": 1}, ""inspection"": {""waiting_resource"": 1}}",3
23580.0,06:32:60.000,inspection,PROTECTED_BLOCKED,"'selective_soldering' is BLOCKED (output full) -> downstream task first to unblock it (feed WIP 1, target 2)",inspection|transport_1,manual_assembly,1,2,"{""buffer_de_entrada"": 0, ""manual_assembly(in process)"": 1, ""transport_1(in process)"": 0}","{""blocked"": 1}",0,0,0,"{""manual_assembly"": {""blocked"": 1}, ""selective_soldering"": {""blocked"": 1}, ""inspection"": {""waiting_resource"": 1}}",3
23652.5,06:34:12.500,transport_1,WIP_BELOW_TARGET,feed WIP 1 < target 2 -> feeder task (keep 'selective_soldering' fed),transport_1|inspection,inspection,1,2,"{""buffer_de_entrada"": 0, ""manual_assembly(in process)"": 1, ""transport_1(in process)"": 0}","{""starved"": 1}",0,1,0,"{""manual_assembly"": {""blocked"": 1}, ""selective_soldering"": {""starved"": 1}, ""inspection"": {""waiting_resource"": 1}}",3
23683.333333,06:34:43.333,manual_assembly,WIP_BELOW_TARGET,feed WIP 0 < target 2 -> feeder task (keep 'selective_soldering' fed),manual_assembly|inspection,transport_1,0,2,"{""buffer_de_entrada"": 0, ""manual_assembly(in process)"": 0, ""transport_1(in process)"": 0}","{""busy"": 1}",0,0,0,"{""manual_assembly"": {""waiting_resource"": 1}, ""selective_soldering"": {""busy"": 1}, ""inspection"": {""waiting_resource"": 1}}",3
23811.666667,06:36:51.667,inspection,PROTECTED_BLOCKED,"'selective_soldering' is BLOCKED (output full) -> downstream task first to unblock it (feed WIP 1, target 2)",inspection|transport_1,manual_assembly,1,2,"{""buffer_de_entrada"": 0, ""manual_assembly(in process)"": 1, ""transport_1(in process)"": 0}","{""blocked"": 1}",0,0,0,"{""manual_assembly"": {""blocked"": 1}, ""selective_soldering"": {""blocked"": 1}, ""inspection"": {""waiting_resource"": 1}}",3
23884.166667,06:38:04.167,transport_1,WIP_BELOW_TARGET,feed WIP 1 < target 2 -> feeder task (keep 'selective_soldering' fed),transport_1|inspection,inspection,1,2,"{""buffer_de_entrada"": 0, ""manual_assembly(in process)"": 1, ""transport_1(in process)"": 0}","{""starved"": 1}",0,1,0,"{""manual_assembly"": {""blocked"": 1}, ""selective_soldering"": {""starved"": 1}, ""inspection"": {""waiting_resource"": 1}}",3
23915.0,06:38:35.000,manual_assembly,WIP_BELOW_TARGET,feed WIP 0 < target 2 -> feeder task (keep 'selective_soldering' fed),manual_assembly|inspection,transport_1,0,2,"{""buffer_de_entrada"": 0, ""manual_assembly(in process)"": 0, ""transport_1(in process)"": 0}","{""busy"": 1}",0,0,0,"{""manual_assembly"": {""waiting_resource"": 1}, ""selective_soldering"": {""busy"": 1}, ""inspection"": {""waiting_resource"": 1}}",3
24043.333333,06:40:43.333,inspection,PROTECTED_BLOCKED,"'selective_soldering' is BLOCKED (output full) -> downstream task first to unblock it (feed WIP 1, target 2)",inspection|transport_1,manual_assembly,1,2,"{""buffer_de_entrada"": 0, ""manual_assembly(in process)"": 1, ""transport_1(in process)"": 0}","{""blocked"": 1}",0,0,0,"{""manual_assembly"": {""blocked"": 1}, ""selective_soldering"": {""blocked"": 1}, ""inspection"": {""waiting_resource"": 1}}",3
24115.833333,06:41:55.833,transport_1,WIP_BELOW_TARGET,feed WIP 1 < target 2 -> feeder task (keep 'selective_soldering' fed),transport_1|inspection,inspection,1,2,"{""buffer_de_entrada"": 0, ""manual_assembly(in process)"": 1, ""transport_1(in process)"": 0}","{""starved"": 1}",0,1,0,"{""manual_assembly"": {""blocked"": 1}, ""selective_soldering"": {""starved"": 1}, ""inspection"": {""waiting_resource"": 1}}",3
24146.666667,06:42:26.667,manual_assembly,WIP_BELOW_TARGET,feed WIP 0 < target 2 -> feeder task (keep 'selective_soldering' fed),manual_assembly|inspection,transport_1,0,2,"{""buffer_de_entrada"": 0, ""manual_assembly(in process)"": 0, ""transport_1(in process)"": 0}","{""busy"": 1}",0,0,0,"{""manual_assembly"": {""waiting_resource"": 1}, ""selective_soldering"": {""busy"": 1}, ""inspection"": {""waiting_resource"": 1}}",3
24275.0,06:44:35.000,inspection,PROTECTED_BLOCKED,"'selective_soldering' is BLOCKED (output full) -> downstream task first to unblock it (feed WIP 1, target 2)",inspection|transport_1,manual_assembly,1,2,"{""buffer_de_entrada"": 0, ""manual_assembly(in process)"": 1, ""transport_1(in process)"": 0}","{""blocked"": 1}",0,0,0,"{""manual_assembly"": {""blocked"": 1}, ""selective_soldering"": {""blocked"": 1}, ""inspection"": {""waiting_resource"": 1}}",3
24347.5,06:45:47.500,transport_1,WIP_BELOW_TARGET,feed WIP 1 < target 2 -> feeder task (keep 'selective_soldering' fed),transport_1|inspection,inspection,1,2,"{""buffer_de_entrada"": 0, ""manual_assembly(in process)"": 1, ""transport_1(in process)"": 0}","{""starved"": 1}",0,1,0,"{""manual_assembly"": {""blocked"": 1}, ""selective_soldering"": {""starved"": 1}, ""inspection"": {""waiting_resource"": 1}}",3
24378.333333,06:46:18.333,manual_assembly,WIP_BELOW_TARGET,feed WIP 0 < target 2 -> feeder task (keep 'selective_soldering' fed),manual_assembly|inspection,transport_1,0,2,"{""buffer_de_entrada"": 0, ""manual_assembly(in process)"": 0, ""transport_1(in process)"": 0}","{""busy"": 1}",0,0,0,"{""manual_assembly"": {""waiting_resource"": 1}, ""selective_soldering"": {""busy"": 1}, ""inspection"": {""waiting_resource"": 1}}",3
24506.666667,06:48:26.667,inspection,PROTECTED_BLOCKED,"'selective_soldering' is BLOCKED (output full) -> downstream task first to unblock it (feed WIP 1, target 2)",inspection|transport_1,manual_assembly,1,2,"{""buffer_de_entrada"": 0, ""manual_assembly(in process)"": 1, ""transport_1(in process)"": 0}","{""blocked"": 1}",0,0,0,"{""manual_assembly"": {""blocked"": 1}, ""selective_soldering"": {""blocked"": 1}, ""inspection"": {""waiting_resource"": 1}}",3
24579.166667,06:49:39.167,transport_1,WIP_BELOW_TARGET,feed WIP 1 < target 2 -> feeder task (keep 'selective_soldering' fed),transport_1|inspection,inspection,1,2,"{""buffer_de_entrada"": 0, ""manual_assembly(in process)"": 1, ""transport_1(in process)"": 0}","{""starved"": 1}",0,1,0,"{""manual_assembly"": {""blocked"": 1}, ""selective_soldering"": {""starved"": 1}, ""inspection"": {""waiting_resource"": 1}}",3
24610.0,06:50:10.000,manual_assembly,WIP_BELOW_TARGET,feed WIP 0 < target 2 -> feeder task (keep 'selective_soldering' fed),manual_assembly|inspection,transport_1,0,2,"{""buffer_de_entrada"": 0, ""manual_assembly(in process)"": 0, ""transport_1(in process)"": 0}","{""busy"": 1}",0,0,0,"{""manual_assembly"": {""waiting_resource"": 1}, ""selective_soldering"": {""busy"": 1}, ""inspection"": {""waiting_resource"": 1}}",3
24738.333333,06:52:18.333,inspection,PROTECTED_BLOCKED,"'selective_soldering' is BLOCKED (output full) -> downstream task first to unblock it (feed WIP 1, target 2)",inspection|transport_1,manual_assembly,1,2,"{""buffer_de_entrada"": 0, ""manual_assembly(in process)"": 1, ""transport_1(in process)"": 0}","{""blocked"": 1}",0,0,0,"{""manual_assembly"": {""blocked"": 1}, ""selective_soldering"": {""blocked"": 1}, ""inspection"": {""waiting_resource"": 1}}",3
24810.833333,06:53:30.833,transport_1,WIP_BELOW_TARGET,feed WIP 1 < target 2 -> feeder task (keep 'selective_soldering' fed),transport_1|inspection,inspection,1,2,"{""buffer_de_entrada"": 0, ""manual_assembly(in process)"": 1, ""transport_1(in process)"": 0}","{""starved"": 1}",0,1,0,"{""manual_assembly"": {""blocked"": 1}, ""selective_soldering"": {""starved"": 1}, ""inspection"": {""waiting_resource"": 1}}",3
24841.666667,06:54:01.667,manual_assembly,WIP_BELOW_TARGET,feed WIP 0 < target 2 -> feeder task (keep 'selective_soldering' fed),manual_assembly|inspection,transport_1,0,2,"{""buffer_de_entrada"": 0, ""manual_assembly(in process)"": 0, ""transport_1(in process)"": 0}","{""busy"": 1}",0,0,0,"{""manual_assembly"": {""waiting_resource"": 1}, ""selective_soldering"": {""busy"": 1}, ""inspection"": {""waiting_resource"": 1}}",3
24970.0,06:56:10.000,inspection,PROTECTED_BLOCKED,"'selective_soldering' is BLOCKED (output full) -> downstream task first to unblock it (feed WIP 1, target 2)",inspection|transport_1,manual_assembly,1,2,"{""buffer_de_entrada"": 0, ""manual_assembly(in process)"": 1, ""transport_1(in process)"": 0}","{""blocked"": 1}",0,0,0,"{""manual_assembly"": {""blocked"": 1}, ""selective_soldering"": {""blocked"": 1}, ""inspection"": {""waiting_resource"": 1}}",3
25042.5,06:57:22.500,transport_1,WIP_BELOW_TARGET,feed WIP 1 < target 2 -> feeder task (keep 'selective_soldering' fed),transport_1|inspection,inspection,1,2,"{""buffer_de_entrada"": 0, ""manual_assembly(in process)"": 1, ""transport_1(in process)"": 0}","{""starved"": 1}",0,1,0,"{""manual_assembly"": {""blocked"": 1}, ""selective_soldering"": {""starved"": 1}, ""inspection"": {""waiting_resource"": 1}}",3
25073.333333,06:57:53.333,manual_assembly,WIP_BELOW_TARGET,feed WIP 0 < target 2 -> feeder task (keep 'selective_soldering' fed),manual_assembly|inspection,transport_1,0,2,"{""buffer_de_entrada"": 0, ""manual_assembly(in process)"": 0, ""transport_1(in process)"": 0}","{""busy"": 1}",0,0,0,"{""manual_assembly"": {""waiting_resource"": 1}, ""selective_soldering"": {""busy"": 1}, ""inspection"": {""waiting_resource"": 1}}",3
25201.666667,07:00:01.667,inspection,PROTECTED_BLOCKED,"'selective_soldering' is BLOCKED (output full) -> downstream task first to unblock it (feed WIP 1, target 2)",inspection|transport_1,manual_assembly,1,2,"{""buffer_de_entrada"": 0, ""manual_assembly(in process)"": 1, ""transport_1(in process)"": 0}","{""blocked"": 1}",0,0,0,"{""manual_assembly"": {""blocked"": 1}, ""selective_soldering"": {""blocked"": 1}, ""inspection"": {""waiting_resource"": 1}}",3
25274.166667,07:01:14.167,transport_1,WIP_BELOW_TARGET,feed WIP 1 < target 2 -> feeder task (keep 'selective_soldering' fed),transport_1|inspection,inspection,1,2,"{""buffer_de_entrada"": 0, ""manual_assembly(in process)"": 1, ""transport_1(in process)"": 0}","{""starved"": 1}",0,1,0,"{""manual_assembly"": {""blocked"": 1}, ""selective_soldering"": {""starved"": 1}, ""inspection"": {""waiting_resource"": 1}}",3
25305.0,07:01:45.000,manual_assembly,WIP_BELOW_TARGET,feed WIP 0 < target 2 -> feeder task (keep 'selective_soldering' fed),manual_assembly|inspection,transport_1,0,2,"{""buffer_de_entrada"": 0, ""manual_assembly(in process)"": 0, ""transport_1(in process)"": 0}","{""busy"": 1}",0,0,0,"{""manual_assembly"": {""waiting_resource"": 1}, ""selective_soldering"": {""busy"": 1}, ""inspection"": {""waiting_resource"": 1}}",3
25433.333333,07:03:53.333,inspection,PROTECTED_BLOCKED,"'selective_soldering' is BLOCKED (output full) -> downstream task first to unblock it (feed WIP 1, target 2)",inspection|transport_1,manual_assembly,1,2,"{""buffer_de_entrada"": 0, ""manual_assembly(in process)"": 1, ""transport_1(in process)"": 0}","{""blocked"": 1}",0,0,0,"{""manual_assembly"": {""blocked"": 1}, ""selective_soldering"": {""blocked"": 1}, ""inspection"": {""waiting_resource"": 1}}",3
25505.833333,07:05:05.833,transport_1,WIP_BELOW_TARGET,feed WIP 1 < target 2 -> feeder task (keep 'selective_soldering' fed),transport_1|inspection,inspection,1,2,"{""buffer_de_entrada"": 0, ""manual_assembly(in process)"": 1, ""transport_1(in process)"": 0}","{""starved"": 1}",0,1,0,"{""manual_assembly"": {""blocked"": 1}, ""selective_soldering"": {""starved"": 1}, ""inspection"": {""waiting_resource"": 1}}",3
25536.666667,07:05:36.667,manual_assembly,WIP_BELOW_TARGET,feed WIP 0 < target 2 -> feeder task (keep 'selective_soldering' fed),manual_assembly|inspection,transport_1,0,2,"{""buffer_de_entrada"": 0, ""manual_assembly(in process)"": 0, ""transport_1(in process)"": 0}","{""busy"": 1}",0,0,0,"{""manual_assembly"": {""waiting_resource"": 1}, ""selective_soldering"": {""busy"": 1}, ""inspection"": {""waiting_resource"": 1}}",3
25665.0,07:07:45.000,inspection,PROTECTED_BLOCKED,"'selective_soldering' is BLOCKED (output full) -> downstream task first to unblock it (feed WIP 1, target 2)",inspection|transport_1,manual_assembly,1,2,"{""buffer_de_entrada"": 0, ""manual_assembly(in process)"": 1, ""transport_1(in process)"": 0}","{""blocked"": 1}",0,0,0,"{""manual_assembly"": {""blocked"": 1}, ""selective_soldering"": {""blocked"": 1}, ""inspection"": {""waiting_resource"": 1}}",3
25737.5,07:08:57.500,transport_1,WIP_BELOW_TARGET,feed WIP 1 < target 2 -> feeder task (keep 'selective_soldering' fed),transport_1|inspection,inspection,1,2,"{""buffer_de_entrada"": 0, ""manual_assembly(in process)"": 1, ""transport_1(in process)"": 0}","{""starved"": 1}",0,1,0,"{""manual_assembly"": {""blocked"": 1}, ""selective_soldering"": {""starved"": 1}, ""inspection"": {""waiting_resource"": 1}}",3
25768.333333,07:09:28.333,manual_assembly,WIP_BELOW_TARGET,feed WIP 0 < target 2 -> feeder task (keep 'selective_soldering' fed),manual_assembly|inspection,transport_1,0,2,"{""buffer_de_entrada"": 0, ""manual_assembly(in process)"": 0, ""transport_1(in process)"": 0}","{""busy"": 1}",0,0,0,"{""manual_assembly"": {""waiting_resource"": 1}, ""selective_soldering"": {""busy"": 1}, ""inspection"": {""waiting_resource"": 1}}",3
25896.666667,07:11:36.667,inspection,PROTECTED_BLOCKED,"'selective_soldering' is BLOCKED (output full) -> downstream task first to unblock it (feed WIP 1, target 2)",inspection|transport_1,manual_assembly,1,2,"{""buffer_de_entrada"": 0, ""manual_assembly(in process)"": 1, ""transport_1(in process)"": 0}","{""blocked"": 1}",0,0,0,"{""manual_assembly"": {""blocked"": 1}, ""selective_soldering"": {""blocked"": 1}, ""inspection"": {""waiting_resource"": 1}}",3
25969.166667,07:12:49.167,transport_1,WIP_BELOW_TARGET,feed WIP 1 < target 2 -> feeder task (keep 'selective_soldering' fed),transport_1|inspection,inspection,1,2,"{""buffer_de_entrada"": 0, ""manual_assembly(in process)"": 1, ""transport_1(in process)"": 0}","{""starved"": 1}",0,1,0,"{""manual_assembly"": {""blocked"": 1}, ""selective_soldering"": {""starved"": 1}, ""inspection"": {""waiting_resource"": 1}}",3
26000.0,07:13:20.000,manual_assembly,WIP_BELOW_TARGET,feed WIP 0 < target 2 -> feeder task (keep 'selective_soldering' fed),manual_assembly|inspection,transport_1,0,2,"{""buffer_de_entrada"": 0, ""manual_assembly(in process)"": 0, ""transport_1(in process)"": 0}","{""busy"": 1}",0,0,0,"{""manual_assembly"": {""waiting_resource"": 1}, ""selective_soldering"": {""busy"": 1}, ""inspection"": {""waiting_resource"": 1}}",3
26128.333333,07:15:28.333,inspection,PROTECTED_BLOCKED,"'selective_soldering' is BLOCKED (output full) -> downstream task first to unblock it (feed WIP 1, target 2)",inspection|transport_1,manual_assembly,1,2,"{""buffer_de_entrada"": 0, ""manual_assembly(in process)"": 1, ""transport_1(in process)"": 0}","{""blocked"": 1}",0,0,0,"{""manual_assembly"": {""blocked"": 1}, ""selective_soldering"": {""blocked"": 1}, ""inspection"": {""waiting_resource"": 1}}",3
26200.833333,07:16:40.833,transport_1,WIP_BELOW_TARGET,feed WIP 1 < target 2 -> feeder task (keep 'selective_soldering' fed),transport_1|inspection,inspection,1,2,"{""buffer_de_entrada"": 0, ""manual_assembly(in process)"": 1, ""transport_1(in process)"": 0}","{""starved"": 1}",0,1,0,"{""manual_assembly"": {""blocked"": 1}, ""selective_soldering"": {""starved"": 1}, ""inspection"": {""waiting_resource"": 1}}",3
26231.666667,07:17:11.667,manual_assembly,WIP_BELOW_TARGET,feed WIP 0 < target 2 -> feeder task (keep 'selective_soldering' fed),manual_assembly|inspection,transport_1,0,2,"{""buffer_de_entrada"": 0, ""manual_assembly(in process)"": 0, ""transport_1(in process)"": 0}","{""busy"": 1}",0,0,0,"{""manual_assembly"": {""waiting_resource"": 1}, ""selective_soldering"": {""busy"": 1}, ""inspection"": {""waiting_resource"": 1}}",3
26360.0,07:19:20.000,inspection,PROTECTED_BLOCKED,"'selective_soldering' is BLOCKED (output full) -> downstream task first to unblock it (feed WIP 1, target 2)",inspection|transport_1,manual_assembly,1,2,"{""buffer_de_entrada"": 0, ""manual_assembly(in process)"": 1, ""transport_1(in process)"": 0}","{""blocked"": 1}",0,0,0,"{""manual_assembly"": {""blocked"": 1}, ""selective_soldering"": {""blocked"": 1}, ""inspection"": {""waiting_resource"": 1}}",3
26432.5,07:20:32.500,transport_1,WIP_BELOW_TARGET,feed WIP 1 < target 2 -> feeder task (keep 'selective_soldering' fed),transport_1|inspection,inspection,1,2,"{""buffer_de_entrada"": 0, ""manual_assembly(in process)"": 1, ""transport_1(in process)"": 0}","{""starved"": 1}",0,1,0,"{""manual_assembly"": {""blocked"": 1}, ""selective_soldering"": {""starved"": 1}, ""inspection"": {""waiting_resource"": 1}}",3
26463.333333,07:21:03.333,manual_assembly,WIP_BELOW_TARGET,feed WIP 0 < target 2 -> feeder task (keep 'selective_soldering' fed),manual_assembly|inspection,transport_1,0,2,"{""buffer_de_entrada"": 0, ""manual_assembly(in process)"": 0, ""transport_1(in process)"": 0}","{""busy"": 1}",0,0,0,"{""manual_assembly"": {""waiting_resource"": 1}, ""selective_soldering"": {""busy"": 1}, ""inspection"": {""waiting_resource"": 1}}",3
26591.666667,07:23:11.667,inspection,PROTECTED_BLOCKED,"'selective_soldering' is BLOCKED (output full) -> downstream task first to unblock it (feed WIP 1, target 2)",inspection|transport_1,manual_assembly,1,2,"{""buffer_de_entrada"": 0, ""manual_assembly(in process)"": 1, ""transport_1(in process)"": 0}","{""blocked"": 1}",0,0,0,"{""manual_assembly"": {""blocked"": 1}, ""selective_soldering"": {""blocked"": 1}, ""inspection"": {""waiting_resource"": 1}}",3
26664.166667,07:24:24.167,transport_1,WIP_BELOW_TARGET,feed WIP 1 < target 2 -> feeder task (keep 'selective_soldering' fed),transport_1|inspection,inspection,1,2,"{""buffer_de_entrada"": 0, ""manual_assembly(in process)"": 1, ""transport_1(in process)"": 0}","{""starved"": 1}",0,1,0,"{""manual_assembly"": {""blocked"": 1}, ""selective_soldering"": {""starved"": 1}, ""inspection"": {""waiting_resource"": 1}}",3
26695.0,07:24:55.000,manual_assembly,WIP_BELOW_TARGET,feed WIP 0 < target 2 -> feeder task (keep 'selective_soldering' fed),manual_assembly|inspection,transport_1,0,2,"{""buffer_de_entrada"": 0, ""manual_assembly(in process)"": 0, ""transport_1(in process)"": 0}","{""busy"": 1}",0,0,0,"{""manual_assembly"": {""waiting_resource"": 1}, ""selective_soldering"": {""busy"": 1}, ""inspection"": {""waiting_resource"": 1}}",3
26823.333333,07:27:03.333,inspection,PROTECTED_BLOCKED,"'selective_soldering' is BLOCKED (output full) -> downstream task first to unblock it (feed WIP 1, target 2)",inspection|transport_1,manual_assembly,1,2,"{""buffer_de_entrada"": 0, ""manual_assembly(in process)"": 1, ""transport_1(in process)"": 0}","{""blocked"": 1}",0,0,0,"{""manual_assembly"": {""blocked"": 1}, ""selective_soldering"": {""blocked"": 1}, ""inspection"": {""waiting_resource"": 1}}",3
26895.833333,07:28:15.833,transport_1,WIP_BELOW_TARGET,feed WIP 1 < target 2 -> feeder task (keep 'selective_soldering' fed),transport_1|inspection,inspection,1,2,"{""buffer_de_entrada"": 0, ""manual_assembly(in process)"": 1, ""transport_1(in process)"": 0}","{""starved"": 1}",0,1,0,"{""manual_assembly"": {""blocked"": 1}, ""selective_soldering"": {""starved"": 1}, ""inspection"": {""waiting_resource"": 1}}",3
26926.666667,07:28:46.667,manual_assembly,WIP_BELOW_TARGET,feed WIP 0 < target 2 -> feeder task (keep 'selective_soldering' fed),manual_assembly|inspection,transport_1,0,2,"{""buffer_de_entrada"": 0, ""manual_assembly(in process)"": 0, ""transport_1(in process)"": 0}","{""busy"": 1}",0,0,0,"{""manual_assembly"": {""waiting_resource"": 1}, ""selective_soldering"": {""busy"": 1}, ""inspection"": {""waiting_resource"": 1}}",3
27055.0,07:30:55.000,inspection,PROTECTED_BLOCKED,"'selective_soldering' is BLOCKED (output full) -> downstream task first to unblock it (feed WIP 1, target 2)",inspection|transport_1,manual_assembly,1,2,"{""buffer_de_entrada"": 0, ""manual_assembly(in process)"": 1, ""transport_1(in process)"": 0}","{""blocked"": 1}",0,0,0,"{""manual_assembly"": {""blocked"": 1}, ""selective_soldering"": {""blocked"": 1}, ""inspection"": {""waiting_resource"": 1}}",3
27127.5,07:32:07.500,transport_1,WIP_BELOW_TARGET,feed WIP 1 < target 2 -> feeder task (keep 'selective_soldering' fed),transport_1|inspection,inspection,1,2,"{""buffer_de_entrada"": 0, ""manual_assembly(in process)"": 1, ""transport_1(in process)"": 0}","{""starved"": 1}",0,1,0,"{""manual_assembly"": {""blocked"": 1}, ""selective_soldering"": {""starved"": 1}, ""inspection"": {""waiting_resource"": 1}}",3
27158.333333,07:32:38.333,manual_assembly,WIP_BELOW_TARGET,feed WIP 0 < target 2 -> feeder task (keep 'selective_soldering' fed),manual_assembly|inspection,transport_1,0,2,"{""buffer_de_entrada"": 0, ""manual_assembly(in process)"": 0, ""transport_1(in process)"": 0}","{""busy"": 1}",0,0,0,"{""manual_assembly"": {""waiting_resource"": 1}, ""selective_soldering"": {""busy"": 1}, ""inspection"": {""waiting_resource"": 1}}",3
27286.666667,07:34:46.667,inspection,PROTECTED_BLOCKED,"'selective_soldering' is BLOCKED (output full) -> downstream task first to unblock it (feed WIP 1, target 2)",inspection|transport_1,manual_assembly,1,2,"{""buffer_de_entrada"": 0, ""manual_assembly(in process)"": 1, ""transport_1(in process)"": 0}","{""blocked"": 1}",0,0,0,"{""manual_assembly"": {""blocked"": 1}, ""selective_soldering"": {""blocked"": 1}, ""inspection"": {""waiting_resource"": 1}}",3
27359.166667,07:35:59.167,transport_1,WIP_BELOW_TARGET,feed WIP 1 < target 2 -> feeder task (keep 'selective_soldering' fed),transport_1|inspection,inspection,1,2,"{""buffer_de_entrada"": 0, ""manual_assembly(in process)"": 1, ""transport_1(in process)"": 0}","{""starved"": 1}",0,1,0,"{""manual_assembly"": {""blocked"": 1}, ""selective_soldering"": {""starved"": 1}, ""inspection"": {""waiting_resource"": 1}}",3
27390.0,07:36:30.000,manual_assembly,WIP_BELOW_TARGET,feed WIP 0 < target 2 -> feeder task (keep 'selective_soldering' fed),manual_assembly|inspection,transport_1,0,2,"{""buffer_de_entrada"": 0, ""manual_assembly(in process)"": 0, ""transport_1(in process)"": 0}","{""busy"": 1}",0,0,0,"{""manual_assembly"": {""waiting_resource"": 1}, ""selective_soldering"": {""busy"": 1}, ""inspection"": {""waiting_resource"": 1}}",3
27518.333333,07:38:38.333,inspection,PROTECTED_BLOCKED,"'selective_soldering' is BLOCKED (output full) -> downstream task first to unblock it (feed WIP 1, target 2)",inspection|transport_1,manual_assembly,1,2,"{""buffer_de_entrada"": 0, ""manual_assembly(in process)"": 1, ""transport_1(in process)"": 0}","{""blocked"": 1}",0,0,0,"{""manual_assembly"": {""blocked"": 1}, ""selective_soldering"": {""blocked"": 1}, ""inspection"": {""waiting_resource"": 1}}",3
27590.833333,07:39:50.833,transport_1,WIP_BELOW_TARGET,feed WIP 1 < target 2 -> feeder task (keep 'selective_soldering' fed),transport_1|inspection,inspection,1,2,"{""buffer_de_entrada"": 0, ""manual_assembly(in process)"": 1, ""transport_1(in process)"": 0}","{""starved"": 1}",0,1,0,"{""manual_assembly"": {""blocked"": 1}, ""selective_soldering"": {""starved"": 1}, ""inspection"": {""waiting_resource"": 1}}",3
27621.666667,07:40:21.667,manual_assembly,WIP_BELOW_TARGET,feed WIP 0 < target 2 -> feeder task (keep 'selective_soldering' fed),manual_assembly|inspection,transport_1,0,2,"{""buffer_de_entrada"": 0, ""manual_assembly(in process)"": 0, ""transport_1(in process)"": 0}","{""busy"": 1}",0,0,0,"{""manual_assembly"": {""waiting_resource"": 1}, ""selective_soldering"": {""busy"": 1}, ""inspection"": {""waiting_resource"": 1}}",3
27750.0,07:42:30.000,inspection,PROTECTED_BLOCKED,"'selective_soldering' is BLOCKED (output full) -> downstream task first to unblock it (feed WIP 1, target 2)",inspection|transport_1,manual_assembly,1,2,"{""buffer_de_entrada"": 0, ""manual_assembly(in process)"": 1, ""transport_1(in process)"": 0}","{""blocked"": 1}",0,0,0,"{""manual_assembly"": {""blocked"": 1}, ""selective_soldering"": {""blocked"": 1}, ""inspection"": {""waiting_resource"": 1}}",3
27822.5,07:43:42.500,transport_1,WIP_BELOW_TARGET,feed WIP 1 < target 2 -> feeder task (keep 'selective_soldering' fed),transport_1|inspection,inspection,1,2,"{""buffer_de_entrada"": 0, ""manual_assembly(in process)"": 1, ""transport_1(in process)"": 0}","{""starved"": 1}",0,1,0,"{""manual_assembly"": {""blocked"": 1}, ""selective_soldering"": {""starved"": 1}, ""inspection"": {""waiting_resource"": 1}}",3
27853.333333,07:44:13.333,manual_assembly,WIP_BELOW_TARGET,feed WIP 0 < target 2 -> feeder task (keep 'selective_soldering' fed),manual_assembly|inspection,transport_1,0,2,"{""buffer_de_entrada"": 0, ""manual_assembly(in process)"": 0, ""transport_1(in process)"": 0}","{""busy"": 1}",0,0,0,"{""manual_assembly"": {""waiting_resource"": 1}, ""selective_soldering"": {""busy"": 1}, ""inspection"": {""waiting_resource"": 1}}",3
27981.666667,07:46:21.667,inspection,PROTECTED_BLOCKED,"'selective_soldering' is BLOCKED (output full) -> downstream task first to unblock it (feed WIP 1, target 2)",inspection|transport_1,manual_assembly,1,2,"{""buffer_de_entrada"": 0, ""manual_assembly(in process)"": 1, ""transport_1(in process)"": 0}","{""blocked"": 1}",0,0,0,"{""manual_assembly"": {""blocked"": 1}, ""selective_soldering"": {""blocked"": 1}, ""inspection"": {""waiting_resource"": 1}}",3
28054.166667,07:47:34.167,transport_1,WIP_BELOW_TARGET,feed WIP 1 < target 2 -> feeder task (keep 'selective_soldering' fed),transport_1|inspection,inspection,1,2,"{""buffer_de_entrada"": 0, ""manual_assembly(in process)"": 1, ""transport_1(in process)"": 0}","{""starved"": 1}",0,1,0,"{""manual_assembly"": {""blocked"": 1}, ""selective_soldering"": {""starved"": 1}, ""inspection"": {""waiting_resource"": 1}}",3
28085.0,07:48:05.000,manual_assembly,WIP_BELOW_TARGET,feed WIP 0 < target 2 -> feeder task (keep 'selective_soldering' fed),manual_assembly|inspection,transport_1,0,2,"{""buffer_de_entrada"": 0, ""manual_assembly(in process)"": 0, ""transport_1(in process)"": 0}","{""busy"": 1}",0,0,0,"{""manual_assembly"": {""waiting_resource"": 1}, ""selective_soldering"": {""busy"": 1}, ""inspection"": {""waiting_resource"": 1}}",3
28213.333333,07:50:13.333,inspection,PROTECTED_BLOCKED,"'selective_soldering' is BLOCKED (output full) -> downstream task first to unblock it (feed WIP 1, target 2)",inspection|transport_1,manual_assembly,1,2,"{""buffer_de_entrada"": 0, ""manual_assembly(in process)"": 1, ""transport_1(in process)"": 0}","{""blocked"": 1}",0,0,0,"{""manual_assembly"": {""blocked"": 1}, ""selective_soldering"": {""blocked"": 1}, ""inspection"": {""waiting_resource"": 1}}",3
28285.833333,07:51:25.833,transport_1,WIP_BELOW_TARGET,feed WIP 1 < target 2 -> feeder task (keep 'selective_soldering' fed),transport_1|inspection,inspection,1,2,"{""buffer_de_entrada"": 0, ""manual_assembly(in process)"": 1, ""transport_1(in process)"": 0}","{""starved"": 1}",0,1,0,"{""manual_assembly"": {""blocked"": 1}, ""selective_soldering"": {""starved"": 1}, ""inspection"": {""waiting_resource"": 1}}",3
28316.666667,07:51:56.667,manual_assembly,WIP_BELOW_TARGET,feed WIP 0 < target 2 -> feeder task (keep 'selective_soldering' fed),manual_assembly|inspection,transport_1,0,2,"{""buffer_de_entrada"": 0, ""manual_assembly(in process)"": 0, ""transport_1(in process)"": 0}","{""busy"": 1}",0,0,0,"{""manual_assembly"": {""waiting_resource"": 1}, ""selective_soldering"": {""busy"": 1}, ""inspection"": {""waiting_resource"": 1}}",3
28445.0,07:54:05.000,inspection,PROTECTED_BLOCKED,"'selective_soldering' is BLOCKED (output full) -> downstream task first to unblock it (feed WIP 1, target 2)",inspection|transport_1,manual_assembly,1,2,"{""buffer_de_entrada"": 0, ""manual_assembly(in process)"": 1, ""transport_1(in process)"": 0}","{""blocked"": 1}",0,0,0,"{""manual_assembly"": {""blocked"": 1}, ""selective_soldering"": {""blocked"": 1}, ""inspection"": {""waiting_resource"": 1}}",3
28517.5,07:55:17.500,transport_1,WIP_BELOW_TARGET,feed WIP 1 < target 2 -> feeder task (keep 'selective_soldering' fed),transport_1|inspection,inspection,1,2,"{""buffer_de_entrada"": 0, ""manual_assembly(in process)"": 1, ""transport_1(in process)"": 0}","{""starved"": 1}",0,1,0,"{""manual_assembly"": {""blocked"": 1}, ""selective_soldering"": {""starved"": 1}, ""inspection"": {""waiting_resource"": 1}}",3
28548.333333,07:55:48.333,manual_assembly,WIP_BELOW_TARGET,feed WIP 0 < target 2 -> feeder task (keep 'selective_soldering' fed),manual_assembly|inspection,transport_1,0,2,"{""buffer_de_entrada"": 0, ""manual_assembly(in process)"": 0, ""transport_1(in process)"": 0}","{""busy"": 1}",0,0,0,"{""manual_assembly"": {""waiting_resource"": 1}, ""selective_soldering"": {""busy"": 1}, ""inspection"": {""waiting_resource"": 1}}",3
28676.666667,07:57:56.667,inspection,PROTECTED_BLOCKED,"'selective_soldering' is BLOCKED (output full) -> downstream task first to unblock it (feed WIP 1, target 2)",inspection|transport_1,manual_assembly,1,2,"{""buffer_de_entrada"": 0, ""manual_assembly(in process)"": 1, ""transport_1(in process)"": 0}","{""blocked"": 1}",0,0,0,"{""manual_assembly"": {""blocked"": 1}, ""selective_soldering"": {""blocked"": 1}, ""inspection"": {""waiting_resource"": 1}}",3
28749.166667,07:59:09.167,transport_1,WIP_BELOW_TARGET,feed WIP 1 < target 2 -> feeder task (keep 'selective_soldering' fed),transport_1|inspection,inspection,1,2,"{""buffer_de_entrada"": 0, ""manual_assembly(in process)"": 1, ""transport_1(in process)"": 0}","{""starved"": 1}",0,1,0,"{""manual_assembly"": {""blocked"": 1}, ""selective_soldering"": {""starved"": 1}, ""inspection"": {""waiting_resource"": 1}}",3
28780.0,07:59:40.000,manual_assembly,WIP_BELOW_TARGET,feed WIP 0 < target 2 -> feeder task (keep 'selective_soldering' fed),manual_assembly|inspection,transport_1,0,2,"{""buffer_de_entrada"": 0, ""manual_assembly(in process)"": 0, ""transport_1(in process)"": 0}","{""busy"": 1}",0,0,0,"{""manual_assembly"": {""waiting_resource"": 1}, ""selective_soldering"": {""busy"": 1}, ""inspection"": {""waiting_resource"": 1}}",3
