t,time,selected_task,reason_code,decision_reason,candidate_tasks,previous_task,feeding_wip,wip_target,feed_detail,selective_state,input_buffer_level,available_racks,transport_occupancy,stations,racks_total
0,00:00:00.000,manual_assembly,WIP_BELOW_TARGET,feed WIP 0 < target 2 -> feeder task (keep 'selective_soldering' fed),manual_assembly,,0,2,"{""buffer_de_entrada"": 0, ""manual_assembly(in process)"": 0, ""transport_1(in process)"": 0}","{""starved"": 1}",0,1,0,"{""manual_assembly"": {""waiting_resource"": 1}, ""selective_soldering"": {""starved"": 1}, ""inspection"": {""starved"": 1}}",2
120.0,00:02:00.000,transport_1,WIP_BELOW_TARGET,feed WIP 1 < target 2 -> feeder task (keep 'selective_soldering' fed),transport_1,manual_assembly,1,2,"{""buffer_de_entrada"": 0, ""manual_assembly(in process)"": 1, ""transport_1(in process)"": 0}","{""starved"": 1}",0,1,0,"{""manual_assembly"": {""blocked"": 1}, ""selective_soldering"": {""starved"": 1}, ""inspection"": {""starved"": 1}}",2
138.333333,00:02:18.333,manual_assembly,WIP_BELOW_TARGET,feed WIP 0 < target 2 -> feeder task (keep 'selective_soldering' fed),manual_assembly,transport_1,0,2,"{""buffer_de_entrada"": 0, ""manual_assembly(in process)"": 0, ""transport_1(in process)"": 0}","{""busy"": 1}",0,0,0,"{""manual_assembly"": {""waiting_resource"": 1}, ""selective_soldering"": {""busy"": 1}, ""inspection"": {""starved"": 1}}",2
266.666667,00:04:26.667,transport_1,WIP_BELOW_TARGET,feed WIP 1 < target 2 -> feeder task (keep 'selective_soldering' fed),transport_1|inspection,manual_assembly,1,2,"{""buffer_de_entrada"": 0, ""manual_assembly(in process)"": 1, ""transport_1(in process)"": 0}","{""starved"": 1}",0,0,0,"{""manual_assembly"": {""blocked"": 1}, ""selective_soldering"": {""starved"": 1}, ""inspection"": {""waiting_resource"": 1}}",2
285.0,00:04:45.000,inspection,NO_FEEDER_WAITING,feed WIP 0 < target but no feeder task waiting -> non-feeder task,inspection,transport_1,0,2,"{""buffer_de_entrada"": 0, ""manual_assembly(in process)"": 0, ""transport_1(in process)"": 0}","{""busy"": 1}",0,0,0,"{""manual_assembly"": {""waiting_resource"": 1}, ""selective_soldering"": {""busy"": 1}, ""inspection"": {""waiting_resource"": 1}}",2
349.166667,00:05:49.167,inspection,NO_FEEDER_WAITING,feed WIP 0 < target but no feeder task waiting -> non-feeder task,inspection,inspection,0,2,"{""buffer_de_entrada"": 0, ""manual_assembly(in process)"": 0, ""transport_1(in process)"": 0}","{""starved"": 1}",0,1,0,"{""manual_assembly"": {""waiting_resource"": 1}, ""selective_soldering"": {""starved"": 1}, ""inspection"": {""waiting_resource"": 1}}",2
409.166667,00:06:49.167,manual_assembly,WIP_BELOW_TARGET,feed WIP 0 < target 2 -> feeder task (keep 'selective_soldering' fed),manual_assembly,inspection,0,2,"{""buffer_de_entrada"": 0, ""manual_assembly(in process)"": 0, ""transport_1(in process)"": 0}","{""starved"": 1}",0,1,0,"{""manual_assembly"": {""waiting_resource"": 1}, ""selective_soldering"": {""starved"": 1}, ""inspection"": {""starved"": 1}}",2
541.666667,00:09:01.667,transport_1,WIP_BELOW_TARGET,feed WIP 1 < target 2 -> feeder task (keep 'selective_soldering' fed),transport_1,manual_assembly,1,2,"{""buffer_de_entrada"": 0, ""manual_assembly(in process)"": 1, ""transport_1(in process)"": 0}","{""starved"": 1}",0,1,0,"{""manual_assembly"": {""blocked"": 1}, ""selective_soldering"": {""starved"": 1}, ""inspection"": {""starved"": 1}}",2
560.0,00:09:20.000,manual_assembly,WIP_BELOW_TARGET,feed WIP 0 < target 2 -> feeder task (keep 'selective_soldering' fed),manual_assembly,transport_1,0,2,"{""buffer_de_entrada"": 0, ""manual_assembly(in process)"": 0, ""transport_1(in process)"": 0}","{""busy"": 1}",0,0,0,"{""manual_assembly"": {""waiting_resource"": 1}, ""selective_soldering"": {""busy"": 1}, ""inspection"": {""starved"": 1}}",2
688.333333,00:11:28.333,transport_1,WIP_BELOW_TARGET,feed WIP 1 < target 2 -> feeder task (keep 'selective_soldering' fed),transport_1|inspection,manual_assembly,1,2,"{""buffer_de_entrada"": 0, ""manual_assembly(in process)"": 1, ""transport_1(in process)"": 0}","{""starved"": 1}",0,0,0,"{""manual_assembly"": {""blocked"": 1}, ""selective_soldering"": {""starved"": 1}, ""inspection"": {""waiting_resource"": 1}}",2
706.666667,00:11:46.667,inspection,NO_FEEDER_WAITING,feed WIP 0 < target but no feeder task waiting -> non-feeder task,inspection,transport_1,0,2,"{""buffer_de_entrada"": 0, ""manual_assembly(in process)"": 0, ""transport_1(in process)"": 0}","{""busy"": 1}",0,0,0,"{""manual_assembly"": {""waiting_resource"": 1}, ""selective_soldering"": {""busy"": 1}, ""inspection"": {""waiting_resource"": 1}}",2
770.833333,00:12:50.833,inspection,NO_FEEDER_WAITING,feed WIP 0 < target but no feeder task waiting -> non-feeder task,inspection,inspection,0,2,"{""buffer_de_entrada"": 0, ""manual_assembly(in process)"": 0, ""transport_1(in process)"": 0}","{""starved"": 1}",0,1,0,"{""manual_assembly"": {""waiting_resource"": 1}, ""selective_soldering"": {""starved"": 1}, ""inspection"": {""waiting_resource"": 1}}",2
830.833333,00:13:50.833,manual_assembly,WIP_BELOW_TARGET,feed WIP 0 < target 2 -> feeder task (keep 'selective_soldering' fed),manual_assembly,inspection,0,2,"{""buffer_de_entrada"": 0, ""manual_assembly(in process)"": 0, ""transport_1(in process)"": 0}","{""starved"": 1}",0,1,0,"{""manual_assembly"": {""waiting_resource"": 1}, ""selective_soldering"": {""starved"": 1}, ""inspection"": {""starved"": 1}}",2
963.333333,00:16:03.333,transport_1,WIP_BELOW_TARGET,feed WIP 1 < target 2 -> feeder task (keep 'selective_soldering' fed),transport_1,manual_assembly,1,2,"{""buffer_de_entrada"": 0, ""manual_assembly(in process)"": 1, ""transport_1(in process)"": 0}","{""starved"": 1}",0,1,0,"{""manual_assembly"": {""blocked"": 1}, ""selective_soldering"": {""starved"": 1}, ""inspection"": {""starved"": 1}}",2
981.666667,00:16:21.667,manual_assembly,WIP_BELOW_TARGET,feed WIP 0 < target 2 -> feeder task (keep 'selective_soldering' fed),manual_assembly,transport_1,0,2,"{""buffer_de_entrada"": 0, ""manual_assembly(in process)"": 0, ""transport_1(in process)"": 0}","{""busy"": 1}",0,0,0,"{""manual_assembly"": {""waiting_resource"": 1}, ""selective_soldering"": {""busy"": 1}, ""inspection"": {""starved"": 1}}",2
1110.0,00:18:30.000,transport_1,WIP_BELOW_TARGET,feed WIP 1 < target 2 -> feeder task (keep 'selective_soldering' fed),transport_1|inspection,manual_assembly,1,2,"{""buffer_de_entrada"": 0, ""manual_assembly(in process)"": 1, ""transport_1(in process)"": 0}","{""starved"": 1}",0,0,0,"{""manual_assembly"": {""blocked"": 1}, ""selective_soldering"": {""starved"": 1}, ""inspection"": {""waiting_resource"": 1}}",2
1128.333333,00:18:48.333,inspection,NO_FEEDER_WAITING,feed WIP 0 < target but no feeder task waiting -> non-feeder task,inspection,transport_1,0,2,"{""buffer_de_entrada"": 0, ""manual_assembly(in process)"": 0, ""transport_1(in process)"": 0}","{""busy"": 1}",0,0,0,"{""manual_assembly"": {""waiting_resource"": 1}, ""selective_soldering"": {""busy"": 1}, ""inspection"": {""waiting_resource"": 1}}",2
1192.5,00:19:52.500,inspection,NO_FEEDER_WAITING,feed WIP 0 < target but no feeder task waiting -> non-feeder task,inspection,inspection,0,2,"{""buffer_de_entrada"": 0, ""manual_assembly(in process)"": 0, ""transport_1(in process)"": 0}","{""starved"": 1}",0,1,0,"{""manual_assembly"": {""waiting_resource"": 1}, ""selective_soldering"": {""starved"": 1}, ""inspection"": {""waiting_resource"": 1}}",2
1252.5,00:20:52.500,manual_assembly,WIP_BELOW_TARGET,feed WIP 0 < target 2 -> feeder task (keep 'selective_soldering' fed),manual_assembly,inspection,0,2,"{""buffer_de_entrada"": 0, ""manual_assembly(in process)"": 0, ""transport_1(in process)"": 0}","{""starved"": 1}",0,1,0,"{""manual_assembly"": {""waiting_resource"": 1}, ""selective_soldering"": {""starved"": 1}, ""inspection"": {""starved"": 1}}",2
1385.0,00:23:05.000,transport_1,WIP_BELOW_TARGET,feed WIP 1 < target 2 -> feeder task (keep 'selective_soldering' fed),transport_1,manual_assembly,1,2,"{""buffer_de_entrada"": 0, ""manual_assembly(in process)"": 1, ""transport_1(in process)"": 0}","{""starved"": 1}",0,1,0,"{""manual_assembly"": {""blocked"": 1}, ""selective_soldering"": {""starved"": 1}, ""inspection"": {""starved"": 1}}",2
1403.333333,00:23:23.333,manual_assembly,WIP_BELOW_TARGET,feed WIP 0 < target 2 -> feeder task (keep 'selective_soldering' fed),manual_assembly,transport_1,0,2,"{""buffer_de_entrada"": 0, ""manual_assembly(in process)"": 0, ""transport_1(in process)"": 0}","{""busy"": 1}",0,0,0,"{""manual_assembly"": {""waiting_resource"": 1}, ""selective_soldering"": {""busy"": 1}, ""inspection"": {""starved"": 1}}",2
1531.666667,00:25:31.667,transport_1,WIP_BELOW_TARGET,feed WIP 1 < target 2 -> feeder task (keep 'selective_soldering' fed),transport_1|inspection,manual_assembly,1,2,"{""buffer_de_entrada"": 0, ""manual_assembly(in process)"": 1, ""transport_1(in process)"": 0}","{""starved"": 1}",0,0,0,"{""manual_assembly"": {""blocked"": 1}, ""selective_soldering"": {""starved"": 1}, ""inspection"": {""waiting_resource"": 1}}",2
1550.0,00:25:50.000,inspection,NO_FEEDER_WAITING,feed WIP 0 < target but no feeder task waiting -> non-feeder task,inspection,transport_1,0,2,"{""buffer_de_entrada"": 0, ""manual_assembly(in process)"": 0, ""transport_1(in process)"": 0}","{""busy"": 1}",0,0,0,"{""manual_assembly"": {""waiting_resource"": 1}, ""selective_soldering"": {""busy"": 1}, ""inspection"": {""waiting_resource"": 1}}",2
1614.166667,00:26:54.167,inspection,NO_FEEDER_WAITING,feed WIP 0 < target but no feeder task waiting -> non-feeder task,inspection,inspection,0,2,"{""buffer_de_entrada"": 0, ""manual_assembly(in process)"": 0, ""transport_1(in process)"": 0}","{""starved"": 1}",0,1,0,"{""manual_assembly"": {""waiting_resource"": 1}, ""selective_soldering"": {""starved"": 1}, ""inspection"": {""waiting_resource"": 1}}",2
1674.166667,00:27:54.167,manual_assembly,WIP_BELOW_TARGET,feed WIP 0 < target 2 -> feeder task (keep 'selective_soldering' fed),manual_assembly,inspection,0,2,"{""buffer_de_entrada"": 0, ""manual_assembly(in process)"": 0, ""transport_1(in process)"": 0}","{""starved"": 1}",0,1,0,"{""manual_assembly"": {""waiting_resource"": 1}, ""selective_soldering"": {""starved"": 1}, ""inspection"": {""starved"": 1}}",2
1806.666667,00:30:06.667,transport_1,WIP_BELOW_TARGET,feed WIP 1 < target 2 -> feeder task (keep 'selective_soldering' fed),transport_1,manual_assembly,1,2,"{""buffer_de_entrada"": 0, ""manual_assembly(in process)"": 1, ""transport_1(in process)"": 0}","{""starved"": 1}",0,1,0,"{""manual_assembly"": {""blocked"": 1}, ""selective_soldering"": {""starved"": 1}, ""inspection"": {""starved"": 1}}",2
1825.0,00:30:25.000,manual_assembly,WIP_BELOW_TARGET,feed WIP 0 < target 2 -> feeder task (keep 'selective_soldering' fed),manual_assembly,transport_1,0,2,"{""buffer_de_entrada"": 0, ""manual_assembly(in process)"": 0, ""transport_1(in process)"": 0}","{""busy"": 1}",0,0,0,"{""manual_assembly"": {""waiting_resource"": 1}, ""selective_soldering"": {""busy"": 1}, ""inspection"": {""starved"": 1}}",2
1953.333333,00:32:33.333,transport_1,WIP_BELOW_TARGET,feed WIP 1 < target 2 -> feeder task (keep 'selective_soldering' fed),transport_1|inspection,manual_assembly,1,2,"{""buffer_de_entrada"": 0, ""manual_assembly(in process)"": 1, ""transport_1(in process)"": 0}","{""starved"": 1}",0,0,0,"{""manual_assembly"": {""blocked"": 1}, ""selective_soldering"": {""starved"": 1}, ""inspection"": {""waiting_resource"": 1}}",2
1971.666667,00:32:51.667,inspection,NO_FEEDER_WAITING,feed WIP 0 < target but no feeder task waiting -> non-feeder task,inspection,transport_1,0,2,"{""buffer_de_entrada"": 0, ""manual_assembly(in process)"": 0, ""transport_1(in process)"": 0}","{""busy"": 1}",0,0,0,"{""manual_assembly"": {""waiting_resource"": 1}, ""selective_soldering"": {""busy"": 1}, ""inspection"": {""waiting_resource"": 1}}",2
2035.833333,00:33:55.833,inspection,NO_FEEDER_WAITING,feed WIP 0 < target but no feeder task waiting -> non-feeder task,inspection,inspection,0,2,"{""buffer_de_entrada"": 0, ""manual_assembly(in process)"": 0, ""transport_1(in process)"": 0}","{""starved"": 1}",0,1,0,"{""manual_assembly"": {""waiting_resource"": 1}, ""selective_soldering"": {""starved"": 1}, ""inspection"": {""waiting_resource"": 1}}",2
2095.833333,00:34:55.833,manual_assembly,WIP_BELOW_TARGET,feed WIP 0 < target 2 -> feeder task (keep 'selective_soldering' fed),manual_assembly,inspection,0,2,"{""buffer_de_entrada"": 0, ""manual_assembly(in process)"": 0, ""transport_1(in process)"": 0}","{""starved"": 1}",0,1,0,"{""manual_assembly"": {""waiting_resource"": 1}, ""selective_soldering"": {""starved"": 1}, ""inspection"": {""starved"": 1}}",2
2228.333333,00:37:08.333,transport_1,WIP_BELOW_TARGET,feed WIP 1 < target 2 -> feeder task (keep 'selective_soldering' fed),transport_1,manual_assembly,1,2,"{""buffer_de_entrada"": 0, ""manual_assembly(in process)"": 1, ""transport_1(in process)"": 0}","{""starved"": 1}",0,1,0,"{""manual_assembly"": {""blocked"": 1}, ""selective_soldering"": {""starved"": 1}, ""inspection"": {""starved"": 1}}",2
2246.666667,00:37:26.667,manual_assembly,WIP_BELOW_TARGET,feed WIP 0 < target 2 -> feeder task (keep 'selective_soldering' fed),manual_assembly,transport_1,0,2,"{""buffer_de_entrada"": 0, ""manual_assembly(in process)"": 0, ""transport_1(in process)"": 0}","{""busy"": 1}",0,0,0,"{""manual_assembly"": {""waiting_resource"": 1}, ""selective_soldering"": {""busy"": 1}, ""inspection"": {""starved"": 1}}",2
2375.0,00:39:35.000,transport_1,WIP_BELOW_TARGET,feed WIP 1 < target 2 -> feeder task (keep 'selective_soldering' fed),transport_1|inspection,manual_assembly,1,2,"{""buffer_de_entrada"": 0, ""manual_assembly(in process)"": 1, ""transport_1(in process)"": 0}","{""starved"": 1}",0,0,0,"{""manual_assembly"": {""blocked"": 1}, ""selective_soldering"": {""starved"": 1}, ""inspection"": {""waiting_resource"": 1}}",2
2393.333333,00:39:53.333,inspection,NO_FEEDER_WAITING,feed WIP 0 < target but no feeder task waiting -> non-feeder task,inspection,transport_1,0,2,"{""buffer_de_entrada"": 0, ""manual_assembly(in process)"": 0, ""transport_1(in process)"": 0}","{""busy"": 1}",0,0,0,"{""manual_assembly"": {""waiting_resource"": 1}, ""selective_soldering"": {""busy"": 1}, ""inspection"": {""waiting_resource"": 1}}",2
2457.5,00:40:57.500,inspection,NO_FEEDER_WAITING,feed WIP 0 < target but no feeder task waiting -> non-feeder task,inspection,inspection,0,2,"{""buffer_de_entrada"": 0, ""manual_assembly(in process)"": 0, ""transport_1(in process)"": 0}","{""starved"": 1}",0,1,0,"{""manual_assembly"": {""waiting_resource"": 1}, ""selective_soldering"": {""starved"": 1}, ""inspection"": {""waiting_resource"": 1}}",2
2517.5,00:41:57.500,manual_assembly,WIP_BELOW_TARGET,feed WIP 0 < target 2 -> feeder task (keep 'selective_soldering' fed),manual_assembly,inspection,0,2,"{""buffer_de_entrada"": 0, ""manual_assembly(in process)"": 0, ""transport_1(in process)"": 0}","{""starved"": 1}",0,1,0,"{""manual_assembly"": {""waiting_resource"": 1}, ""selective_soldering"": {""starved"": 1}, ""inspection"": {""starved"": 1}}",2
2650.0,00:44:10.000,transport_1,WIP_BELOW_TARGET,feed WIP 1 < target 2 -> feeder task (keep 'selective_soldering' fed),transport_1,manual_assembly,1,2,"{""buffer_de_entrada"": 0, ""manual_assembly(in process)"": 1, ""transport_1(in process)"": 0}","{""starved"": 1}",0,1,0,"{""manual_assembly"": {""blocked"": 1}, ""selective_soldering"": {""starved"": 1}, ""inspection"": {""starved"": 1}}",2
2668.333333,00:44:28.333,manual_assembly,WIP_BELOW_TARGET,feed WIP 0 < target 2 -> feeder task (keep 'selective_soldering' fed),manual_assembly,transport_1,0,2,"{""buffer_de_entrada"": 0, ""manual_assembly(in process)"": 0, ""transport_1(in process)"": 0}","{""busy"": 1}",0,0,0,"{""manual_assembly"": {""waiting_resource"": 1}, ""selective_soldering"": {""busy"": 1}, ""inspection"": {""starved"": 1}}",2
2796.666667,00:46:36.667,transport_1,WIP_BELOW_TARGET,feed WIP 1 < target 2 -> feeder task (keep 'selective_soldering' fed),transport_1|inspection,manual_assembly,1,2,"{""buffer_de_entrada"": 0, ""manual_assembly(in process)"": 1, ""transport_1(in process)"": 0}","{""starved"": 1}",0,0,0,"{""manual_assembly"": {""blocked"": 1}, ""selective_soldering"": {""starved"": 1}, ""inspection"": {""waiting_resource"": 1}}",2
2815.0,00:46:55.000,inspection,NO_FEEDER_WAITING,feed WIP 0 < target but no feeder task waiting -> non-feeder task,inspection,transport_1,0,2,"{""buffer_de_entrada"": 0, ""manual_assembly(in process)"": 0, ""transport_1(in process)"": 0}","{""busy"": 1}",0,0,0,"{""manual_assembly"": {""waiting_resource"": 1}, ""selective_soldering"": {""busy"": 1}, ""inspection"": {""waiting_resource"": 1}}",2
2879.166667,00:47:59.167,inspection,NO_FEEDER_WAITING,feed WIP 0 < target but no feeder task waiting -> non-feeder task,inspection,inspection,0,2,"{""buffer_de_entrada"": 0, ""manual_assembly(in process)"": 0, ""transport_1(in process)"": 0}","{""starved"": 1}",0,1,0,"{""manual_assembly"": {""waiting_resource"": 1}, ""selective_soldering"": {""starved"": 1}, ""inspection"": {""waiting_resource"": 1}}",2
2939.166667,00:48:59.167,manual_assembly,WIP_BELOW_TARGET,feed WIP 0 < target 2 -> feeder task (keep 'selective_soldering' fed),manual_assembly,inspection,0,2,"{""buffer_de_entrada"": 0, ""manual_assembly(in process)"": 0, ""transport_1(in process)"": 0}","{""starved"": 1}",0,1,0,"{""manual_assembly"": {""waiting_resource"": 1}, ""selective_soldering"": {""starved"": 1}, ""inspection"": {""starved"": 1}}",2
3071.666667,00:51:11.667,transport_1,WIP_BELOW_TARGET,feed WIP 1 < target 2 -> feeder task (keep 'selective_soldering' fed),transport_1,manual_assembly,1,2,"{""buffer_de_entrada"": 0, ""manual_assembly(in process)"": 1, ""transport_1(in process)"": 0}","{""starved"": 1}",0,1,0,"{""manual_assembly"": {""blocked"": 1}, ""selective_soldering"": {""starved"": 1}, ""inspection"": {""starved"": 1}}",2
3090.0,00:51:30.000,manual_assembly,WIP_BELOW_TARGET,feed WIP 0 < target 2 -> feeder task (keep 'selective_soldering' fed),manual_assembly,transport_1,0,2,"{""buffer_de_entrada"": 0, ""manual_assembly(in process)"": 0, ""transport_1(in process)"": 0}","{""busy"": 1}",0,0,0,"{""manual_assembly"": {""waiting_resource"": 1}, ""selective_soldering"": {""busy"": 1}, ""inspection"": {""starved"": 1}}",2
3218.333333,00:53:38.333,transport_1,WIP_BELOW_TARGET,feed WIP 1 < target 2 -> feeder task (keep 'selective_soldering' fed),transport_1|inspection,manual_assembly,1,2,"{""buffer_de_entrada"": 0, ""manual_assembly(in process)"": 1, ""transport_1(in process)"": 0}","{""starved"": 1}",0,0,0,"{""manual_assembly"": {""blocked"": 1}, ""selective_soldering"": {""starved"": 1}, ""inspection"": {""waiting_resource"": 1}}",2
3236.666667,00:53:56.667,inspection,NO_FEEDER_WAITING,feed WIP 0 < target but no feeder task waiting -> non-feeder task,inspection,transport_1,0,2,"{""buffer_de_entrada"": 0, ""manual_assembly(in process)"": 0, ""transport_1(in process)"": 0}","{""busy"": 1}",0,0,0,"{""manual_assembly"": {""waiting_resource"": 1}, ""selective_soldering"": {""busy"": 1}, ""inspection"": {""waiting_resource"": 1}}",2
3300.833333,00:55:00.833,inspection,NO_FEEDER_WAITING,feed WIP 0 < target but no feeder task waiting -> non-feeder task,inspection,inspection,0,2,"{""buffer_de_entrada"": 0, ""manual_assembly(in process)"": 0, ""transport_1(in process)"": 0}","{""starved"": 1}",0,1,0,"{""manual_assembly"": {""waiting_resource"": 1}, ""selective_soldering"": {""starved"": 1}, ""inspection"": {""waiting_resource"": 1}}",2
3360.833333,00:56:00.833,manual_assembly,WIP_BELOW_TARGET,feed WIP 0 < target 2 -> feeder task (keep 'selective_soldering' fed),manual_assembly,inspection,0,2,"{""buffer_de_entrada"": 0, ""manual_assembly(in process)"": 0, ""transport_1(in process)"": 0}","{""starved"": 1}",0,1,0,"{""manual_assembly"": {""waiting_resource"": 1}, ""selective_soldering"": {""starved"": 1}, ""inspection"": {""starved"": 1}}",2
3493.333333,00:58:13.333,transport_1,WIP_BELOW_TARGET,feed WIP 1 < target 2 -> feeder task (keep 'selective_soldering' fed),transport_1,manual_assembly,1,2,"{""buffer_de_entrada"": 0, ""manual_assembly(in process)"": 1, ""transport_1(in process)"": 0}","{""starved"": 1}",0,1,0,"{""manual_assembly"": {""blocked"": 1}, ""selective_soldering"": {""starved"": 1}, ""inspection"": {""starved"": 1}}",2
3511.666667,00:58:31.667,manual_assembly,WIP_BELOW_TARGET,feed WIP 0 < target 2 -> feeder task (keep 'selective_soldering' fed),manual_assembly,transport_1,0,2,"{""buffer_de_entrada"": 0, ""manual_assembly(in process)"": 0, ""transport_1(in process)"": 0}","{""busy"": 1}",0,0,0,"{""manual_assembly"": {""waiting_resource"": 1}, ""selective_soldering"": {""busy"": 1}, ""inspection"": {""starved"": 1}}",2
3640.0,01:00:40.000,transport_1,WIP_BELOW_TARGET,feed WIP 1 < target 2 -> feeder task (keep 'selective_soldering' fed),transport_1|inspection,manual_assembly,1,2,"{""buffer_de_entrada"": 0, ""manual_assembly(in process)"": 1, ""transport_1(in process)"": 0}","{""starved"": 1}",0,0,0,"{""manual_assembly"": {""blocked"": 1}, ""selective_soldering"": {""starved"": 1}, ""inspection"": {""waiting_resource"": 1}}",2
3658.333333,01:00:58.333,inspection,NO_FEEDER_WAITING,feed WIP 0 < target but no feeder task waiting -> non-feeder task,inspection,transport_1,0,2,"{""buffer_de_entrada"": 0, ""manual_assembly(in process)"": 0, ""transport_1(in process)"": 0}","{""busy"": 1}",0,0,0,"{""manual_assembly"": {""waiting_resource"": 1}, ""selective_soldering"": {""busy"": 1}, ""inspection"": {""waiting_resource"": 1}}",2
3722.5,01:02:02.500,inspection,NO_FEEDER_WAITING,feed WIP 0 < target but no feeder task waiting -> non-feeder task,inspection,inspection,0,2,"{""buffer_de_entrada"": 0, ""manual_assembly(in process)"": 0, ""transport_1(in process)"": 0}","{""starved"": 1}",0,1,0,"{""manual_assembly"": {""waiting_resource"": 1}, ""selective_soldering"": {""starved"": 1}, ""inspection"": {""waiting_resource"": 1}}",2
3782.5,01:03:02.500,manual_assembly,WIP_BELOW_TARGET,feed WIP 0 < target 2 -> feeder task (keep 'selective_soldering' fed),manual_assembly,inspection,0,2,"{""buffer_de_entrada"": 0, ""manual_assembly(in process)"": 0, ""transport_1(in process)"": 0}","{""starved"": 1}",0,1,0,"{""manual_assembly"": {""waiting_resource"": 1}, ""selective_soldering"": {""starved"": 1}, ""inspection"": {""starved"": 1}}",2
3915.0,01:05:15.000,transport_1,WIP_BELOW_TARGET,feed WIP 1 < target 2 -> feeder task (keep 'selective_soldering' fed),transport_1,manual_assembly,1,2,"{""buffer_de_entrada"": 0, ""manual_assembly(in process)"": 1, ""transport_1(in process)"": 0}","{""starved"": 1}",0,1,0,"{""manual_assembly"": {""blocked"": 1}, ""selective_soldering"": {""starved"": 1}, ""inspection"": {""starved"": 1}}",2
3933.333333,01:05:33.333,manual_assembly,WIP_BELOW_TARGET,feed WIP 0 < target 2 -> feeder task (keep 'selective_soldering' fed),manual_assembly,transport_1,0,2,"{""buffer_de_entrada"": 0, ""manual_assembly(in process)"": 0, ""transport_1(in process)"": 0}","{""busy"": 1}",0,0,0,"{""manual_assembly"": {""waiting_resource"": 1}, ""selective_soldering"": {""busy"": 1}, ""inspection"": {""starved"": 1}}",2
4061.666667,01:07:41.667,transport_1,WIP_BELOW_TARGET,feed WIP 1 < target 2 -> feeder task (keep 'selective_soldering' fed),transport_1|inspection,manual_assembly,1,2,"{""buffer_de_entrada"": 0, ""manual_assembly(in process)"": 1, ""transport_1(in process)"": 0}","{""starved"": 1}",0,0,0,"{""manual_assembly"": {""blocked"": 1}, ""selective_soldering"": {""starved"": 1}, ""inspection"": {""waiting_resource"": 1}}",2
4080.0,01:08:00.000,inspection,NO_FEEDER_WAITING,feed WIP 0 < target but no feeder task waiting -> non-feeder task,inspection,transport_1,0,2,"{""buffer_de_entrada"": 0, ""manual_assembly(in process)"": 0, ""transport_1(in process)"": 0}","{""busy"": 1}",0,0,0,"{""manual_assembly"": {""waiting_resource"": 1}, ""selective_soldering"": {""busy"": 1}, ""inspection"": {""waiting_resource"": 1}}",2
4144.166667,01:09:04.167,inspection,NO_FEEDER_WAITING,feed WIP 0 < target but no feeder task waiting -> non-feeder task,inspection,inspection,0,2,"{""buffer_de_entrada"": 0, ""manual_assembly(in process)"": 0, ""transport_1(in process)"": 0}","{""starved"": 1}",0,1,0,"{""manual_assembly"": {""waiting_resource"": 1}, ""selective_soldering"": {""starved"": 1}, ""inspection"": {""waiting_resource"": 1}}",2
4204.166667,01:10:04.167,manual_assembly,WIP_BELOW_TARGET,feed WIP 0 < target 2 -> feeder task (keep 'selective_soldering' fed),manual_assembly,inspection,0,2,"{""buffer_de_entrada"": 0, ""manual_assembly(in process)"": 0, ""transport_1(in process)"": 0}","{""starved"": 1}",0,1,0,"{""manual_assembly"": {""waiting_resource"": 1}, ""selective_soldering"": {""starved"": 1}, ""inspection"": {""starved"": 1}}",2
4336.666667,01:12:16.667,transport_1,WIP_BELOW_TARGET,feed WIP 1 < target 2 -> feeder task (keep 'selective_soldering' fed),transport_1,manual_assembly,1,2,"{""buffer_de_entrada"": 0, ""manual_assembly(in process)"": 1, ""transport_1(in process)"": 0}","{""starved"": 1}",0,1,0,"{""manual_assembly"": {""blocked"": 1}, ""selective_soldering"": {""starved"": 1}, ""inspection"": {""starved"": 1}}",2
4355.0,01:12:35.000,manual_assembly,WIP_BELOW_TARGET,feed WIP 0 < target 2 -> feeder task (keep 'selective_soldering' fed),manual_assembly,transport_1,0,2,"{""buffer_de_entrada"": 0, ""manual_assembly(in process)"": 0, ""transport_1(in process)"": 0}","{""busy"": 1}",0,0,0,"{""manual_assembly"": {""waiting_resource"": 1}, ""selective_soldering"": {""busy"": 1}, ""inspection"": {""starved"": 1}}",2
4483.333333,01:14:43.333,transport_1,WIP_BELOW_TARGET,feed WIP 1 < target 2 -> feeder task (keep 'selective_soldering' fed),transport_1|inspection,manual_assembly,1,2,"{""buffer_de_entrada"": 0, ""manual_assembly(in process)"": 1, ""transport_1(in process)"": 0}","{""starved"": 1}",0,0,0,"{""manual_assembly"": {""blocked"": 1}, ""selective_soldering"": {""starved"": 1}, ""inspection"": {""waiting_resource"": 1}}",2
4501.666667,01:15:01.667,inspection,NO_FEEDER_WAITING,feed WIP 0 < target but no feeder task waiting -> non-feeder task,inspection,transport_1,0,2,"{""buffer_de_entrada"": 0, ""manual_assembly(in process)"": 0, ""transport_1(in process)"": 0}","{""busy"": 1}",0,0,0,"{""manual_assembly"": {""waiting_resource"": 1}, ""selective_soldering"": {""busy"": 1}, ""inspection"": {""waiting_resource"": 1}}",2
4565.833333,01:16:05.833,inspection,NO_FEEDER_WAITING,feed WIP 0 < target but no feeder task waiting -> non-feeder task,inspection,inspection,0,2,"{""buffer_de_entrada"": 0, ""manual_assembly(in process)"": 0, ""transport_1(in process)"": 0}","{""starved"": 1}",0,1,0,"{""manual_assembly"": {""waiting_resource"": 1}, ""selective_soldering"": {""starved"": 1}, ""inspection"": {""waiting_resource"": 1}}",2
4625.833333,01:17:05.833,manual_assembly,WIP_BELOW_TARGET,feed WIP 0 < target 2 -> feeder task (keep 'selective_soldering' fed),manual_assembly,inspection,0,2,"{""buffer_de_entrada"": 0, ""manual_assembly(in process)"": 0, ""transport_1(in process)"": 0}","{""starved"": 1}",0,1,0,"{""manual_assembly"": {""waiting_resource"": 1}, ""selective_soldering"": {""starved"": 1}, ""inspection"": {""starved"": 1}}",2
4758.333333,01:19:18.333,transport_1,WIP_BELOW_TARGET,feed WIP 1 < target 2 -> feeder task (keep 'selective_soldering' fed),transport_1,manual_assembly,1,2,"{""buffer_de_entrada"": 0, ""manual_assembly(in process)"": 1, ""transport_1(in process)"": 0}","{""starved"": 1}",0,1,0,"{""manual_assembly"": {""blocked"": 1}, ""selective_soldering"": {""starved"": 1}, ""inspection"": {""starved"": 1}}",2
4776.666667,01:19:36.667,manual_assembly,WIP_BELOW_TARGET,feed WIP 0 < target 2 -> feeder task (keep 'selective_soldering' fed),manual_assembly,transport_1,0,2,"{""buffer_de_entrada"": 0, ""manual_assembly(in process)"": 0, ""transport_1(in process)"": 0}","{""busy"": 1}",0,0,0,"{""manual_assembly"": {""waiting_resource"": 1}, ""selective_soldering"": {""busy"": 1}, ""inspection"": {""starved"": 1}}",2
4905.0,01:21:45.000,transport_1,WIP_BELOW_TARGET,feed WIP 1 < target 2 -> feeder task (keep 'selective_soldering' fed),transport_1|inspection,manual_assembly,1,2,"{""buffer_de_entrada"": 0, ""manual_assembly(in process)"": 1, ""transport_1(in process)"": 0}","{""starved"": 1}",0,0,0,"{""manual_assembly"": {""blocked"": 1}, ""selective_soldering"": {""starved"": 1}, ""inspection"": {""waiting_resource"": 1}}",2
4923.333333,01:22:03.333,inspection,NO_FEEDER_WAITING,feed WIP 0 < target but no feeder task waiting -> non-feeder task,inspection,transport_1,0,2,"{""buffer_de_entrada"": 0, ""manual_assembly(in process)"": 0, ""transport_1(in process)"": 0}","{""busy"": 1}",0,0,0,"{""manual_assembly"": {""waiting_resource"": 1}, ""selective_soldering"": {""busy"": 1}, ""inspection"": {""waiting_resource"": 1}}",2
4987.5,01:23:07.500,inspection,NO_FEEDER_WAITING,feed WIP 0 < target but no feeder task waiting -> non-feeder task,inspection,inspection,0,2,"{""buffer_de_entrada"": 0, ""manual_assembly(in process)"": 0, ""transport_1(in process)"": 0}","{""starved"": 1}",0,1,0,"{""manual_assembly"": {""waiting_resource"": 1}, ""selective_soldering"": {""starved"": 1}, ""inspection"": {""waiting_resource"": 1}}",2
5047.5,01:24:07.500,manual_assembly,WIP_BELOW_TARGET,feed WIP 0 < target 2 -> feeder task (keep 'selective_soldering' fed),manual_assembly,inspection,0,2,"{""buffer_de_entrada"": 0, ""manual_assembly(in process)"": 0, ""transport_1(in process)"": 0}","{""starved"": 1}",0,1,0,"{""manual_assembly"": {""waiting_resource"": 1}, ""selective_soldering"": {""starved"": 1}, ""inspection"": {""starved"": 1}}",2
5180.0,01:26:20.000,transport_1,WIP_BELOW_TARGET,feed WIP 1 < target 2 -> feeder task (keep 'selective_soldering' fed),transport_1,manual_assembly,1,2,"{""buffer_de_entrada"": 0, ""manual_assembly(in process)"": 1, ""transport_1(in process)"": 0}","{""starved"": 1}",0,1,0,"{""manual_assembly"": {""blocked"": 1}, ""selective_soldering"": {""starved"": 1}, ""inspection"": {""starved"": 1}}",2
5198.333333,01:26:38.333,manual_assembly,WIP_BELOW_TARGET,feed WIP 0 < target 2 -> feeder task (keep 'selective_soldering' fed),manual_assembly,transport_1,0,2,"{""buffer_de_entrada"": 0, ""manual_assembly(in process)"": 0, ""transport_1(in process)"": 0}","{""busy"": 1}",0,0,0,"{""manual_assembly"": {""waiting_resource"": 1}, ""selective_soldering"": {""busy"": 1}, ""inspection"": {""starved"": 1}}",2
5326.666667,01:28:46.667,transport_1,WIP_BELOW_TARGET,feed WIP 1 < target 2 -> feeder task (keep 'selective_soldering' fed),transport_1|inspection,manual_assembly,1,2,"{""buffer_de_entrada"": 0, ""manual_assembly(in process)"": 1, ""transport_1(in process)"": 0}","{""starved"": 1}",0,0,0,"{""manual_assembly"": {""blocked"": 1}, ""selective_soldering"": {""starved"": 1}, ""inspection"": {""waiting_resource"": 1}}",2
5345.0,01:29:05.000,inspection,NO_FEEDER_WAITING,feed WIP 0 < target but no feeder task waiting -> non-feeder task,inspection,transport_1,0,2,"{""buffer_de_entrada"": 0, ""manual_assembly(in process)"": 0, ""transport_1(in process)"": 0}","{""busy"": 1}",0,0,0,"{""manual_assembly"": {""waiting_resource"": 1}, ""selective_soldering"": {""busy"": 1}, ""inspection"": {""waiting_resource"": 1}}",2
5409.166667,01:30:09.167,inspection,NO_FEEDER_WAITING,feed WIP 0 < target but no feeder task waiting -> non-feeder task,inspection,inspection,0,2,"{""buffer_de_entrada"": 0, ""manual_assembly(in process)"": 0, ""transport_1(in process)"": 0}","{""starved"": 1}",0,1,0,"{""manual_assembly"": {""waiting_resource"": 1}, ""selective_soldering"": {""starved"": 1}, ""inspection"": {""waiting_resource"": 1}}",2
5469.166667,01:31:09.167,manual_assembly,WIP_BELOW_TARGET,feed WIP 0 < target 2 -> feeder task (keep 'selective_soldering' fed),manual_assembly,inspection,0,2,"{""buffer_de_entrada"": 0, ""manual_assembly(in process)"": 0, ""transport_1(in process)"": 0}","{""starved"": 1}",0,1,0,"{""manual_assembly"": {""waiting_resource"": 1}, ""selective_soldering"": {""starved"": 1}, ""inspection"": {""starved"": 1}}",2
5601.666667,01:33:21.667,transport_1,WIP_BELOW_TARGET,feed WIP 1 < target 2 -> feeder task (keep 'selective_soldering' fed),transport_1,manual_assembly,1,2,"{""buffer_de_entrada"": 0, ""manual_assembly(in process)"": 1, ""transport_1(in process)"": 0}","{""starved"": 1}",0,1,0,"{""manual_assembly"": {""blocked"": 1}, ""selective_soldering"": {""starved"": 1}, ""inspection"": {""starved"": 1}}",2
5620.0,01:33:40.000,manual_assembly,WIP_BELOW_TARGET,feed WIP 0 < target 2 -> feeder task (keep 'selective_soldering' fed),manual_assembly,transport_1,0,2,"{""buffer_de_entrada"": 0, ""manual_assembly(in process)"": 0, ""transport_1(in process)"": 0}","{""busy"": 1}",0,0,0,"{""manual_assembly"": {""waiting_resource"": 1}, ""selective_soldering"": {""busy"": 1}, ""inspection"": {""starved"": 1}}",2
5748.333333,01:35:48.333,transport_1,WIP_BELOW_TARGET,feed WIP 1 < target 2 -> feeder task (keep 'selective_soldering' fed),transport_1|inspection,manual_assembly,1,2,"{""buffer_de_entrada"": 0, ""manual_assembly(in process)"": 1, ""transport_1(in process)"": 0}","{""starved"": 1}",0,0,0,"{""manual_assembly"": {""blocked"": 1}, ""selective_soldering"": {""starved"": 1}, ""inspection"": {""waiting_resource"": 1}}",2
5766.666667,01:36:06.667,inspection,NO_FEEDER_WAITING,feed WIP 0 < target but no feeder task waiting -> non-feeder task,inspection,transport_1,0,2,"{""buffer_de_entrada"": 0, ""manual_assembly(in process)"": 0, ""transport_1(in process)"": 0}","{""busy"": 1}",0,0,0,"{""manual_assembly"": {""waiting_resource"": 1}, ""selective_soldering"": {""busy"": 1}, ""inspection"": {""waiting_resource"": 1}}",2
5830.833333,01:37:10.833,inspection,NO_FEEDER_WAITING,feed WIP 0 < target but no feeder task waiting -> non-feeder task,inspection,inspection,0,2,"{""buffer_de_entrada"": 0, ""manual_assembly(in process)"": 0, ""transport_1(in process)"": 0}","{""starved"": 1}",0,1,0,"{""manual_assembly"": {""waiting_resource"": 1}, ""selective_soldering"": {""starved"": 1}, ""inspection"": {""waiting_resource"": 1}}",2
5890.833333,01:38:10.833,manual_assembly,WIP_BELOW_TARGET,feed WIP 0 < target 2 -> feeder task (keep 'selective_soldering' fed),manual_assembly,inspection,0,2,"{""buffer_de_entrada"": 0, ""manual_assembly(in process)"": 0, ""transport_1(in process)"": 0}","{""starved"": 1}",0,1,0,"{""manual_assembly"": {""waiting_resource"": 1}, ""selective_soldering"": {""starved"": 1}, ""inspection"": {""starved"": 1}}",2
6023.333333,01:40:23.333,transport_1,WIP_BELOW_TARGET,feed WIP 1 < target 2 -> feeder task (keep 'selective_soldering' fed),transport_1,manual_assembly,1,2,"{""buffer_de_entrada"": 0, ""manual_assembly(in process)"": 1, ""transport_1(in process)"": 0}","{""starved"": 1}",0,1,0,"{""manual_assembly"": {""blocked"": 1}, ""selective_soldering"": {""starved"": 1}, ""inspection"": {""starved"": 1}}",2
6041.666667,01:40:41.667,manual_assembly,WIP_BELOW_TARGET,feed WIP 0 < target 2 -> feeder task (keep 'selective_soldering' fed),manual_assembly,transport_1,0,2,"{""buffer_de_entrada"": 0, ""manual_assembly(in process)"": 0, ""transport_1(in process)"": 0}","{""busy"": 1}",0,0,0,"{""manual_assembly"": {""waiting_resource"": 1}, ""selective_soldering"": {""busy"": 1}, ""inspection"": {""starved"": 1}}",2
6170.0,01:42:50.000,transport_1,WIP_BELOW_TARGET,feed WIP 1 < target 2 -> feeder task (keep 'selective_soldering' fed),transport_1|inspection,manual_assembly,1,2,"{""buffer_de_entrada"": 0, ""manual_assembly(in process)"": 1, ""transport_1(in process)"": 0}","{""starved"": 1}",0,0,0,"{""manual_assembly"": {""blocked"": 1}, ""selective_soldering"": {""starved"": 1}, ""inspection"": {""waiting_resource"": 1}}",2
6188.333333,01:43:08.333,inspection,NO_FEEDER_WAITING,feed WIP 0 < target but no feeder task waiting -> non-feeder task,inspection,transport_1,0,2,"{""buffer_de_entrada"": 0, ""manual_assembly(in process)"": 0, ""transport_1(in process)"": 0}","{""busy"": 1}",0,0,0,"{""manual_assembly"": {""waiting_resource"": 1}, ""selective_soldering"": {""busy"": 1}, ""inspection"": {""waiting_resource"": 1}}",2
6252.5,01:44:12.500,inspection,NO_FEEDER_WAITING,feed WIP 0 < target but no feeder task waiting -> non-feeder task,inspection,inspection,0,2,"{""buffer_de_entrada"": 0, ""manual_assembly(in process)"": 0, ""transport_1(in process)"": 0}","{""starved"": 1}",0,1,0,"{""manual_assembly"": {""waiting_resource"": 1}, ""selective_soldering"": {""starved"": 1}, ""inspection"": {""waiting_resource"": 1}}",2
6312.5,01:45:12.500,manual_assembly,WIP_BELOW_TARGET,feed WIP 0 < target 2 -> feeder task (keep 'selective_soldering' fed),manual_assembly,inspection,0,2,"{""buffer_de_entrada"": 0, ""manual_assembly(in process)"": 0, ""transport_1(in process)"": 0}","{""starved"": 1}",0,1,0,"{""manual_assembly"": {""waiting_resource"": 1}, ""selective_soldering"": {""starved"": 1}, ""inspection"": {""starved"": 1}}",2
6445.0,01:47:25.000,transport_1,WIP_BELOW_TARGET,feed WIP 1 < target 2 -> feeder task (keep 'selective_soldering' fed),transport_1,manual_assembly,1,2,"{""buffer_de_entrada"": 0, ""manual_assembly(in process)"": 1, ""transport_1(in process)"": 0}","{""starved"": 1}",0,1,0,"{""manual_assembly"": {""blocked"": 1}, ""selective_soldering"": {""starved"": 1}, ""inspection"": {""starved"": 1}}",2
6463.333333,01:47:43.333,manual_assembly,WIP_BELOW_TARGET,feed WIP 0 < target 2 -> feeder task (keep 'selective_soldering' fed),manual_assembly,transport_1,0,2,"{""buffer_de_entrada"": 0, ""manual_assembly(in process)"": 0, ""transport_1(in process)"": 0}","{""busy"": 1}",0,0,0,"{""manual_assembly"": {""waiting_resource"": 1}, ""selective_soldering"": {""busy"": 1}, ""inspection"": {""starved"": 1}}",2
6591.666667,01:49:51.667,transport_1,WIP_BELOW_TARGET,feed WIP 1 < target 2 -> feeder task (keep 'selective_soldering' fed),transport_1|inspection,manual_assembly,1,2,"{""buffer_de_entrada"": 0, ""manual_assembly(in process)"": 1, ""transport_1(in process)"": 0}","{""starved"": 1}",0,0,0,"{""manual_assembly"": {""blocked"": 1}, ""selective_soldering"": {""starved"": 1}, ""inspection"": {""waiting_resource"": 1}}",2
6610.0,01:50:10.000,inspection,NO_FEEDER_WAITING,feed WIP 0 < target but no feeder task waiting -> non-feeder task,inspection,transport_1,0,2,"{""buffer_de_entrada"": 0, ""manual_assembly(in process)"": 0, ""transport_1(in process)"": 0}","{""busy"": 1}",0,0,0,"{""manual_assembly"": {""waiting_resource"": 1}, ""selective_soldering"": {""busy"": 1}, ""inspection"": {""waiting_resource"": 1}}",2
6674.166667,01:51:14.167,inspection,NO_FEEDER_WAITING,feed WIP 0 < target but no feeder task waiting -> non-feeder task,inspection,inspection,0,2,"{""buffer_de_entrada"": 0, ""manual_assembly(in process)"": 0, ""transport_1(in process)"": 0}","{""starved"": 1}",0,1,0,"{""manual_assembly"": {""waiting_resource"": 1}, ""selective_soldering"": {""starved"": 1}, ""inspection"": {""waiting_resource"": 1}}",2
6734.166667,01:52:14.167,manual_assembly,WIP_BELOW_TARGET,feed WIP 0 < target 2 -> feeder task (keep 'selective_soldering' fed),manual_assembly,inspection,0,2,"{""buffer_de_entrada"": 0, ""manual_assembly(in process)"": 0, ""transport_1(in process)"": 0}","{""starved"": 1}",0,1,0,"{""manual_assembly"": {""waiting_resource"": 1}, ""selective_soldering"": {""starved"": 1}, ""inspection"": {""starved"": 1}}",2
6866.666667,01:54:26.667,transport_1,WIP_BELOW_TARGET,feed WIP 1 < target 2 -> feeder task (keep 'selective_soldering' fed),transport_1,manual_assembly,1,2,"{""buffer_de_entrada"": 0, ""manual_assembly(in process)"": 1, ""transport_1(in process)"": 0}","{""starved"": 1}",0,1,0,"{""manual_assembly"": {""blocked"": 1}, ""selective_soldering"": {""starved"": 1}, ""inspection"": {""starved"": 1}}",2
6885.0,01:54:45.000,manual_assembly,WIP_BELOW_TARGET,feed WIP 0 < target 2 -> feeder task (keep 'selective_soldering' fed),manual_assembly,transport_1,0,2,"{""buffer_de_entrada"": 0, ""manual_assembly(in process)"": 0, ""transport_1(in process)"": 0}","{""busy"": 1}",0,0,0,"{""manual_assembly"": {""waiting_resource"": 1}, ""selective_soldering"": {""busy"": 1}, ""inspection"": {""starved"": 1}}",2
7013.333333,01:56:53.333,transport_1,WIP_BELOW_TARGET,feed WIP 1 < target 2 -> feeder task (keep 'selective_soldering' fed),transport_1|inspection,manual_assembly,1,2,"{""buffer_de_entrada"": 0, ""manual_assembly(in process)"": 1, ""transport_1(in process)"": 0}","{""starved"": 1}",0,0,0,"{""manual_assembly"": {""blocked"": 1}, ""selective_soldering"": {""starved"": 1}, ""inspection"": {""waiting_resource"": 1}}",2
7031.666667,01:57:11.667,inspection,NO_FEEDER_WAITING,feed WIP 0 < target but no feeder task waiting -> non-feeder task,inspection,transport_1,0,2,"{""buffer_de_entrada"": 0, ""manual_assembly(in process)"": 0, ""transport_1(in process)"": 0}","{""busy"": 1}",0,0,0,"{""manual_assembly"": {""waiting_resource"": 1}, ""selective_soldering"": {""busy"": 1}, ""inspection"": {""waiting_resource"": 1}}",2
7095.833333,01:58:15.833,inspection,NO_FEEDER_WAITING,feed WIP 0 < target but no feeder task waiting -> non-feeder task,inspection,inspection,0,2,"{""buffer_de_entrada"": 0, ""manual_assembly(in process)"": 0, ""transport_1(in process)"": 0}","{""starved"": 1}",0,1,0,"{""manual_assembly"": {""waiting_resource"": 1}, ""selective_soldering"": {""starved"": 1}, ""inspection"": {""waiting_resource"": 1}}",2
7155.833333,01:59:15.833,manual_assembly,WIP_BELOW_TARGET,feed WIP 0 < target 2 -> feeder task (keep 'selective_soldering' fed),manual_assembly,inspection,0,2,"{""buffer_de_entrada"": 0, ""manual_assembly(in process)"": 0, ""transport_1(in process)"": 0}","{""starved"": 1}",0,1,0,"{""manual_assembly"": {""waiting_resource"": 1}, ""selective_soldering"": {""starved"": 1}, ""inspection"": {""starved"": 1}}",2
7288.333333,02:01:28.333,transport_1,WIP_BELOW_TARGET,feed WIP 1 < target 2 -> feeder task (keep 'selective_soldering' fed),transport_1,manual_assembly,1,2,"{""buffer_de_entrada"": 0, ""manual_assembly(in process)"": 1, ""transport_1(in process)"": 0}","{""starved"": 1}",0,1,0,"{""manual_assembly"": {""blocked"": 1}, ""selective_soldering"": {""starved"": 1}, ""inspection"": {""starved"": 1}}",2
7306.666667,02:01:46.667,manual_assembly,WIP_BELOW_TARGET,feed WIP 0 < target 2 -> feeder task (keep 'selective_soldering' fed),manual_assembly,transport_1,0,2,"{""buffer_de_entrada"": 0, ""manual_assembly(in process)"": 0, ""transport_1(in process)"": 0}","{""busy"": 1}",0,0,0,"{""manual_assembly"": {""waiting_resource"": 1}, ""selective_soldering"": {""busy"": 1}, ""inspection"": {""starved"": 1}}",2
7435.0,02:03:55.000,transport_1,WIP_BELOW_TARGET,feed WIP 1 < target 2 -> feeder task (keep 'selective_soldering' fed),transport_1|inspection,manual_assembly,1,2,"{""buffer_de_entrada"": 0, ""manual_assembly(in process)"": 1, ""transport_1(in process)"": 0}","{""starved"": 1}",0,0,0,"{""manual_assembly"": {""blocked"": 1}, ""selective_soldering"": {""starved"": 1}, ""inspection"": {""waiting_resource"": 1}}",2
7453.333333,02:04:13.333,inspection,NO_FEEDER_WAITING,feed WIP 0 < target but no feeder task waiting -> non-feeder task,inspection,transport_1,0,2,"{""buffer_de_entrada"": 0, ""manual_assembly(in process)"": 0, ""transport_1(in process)"": 0}","{""busy"": 1}",0,0,0,"{""manual_assembly"": {""waiting_resource"": 1}, ""selective_soldering"": {""busy"": 1}, ""inspection"": {""waiting_resource"": 1}}",2
7517.5,02:05:17.500,inspection,NO_FEEDER_WAITING,feed WIP 0 < target but no feeder task waiting -> non-feeder task,inspection,inspection,0,2,"{""buffer_de_entrada"": 0, ""manual_assembly(in process)"": 0, ""transport_1(in process)"": 0}","{""starved"": 1}",0,1,0,"{""manual_assembly"": {""waiting_resource"": 1}, ""selective_soldering"": {""starved"": 1}, ""inspection"": {""waiting_resource"": 1}}",2
7577.5,02:06:17.500,manual_assembly,WIP_BELOW_TARGET,feed WIP 0 < target 2 -> feeder task (keep 'selective_soldering' fed),manual_assembly,inspection,0,2,"{""buffer_de_entrada"": 0, ""manual_assembly(in process)"": 0, ""transport_1(in process)"": 0}","{""starved"": 1}",0,1,0,"{""manual_assembly"": {""waiting_resource"": 1}, ""selective_soldering"": {""starved"": 1}, ""inspection"": {""starved"": 1}}",2
7710.0,02:08:30.000,transport_1,WIP_BELOW_TARGET,feed WIP 1 < target 2 -> feeder task (keep 'selective_soldering' fed),transport_1,manual_assembly,1,2,"{""buffer_de_entrada"": 0, ""manual_assembly(in process)"": 1, ""transport_1(in process)"": 0}","{""starved"": 1}",0,1,0,"{""manual_assembly"": {""blocked"": 1}, ""selective_soldering"": {""starved"": 1}, ""inspection"": {""starved"": 1}}",2
7728.333333,02:08:48.333,manual_assembly,WIP_BELOW_TARGET,feed WIP 0 < target 2 -> feeder task (keep 'selective_soldering' fed),manual_assembly,transport_1,0,2,"{""buffer_de_entrada"": 0, ""manual_assembly(in process)"": 0, ""transport_1(in process)"": 0}","{""busy"": 1}",0,0,0,"{""manual_assembly"": {""waiting_resource"": 1}, ""selective_soldering"": {""busy"": 1}, ""inspection"": {""starved"": 1}}",2
7856.666667,02:10:56.667,transport_1,WIP_BELOW_TARGET,feed WIP 1 < target 2 -> feeder task (keep 'selective_soldering' fed),transport_1|inspection,manual_assembly,1,2,"{""buffer_de_entrada"": 0, ""manual_assembly(in process)"": 1, ""transport_1(in process)"": 0}","{""starved"": 1}",0,0,0,"{""manual_assembly"": {""blocked"": 1}, ""selective_soldering"": {""starved"": 1}, ""inspection"": {""waiting_resource"": 1}}",2
7875.0,02:11:15.000,inspection,NO_FEEDER_WAITING,feed WIP 0 < target but no feeder task waiting -> non-feeder task,inspection,transport_1,0,2,"{""buffer_de_entrada"": 0, ""manual_assembly(in process)"": 0, ""transport_1(in process)"": 0}","{""busy"": 1}",0,0,0,"{""manual_assembly"": {""waiting_resource"": 1}, ""selective_soldering"": {""busy"": 1}, ""inspection"": {""waiting_resource"": 1}}",2
7939.166667,02:12:19.167,inspection,NO_FEEDER_WAITING,feed WIP 0 < target but no feeder task waiting -> non-feeder task,inspection,inspection,0,2,"{""buffer_de_entrada"": 0, ""manual_assembly(in process)"": 0, ""transport_1(in process)"": 0}","{""starved"": 1}",0,1,0,"{""manual_assembly"": {""waiting_resource"": 1}, ""selective_soldering"": {""starved"": 1}, ""inspection"": {""waiting_resource"": 1}}",2
7999.166667,02:13:19.167,manual_assembly,WIP_BELOW_TARGET,feed WIP 0 < target 2 -> feeder task (keep 'selective_soldering' fed),manual_assembly,inspection,0,2,"{""buffer_de_entrada"": 0, ""manual_assembly(in process)"": 0, ""transport_1(in process)"": 0}","{""starved"": 1}",0,1,0,"{""manual_assembly"": {""waiting_resource"": 1}, ""selective_soldering"": {""starved"": 1}, ""inspection"": {""starved"": 1}}",2
8131.666667,02:15:31.667,transport_1,WIP_BELOW_TARGET,feed WIP 1 < target 2 -> feeder task (keep 'selective_soldering' fed),transport_1,manual_assembly,1,2,"{""buffer_de_entrada"": 0, ""manual_assembly(in process)"": 1, ""transport_1(in process)"": 0}","{""starved"": 1}",0,1,0,"{""manual_assembly"": {""blocked"": 1}, ""selective_soldering"": {""starved"": 1}, ""inspection"": {""starved"": 1}}",2
8150.0,02:15:50.000,manual_assembly,WIP_BELOW_TARGET,feed WIP 0 < target 2 -> feeder task (keep 'selective_soldering' fed),manual_assembly,transport_1,0,2,"{""buffer_de_entrada"": 0, ""manual_assembly(in process)"": 0, ""transport_1(in process)"": 0}","{""busy"": 1}",0,0,0,"{""manual_assembly"": {""waiting_resource"": 1}, ""selective_soldering"": {""busy"": 1}, ""inspection"": {""starved"": 1}}",2
8278.333333,02:17:58.333,transport_1,WIP_BELOW_TARGET,feed WIP 1 < target 2 -> feeder task (keep 'selective_soldering' fed),transport_1|inspection,manual_assembly,1,2,"{""buffer_de_entrada"": 0, ""manual_assembly(in process)"": 1, ""transport_1(in process)"": 0}","{""starved"": 1}",0,0,0,"{""manual_assembly"": {""blocked"": 1}, ""selective_soldering"": {""starved"": 1}, ""inspection"": {""waiting_resource"": 1}}",2
8296.666667,02:18:16.667,inspection,NO_FEEDER_WAITING,feed WIP 0 < target but no feeder task waiting -> non-feeder task,inspection,transport_1,0,2,"{""buffer_de_entrada"": 0, ""manual_assembly(in process)"": 0, ""transport_1(in process)"": 0}","{""busy"": 1}",0,0,0,"{""manual_assembly"": {""waiting_resource"": 1}, ""selective_soldering"": {""busy"": 1}, ""inspection"": {""waiting_resource"": 1}}",2
8360.833333,02:19:20.833,inspection,NO_FEEDER_WAITING,feed WIP 0 < target but no feeder task waiting -> non-feeder task,inspection,inspection,0,2,"{""buffer_de_entrada"": 0, ""manual_assembly(in process)"": 0, ""transport_1(in process)"": 0}","{""starved"": 1}",0,1,0,"{""manual_assembly"": {""waiting_resource"": 1}, ""selective_soldering"": {""starved"": 1}, ""inspection"": {""waiting_resource"": 1}}",2
8420.833333,02:20:20.833,manual_assembly,WIP_BELOW_TARGET,feed WIP 0 < target 2 -> feeder task (keep 'selective_soldering' fed),manual_assembly,inspection,0,2,"{""buffer_de_entrada"": 0, ""manual_assembly(in process)"": 0, ""transport_1(in process)"": 0}","{""starved"": 1}",0,1,0,"{""manual_assembly"": {""waiting_resource"": 1}, ""selective_soldering"": {""starved"": 1}, ""inspection"": {""starved"": 1}}",2
8553.333333,02:22:33.333,transport_1,WIP_BELOW_TARGET,feed WIP 1 < target 2 -> feeder task (keep 'selective_soldering' fed),transport_1,manual_assembly,1,2,"{""buffer_de_entrada"": 0, ""manual_assembly(in process)"": 1, ""transport_1(in process)"": 0}","{""starved"": 1}",0,1,0,"{""manual_assembly"": {""blocked"": 1}, ""selective_soldering"": {""starved"": 1}, ""inspection"": {""starved"": 1}}",2
8571.666667,02:22:51.667,manual_assembly,WIP_BELOW_TARGET,feed WIP 0 < target 2 -> feeder task (keep 'selective_soldering' fed),manual_assembly,transport_1,0,2,"{""buffer_de_entrada"": 0, ""manual_assembly(in process)"": 0, ""transport_1(in process)"": 0}","{""busy"": 1}",0,0,0,"{""manual_assembly"": {""waiting_resource"": 1}, ""selective_soldering"": {""busy"": 1}, ""inspection"": {""starved"": 1}}",2
8700.0,02:24:60.000,transport_1,WIP_BELOW_TARGET,feed WIP 1 < target 2 -> feeder task (keep 'selective_soldering' fed),transport_1|inspection,manual_assembly,1,2,"{""buffer_de_entrada"": 0, ""manual_assembly(in process)"": 1, ""transport_1(in process)"": 0}","{""starved"": 1}",0,0,0,"{""manual_assembly"": {""blocked"": 1}, ""selective_soldering"": {""starved"": 1}, ""inspection"": {""waiting_resource"": 1}}",2
8718.333333,02:25:18.333,inspection,NO_FEEDER_WAITING,feed WIP 0 < target but no feeder task waiting -> non-feeder task,inspection,transport_1,0,2,"{""buffer_de_entrada"": 0, ""manual_assembly(in process)"": 0, ""transport_1(in process)"": 0}","{""busy"": 1}",0,0,0,"{""manual_assembly"": {""waiting_resource"": 1}, ""selective_soldering"": {""busy"": 1}, ""inspection"": {""waiting_resource"": 1}}",2
8782.5,02:26:22.500,inspection,NO_FEEDER_WAITING,feed WIP 0 < target but no feeder task waiting -> non-feeder task,inspection,inspection,0,2,"{""buffer_de_entrada"": 0, ""manual_assembly(in process)"": 0, ""transport_1(in process)"": 0}","{""starved"": 1}",0,1,0,"{""manual_assembly"": {""waiting_resource"": 1}, ""selective_soldering"": {""starved"": 1}, ""inspection"": {""waiting_resource"": 1}}",2
8842.5,02:27:22.500,manual_assembly,WIP_BELOW_TARGET,feed WIP 0 < target 2 -> feeder task (keep 'selective_soldering' fed),manual_assembly,inspection,0,2,"{""buffer_de_entrada"": 0, ""manual_assembly(in process)"": 0, ""transport_1(in process)"": 0}","{""starved"": 1}",0,1,0,"{""manual_assembly"": {""waiting_resource"": 1}, ""selective_soldering"": {""starved"": 1}, ""inspection"": {""starved"": 1}}",2
8975.0,02:29:35.000,transport_1,WIP_BELOW_TARGET,feed WIP 1 < target 2 -> feeder task (keep 'selective_soldering' fed),transport_1,manual_assembly,1,2,"{""buffer_de_entrada"": 0, ""manual_assembly(in process)"": 1, ""transport_1(in process)"": 0}","{""starved"": 1}",0,1,0,"{""manual_assembly"": {""blocked"": 1}, ""selective_soldering"": {""starved"": 1}, ""inspection"": {""starved"": 1}}",2
8993.333333,02:29:53.333,manual_assembly,WIP_BELOW_TARGET,feed WIP 0 < target 2 -> feeder task (keep 'selective_soldering' fed),manual_assembly,transport_1,0,2,"{""buffer_de_entrada"": 0, ""manual_assembly(in process)"": 0, ""transport_1(in process)"": 0}","{""busy"": 1}",0,0,0,"{""manual_assembly"": {""waiting_resource"": 1}, ""selective_soldering"": {""busy"": 1}, ""inspection"": {""starved"": 1}}",2
9121.666667,02:32:01.667,transport_1,WIP_BELOW_TARGET,feed WIP 1 < target 2 -> feeder task (keep 'selective_soldering' fed),transport_1|inspection,manual_assembly,1,2,"{""buffer_de_entrada"": 0, ""manual_assembly(in process)"": 1, ""transport_1(in process)"": 0}","{""starved"": 1}",0,0,0,"{""manual_assembly"": {""blocked"": 1}, ""selective_soldering"": {""starved"": 1}, ""inspection"": {""waiting_resource"": 1}}",2
9140.0,02:32:20.000,inspection,NO_FEEDER_WAITING,feed WIP 0 < target but no feeder task waiting -> non-feeder task,inspection,transport_1,0,2,"{""buffer_de_entrada"": 0, ""manual_assembly(in process)"": 0, ""transport_1(in process)"": 0}","{""busy"": 1}",0,0,0,"{""manual_assembly"": {""waiting_resource"": 1}, ""selective_soldering"": {""busy"": 1}, ""inspection"": {""waiting_resource"": 1}}",2
9204.166667,02:33:24.167,inspection,NO_FEEDER_WAITING,feed WIP 0 < target but no feeder task waiting -> non-feeder task,inspection,inspection,0,2,"{""buffer_de_entrada"": 0, ""manual_assembly(in process)"": 0, ""transport_1(in process)"": 0}","{""starved"": 1}",0,1,0,"{""manual_assembly"": {""waiting_resource"": 1}, ""selective_soldering"": {""starved"": 1}, ""inspection"": {""waiting_resource"": 1}}",2
9264.166667,02:34:24.167,manual_assembly,WIP_BELOW_TARGET,feed WIP 0 < target 2 -> feeder task (keep 'selective_soldering' fed),manual_assembly,inspection,0,2,"{""buffer_de_entrada"": 0, ""manual_assembly(in process)"": 0, ""transport_1(in process)"": 0}","{""starved"": 1}",0,1,0,"{""manual_assembly"": {""waiting_resource"": 1}, ""selective_soldering"": {""starved"": 1}, ""inspection"": {""starved"": 1}}",2
9396.666667,02:36:36.667,transport_1,WIP_BELOW_TARGET,feed WIP 1 < target 2 -> feeder task (keep 'selective_soldering' fed),transport_1,manual_assembly,1,2,"{""buffer_de_entrada"": 0, ""manual_assembly(in process)"": 1, ""transport_1(in process)"": 0}","{""starved"": 1}",0,1,0,"{""manual_assembly"": {""blocked"": 1}, ""selective_soldering"": {""starved"": 1}, ""inspection"": {""starved"": 1}}",2
9415.0,02:36:55.000,manual_assembly,WIP_BELOW_TARGET,feed WIP 0 < target 2 -> feeder task (keep 'selective_soldering' fed),manual_assembly,transport_1,0,2,"{""buffer_de_entrada"": 0, ""manual_assembly(in process)"": 0, ""transport_1(in process)"": 0}","{""busy"": 1}",0,0,0,"{""manual_assembly"": {""waiting_resource"": 1}, ""selective_soldering"": {""busy"": 1}, ""inspection"": {""starved"": 1}}",2
9543.333333,02:39:03.333,transport_1,WIP_BELOW_TARGET,feed WIP 1 < target 2 -> feeder task (keep 'selective_soldering' fed),transport_1|inspection,manual_assembly,1,2,"{""buffer_de_entrada"": 0, ""manual_assembly(in process)"": 1, ""transport_1(in process)"": 0}","{""starved"": 1}",0,0,0,"{""manual_assembly"": {""blocked"": 1}, ""selective_soldering"": {""starved"": 1}, ""inspection"": {""waiting_resource"": 1}}",2
9561.666667,02:39:21.667,inspection,NO_FEEDER_WAITING,feed WIP 0 < target but no feeder task waiting -> non-feeder task,inspection,transport_1,0,2,"{""buffer_de_entrada"": 0, ""manual_assembly(in process)"": 0, ""transport_1(in process)"": 0}","{""busy"": 1}",0,0,0,"{""manual_assembly"": {""waiting_resource"": 1}, ""selective_soldering"": {""busy"": 1}, ""inspection"": {""waiting_resource"": 1}}",2
9625.833333,02:40:25.833,inspection,NO_FEEDER_WAITING,feed WIP 0 < target but no feeder task waiting -> non-feeder task,inspection,inspection,0,2,"{""buffer_de_entrada"": 0, ""manual_assembly(in process)"": 0, ""transport_1(in process)"": 0}","{""starved"": 1}",0,1,0,"{""manual_assembly"": {""waiting_resource"": 1}, ""selective_soldering"": {""starved"": 1}, ""inspection"": {""waiting_resource"": 1}}",2
9685.833333,02:41:25.833,manual_assembly,WIP_BELOW_TARGET,feed WIP 0 < target 2 -> feeder task (keep 'selective_soldering' fed),manual_assembly,inspection,0,2,"{""buffer_de_entrada"": 0, ""manual_assembly(in process)"": 0, ""transport_1(in process)"": 0}","{""starved"": 1}",0,1,0,"{""manual_assembly"": {""waiting_resource"": 1}, ""selective_soldering"": {""starved"": 1}, ""inspection"": {""starved"": 1}}",2
9818.333333,02:43:38.333,transport_1,WIP_BELOW_TARGET,feed WIP 1 < target 2 -> feeder task (keep 'selective_soldering' fed),transport_1,manual_assembly,1,2,"{""buffer_de_entrada"": 0, ""manual_assembly(in process)"": 1, ""transport_1(in process)"": 0}","{""starved"": 1}",0,1,0,"{""manual_assembly"": {""blocked"": 1}, ""selective_soldering"": {""starved"": 1}, ""inspection"": {""starved"": 1}}",2
9836.666667,02:43:56.667,manual_assembly,WIP_BELOW_TARGET,feed WIP 0 < target 2 -> feeder task (keep 'selective_soldering' fed),manual_assembly,transport_1,0,2,"{""buffer_de_entrada"": 0, ""manual_assembly(in process)"": 0, ""transport_1(in process)"": 0}","{""busy"": 1}",0,0,0,"{""manual_assembly"": {""waiting_resource"": 1}, ""selective_soldering"": {""busy"": 1}, ""inspection"": {""starved"": 1}}",2
9965.0,02:46:05.000,transport_1,WIP_BELOW_TARGET,feed WIP 1 < target 2 -> feeder task (keep 'selective_soldering' fed),transport_1|inspection,manual_assembly,1,2,"{""buffer_de_entrada"": 0, ""manual_assembly(in process)"": 1, ""transport_1(in process)"": 0}","{""starved"": 1}",0,0,0,"{""manual_assembly"": {""blocked"": 1}, ""selective_soldering"": {""starved"": 1}, ""inspection"": {""waiting_resource"": 1}}",2
9983.333333,02:46:23.333,inspection,NO_FEEDER_WAITING,feed WIP 0 < target but no feeder task waiting -> non-feeder task,inspection,transport_1,0,2,"{""buffer_de_entrada"": 0, ""manual_assembly(in process)"": 0, ""transport_1(in process)"": 0}","{""busy"": 1}",0,0,0,"{""manual_assembly"": {""waiting_resource"": 1}, ""selective_soldering"": {""busy"": 1}, ""inspection"": {""waiting_resource"": 1}}",2
10047.5,02:47:27.500,inspection,NO_FEEDER_WAITING,feed WIP 0 < target but no feeder task waiting -> non-feeder task,inspection,inspection,0,2,"{""buffer_de_entrada"": 0, ""manual_assembly(in process)"": 0, ""transport_1(in process)"": 0}","{""starved"": 1}",0,1,0,"{""manual_assembly"": {""waiting_resource"": 1}, ""selective_soldering"": {""starved"": 1}, ""inspection"": {""waiting_resource"": 1}}",2
10107.5,02:48:27.500,manual_assembly,WIP_BELOW_TARGET,feed WIP 0 < target 2 -> feeder task (keep 'selective_soldering' fed),manual_assembly,inspection,0,2,"{""buffer_de_entrada"": 0, ""manual_assembly(in process)"": 0, ""transport_1(in process)"": 0}","{""starved"": 1}",0,1,0,"{""manual_assembly"": {""waiting_resource"": 1}, ""selective_soldering"": {""starved"": 1}, ""inspection"": {""starved"": 1}}",2
10240.0,02:50:40.000,transport_1,WIP_BELOW_TARGET,feed WIP 1 < target 2 -> feeder task (keep 'selective_soldering' fed),transport_1,manual_assembly,1,2,"{""buffer_de_entrada"": 0, ""manual_assembly(in process)"": 1, ""transport_1(in process)"": 0}","{""starved"": 1}",0,1,0,"{""manual_assembly"": {""blocked"": 1}, ""selective_soldering"": {""starved"": 1}, ""inspection"": {""starved"": 1}}",2
10258.333333,02:50:58.333,manual_assembly,WIP_BELOW_TARGET,feed WIP 0 < target 2 -> feeder task (keep 'selective_soldering' fed),manual_assembly,transport_1,0,2,"{""buffer_de_entrada"": 0, ""manual_assembly(in process)"": 0, ""transport_1(in process)"": 0}","{""busy"": 1}",0,0,0,"{""manual_assembly"": {""waiting_resource"": 1}, ""selective_soldering"": {""busy"": 1}, ""inspection"": {""starved"": 1}}",2
10386.666667,02:53:06.667,transport_1,WIP_BELOW_TARGET,feed WIP 1 < target 2 -> feeder task (keep 'selective_soldering' fed),transport_1|inspection,manual_assembly,1,2,"{""buffer_de_entrada"": 0, ""manual_assembly(in process)"": 1, ""transport_1(in process)"": 0}","{""starved"": 1}",0,0,0,"{""manual_assembly"": {""blocked"": 1}, ""selective_soldering"": {""starved"": 1}, ""inspection"": {""waiting_resource"": 1}}",2
10405.0,02:53:25.000,inspection,NO_FEEDER_WAITING,feed WIP 0 < target but no feeder task waiting -> non-feeder task,inspection,transport_1,0,2,"{""buffer_de_entrada"": 0, ""manual_assembly(in process)"": 0, ""transport_1(in process)"": 0}","{""busy"": 1}",0,0,0,"{""manual_assembly"": {""waiting_resource"": 1}, ""selective_soldering"": {""busy"": 1}, ""inspection"": {""waiting_resource"": 1}}",2
10469.166667,02:54:29.167,inspection,NO_FEEDER_WAITING,feed WIP 0 < target but no feeder task waiting -> non-feeder task,inspection,inspection,0,2,"{""buffer_de_entrada"": 0, ""manual_assembly(in process)"": 0, ""transport_1(in process)"": 0}","{""starved"": 1}",0,1,0,"{""manual_assembly"": {""waiting_resource"": 1}, ""selective_soldering"": {""starved"": 1}, ""inspection"": {""waiting_resource"": 1}}",2
10529.166667,02:55:29.167,manual_assembly,WIP_BELOW_TARGET,feed WIP 0 < target 2 -> feeder task (keep 'selective_soldering' fed),manual_assembly,inspection,0,2,"{""buffer_de_entrada"": 0, ""manual_assembly(in process)"": 0, ""transport_1(in process)"": 0}","{""starved"": 1}",0,1,0,"{""manual_assembly"": {""waiting_resource"": 1}, ""selective_soldering"": {""starved"": 1}, ""inspection"": {""starved"": 1}}",2
10661.666667,02:57:41.667,transport_1,WIP_BELOW_TARGET,feed WIP 1 < target 2 -> feeder task (keep 'selective_soldering' fed),transport_1,manual_assembly,1,2,"{""buffer_de_entrada"": 0, ""manual_assembly(in process)"": 1, ""transport_1(in process)"": 0}","{""starved"": 1}",0,1,0,"{""manual_assembly"": {""blocked"": 1}, ""selective_soldering"": {""starved"": 1}, ""inspection"": {""starved"": 1}}",2
10680.0,02:58:00.000,manual_assembly,WIP_BELOW_TARGET,feed WIP 0 < target 2 -> feeder task (keep 'selective_soldering' fed),manual_assembly,transport_1,0,2,"{""buffer_de_entrada"": 0, ""manual_assembly(in process)"": 0, ""transport_1(in process)"": 0}","{""busy"": 1}",0,0,0,"{""manual_assembly"": {""waiting_resource"": 1}, ""selective_soldering"": {""busy"": 1}, ""inspection"": {""starved"": 1}}",2
10808.333333,03:00:08.333,transport_1,WIP_BELOW_TARGET,feed WIP 1 < target 2 -> feeder task (keep 'selective_soldering' fed),transport_1|inspection,manual_assembly,1,2,"{""buffer_de_entrada"": 0, ""manual_assembly(in process)"": 1, ""transport_1(in process)"": 0}","{""starved"": 1}",0,0,0,"{""manual_assembly"": {""blocked"": 1}, ""selective_soldering"": {""starved"": 1}, ""inspection"": {""waiting_resource"": 1}}",2
10826.666667,03:00:26.667,inspection,NO_FEEDER_WAITING,feed WIP 0 < target but no feeder task waiting -> non-feeder task,inspection,transport_1,0,2,"{""buffer_de_entrada"": 0, ""manual_assembly(in process)"": 0, ""transport_1(in process)"": 0}","{""busy"": 1}",0,0,0,"{""manual_assembly"": {""waiting_resource"": 1}, ""selective_soldering"": {""busy"": 1}, ""inspection"": {""waiting_resource"": 1}}",2
10890.833333,03:01:30.833,inspection,NO_FEEDER_WAITING,feed WIP 0 < target but no feeder task waiting -> non-feeder task,inspection,inspection,0,2,"{""buffer_de_entrada"": 0, ""manual_assembly(in process)"": 0, ""transport_1(in process)"": 0}","{""starved"": 1}",0,1,0,"{""manual_assembly"": {""waiting_resource"": 1}, ""selective_soldering"": {""starved"": 1}, ""inspection"": {""waiting_resource"": 1}}",2
10950.833333,03:02:30.833,manual_assembly,WIP_BELOW_TARGET,feed WIP 0 < target 2 -> feeder task (keep 'selective_soldering' fed),manual_assembly,inspection,0,2,"{""buffer_de_entrada"": 0, ""manual_assembly(in process)"": 0, ""transport_1(in process)"": 0}","{""starved"": 1}",0,1,0,"{""manual_assembly"": {""waiting_resource"": 1}, ""selective_soldering"": {""starved"": 1}, ""inspection"": {""starved"": 1}}",2
11083.333333,03:04:43.333,transport_1,WIP_BELOW_TARGET,feed WIP 1 < target 2 -> feeder task (keep 'selective_soldering' fed),transport_1,manual_assembly,1,2,"{""buffer_de_entrada"": 0, ""manual_assembly(in process)"": 1, ""transport_1(in process)"": 0}","{""starved"": 1}",0,1,0,"{""manual_assembly"": {""blocked"": 1}, ""selective_soldering"": {""starved"": 1}, ""inspection"": {""starved"": 1}}",2
11101.666667,03:05:01.667,manual_assembly,WIP_BELOW_TARGET,feed WIP 0 < target 2 -> feeder task (keep 'selective_soldering' fed),manual_assembly,transport_1,0,2,"{""buffer_de_entrada"": 0, ""manual_assembly(in process)"": 0, ""transport_1(in process)"": 0}","{""busy"": 1}",0,0,0,"{""manual_assembly"": {""waiting_resource"": 1}, ""selective_soldering"": {""busy"": 1}, ""inspection"": {""starved"": 1}}",2
11230.0,03:07:10.000,transport_1,WIP_BELOW_TARGET,feed WIP 1 < target 2 -> feeder task (keep 'selective_soldering' fed),transport_1|inspection,manual_assembly,1,2,"{""buffer_de_entrada"": 0, ""manual_assembly(in process)"": 1, ""transport_1(in process)"": 0}","{""starved"": 1}",0,0,0,"{""manual_assembly"": {""blocked"": 1}, ""selective_soldering"": {""starved"": 1}, ""inspection"": {""waiting_resource"": 1}}",2
11248.333333,03:07:28.333,inspection,NO_FEEDER_WAITING,feed WIP 0 < target but no feeder task waiting -> non-feeder task,inspection,transport_1,0,2,"{""buffer_de_entrada"": 0, ""manual_assembly(in process)"": 0, ""transport_1(in process)"": 0}","{""busy"": 1}",0,0,0,"{""manual_assembly"": {""waiting_resource"": 1}, ""selective_soldering"": {""busy"": 1}, ""inspection"": {""waiting_resource"": 1}}",2
11312.5,03:08:32.500,inspection,NO_FEEDER_WAITING,feed WIP 0 < target but no feeder task waiting -> non-feeder task,inspection,inspection,0,2,"{""buffer_de_entrada"": 0, ""manual_assembly(in process)"": 0, ""transport_1(in process)"": 0}","{""starved"": 1}",0,1,0,"{""manual_assembly"": {""waiting_resource"": 1}, ""selective_soldering"": {""starved"": 1}, ""inspection"": {""waiting_resource"": 1}}",2
11372.5,03:09:32.500,manual_assembly,WIP_BELOW_TARGET,feed WIP 0 < target 2 -> feeder task (keep 'selective_soldering' fed),manual_assembly,inspection,0,2,"{""buffer_de_entrada"": 0, ""manual_assembly(in process)"": 0, ""transport_1(in process)"": 0}","{""starved"": 1}",0,1,0,"{""manual_assembly"": {""waiting_resource"": 1}, ""selective_soldering"": {""starved"": 1}, ""inspection"": {""starved"": 1}}",2
11505.0,03:11:45.000,transport_1,WIP_BELOW_TARGET,feed WIP 1 < target 2 -> feeder task (keep 'selective_soldering' fed),transport_1,manual_assembly,1,2,"{""buffer_de_entrada"": 0, ""manual_assembly(in process)"": 1, ""transport_1(in process)"": 0}","{""starved"": 1}",0,1,0,"{""manual_assembly"": {""blocked"": 1}, ""selective_soldering"": {""starved"": 1}, ""inspection"": {""starved"": 1}}",2
11523.333333,03:12:03.333,manual_assembly,WIP_BELOW_TARGET,feed WIP 0 < target 2 -> feeder task (keep 'selective_soldering' fed),manual_assembly,transport_1,0,2,"{""buffer_de_entrada"": 0, ""manual_assembly(in process)"": 0, ""transport_1(in process)"": 0}","{""busy"": 1}",0,0,0,"{""manual_assembly"": {""waiting_resource"": 1}, ""selective_soldering"": {""busy"": 1}, ""inspection"": {""starved"": 1}}",2
11651.666667,03:14:11.667,transport_1,WIP_BELOW_TARGET,feed WIP 1 < target 2 -> feeder task (keep 'selective_soldering' fed),transport_1|inspection,manual_assembly,1,2,"{""buffer_de_entrada"": 0, ""manual_assembly(in process)"": 1, ""transport_1(in process)"": 0}","{""starved"": 1}",0,0,0,"{""manual_assembly"": {""blocked"": 1}, ""selective_soldering"": {""starved"": 1}, ""inspection"": {""waiting_resource"": 1}}",2
11670.0,03:14:30.000,inspection,NO_FEEDER_WAITING,feed WIP 0 < target but no feeder task waiting -> non-feeder task,inspection,transport_1,0,2,"{""buffer_de_entrada"": 0, ""manual_assembly(in process)"": 0, ""transport_1(in process)"": 0}","{""busy"": 1}",0,0,0,"{""manual_assembly"": {""waiting_resource"": 1}, ""selective_soldering"": {""busy"": 1}, ""inspection"": {""waiting_resource"": 1}}",2
11734.166667,03:15:34.167,inspection,NO_FEEDER_WAITING,feed WIP 0 < target but no feeder task waiting -> non-feeder task,inspection,inspection,0,2,"{""buffer_de_entrada"": 0, ""manual_assembly(in process)"": 0, ""transport_1(in process)"": 0}","{""starved"": 1}",0,1,0,"{""manual_assembly"": {""waiting_resource"": 1}, ""selective_soldering"": {""starved"": 1}, ""inspection"": {""waiting_resource"": 1}}",2
11794.166667,03:16:34.167,manual_assembly,WIP_BELOW_TARGET,feed WIP 0 < target 2 -> feeder task (keep 'selective_soldering' fed),manual_assembly,inspection,0,2,"{""buffer_de_entrada"": 0, ""manual_assembly(in process)"": 0, ""transport_1(in process)"": 0}","{""starved"": 1}",0,1,0,"{""manual_assembly"": {""waiting_resource"": 1}, ""selective_soldering"": {""starved"": 1}, ""inspection"": {""starved"": 1}}",2
11926.666667,03:18:46.667,transport_1,WIP_BELOW_TARGET,feed WIP 1 < target 2 -> feeder task (keep 'selective_soldering' fed),transport_1,manual_assembly,1,2,"{""buffer_de_entrada"": 0, ""manual_assembly(in process)"": 1, ""transport_1(in process)"": 0}","{""starved"": 1}",0,1,0,"{""manual_assembly"": {""blocked"": 1}, ""selective_soldering"": {""starved"": 1}, ""inspection"": {""starved"": 1}}",2
11945.0,03:19:05.000,manual_assembly,WIP_BELOW_TARGET,feed WIP 0 < target 2 -> feeder task (keep 'selective_soldering' fed),manual_assembly,transport_1,0,2,"{""buffer_de_entrada"": 0, ""manual_assembly(in process)"": 0, ""transport_1(in process)"": 0}","{""busy"": 1}",0,0,0,"{""manual_assembly"": {""waiting_resource"": 1}, ""selective_soldering"": {""busy"": 1}, ""inspection"": {""starved"": 1}}",2
12073.333333,03:21:13.333,transport_1,WIP_BELOW_TARGET,feed WIP 1 < target 2 -> feeder task (keep 'selective_soldering' fed),transport_1|inspection,manual_assembly,1,2,"{""buffer_de_entrada"": 0, ""manual_assembly(in process)"": 1, ""transport_1(in process)"": 0}","{""starved"": 1}",0,0,0,"{""manual_assembly"": {""blocked"": 1}, ""selective_soldering"": {""starved"": 1}, ""inspection"": {""waiting_resource"": 1}}",2
12091.666667,03:21:31.667,inspection,NO_FEEDER_WAITING,feed WIP 0 < target but no feeder task waiting -> non-feeder task,inspection,transport_1,0,2,"{""buffer_de_entrada"": 0, ""manual_assembly(in process)"": 0, ""transport_1(in process)"": 0}","{""busy"": 1}",0,0,0,"{""manual_assembly"": {""waiting_resource"": 1}, ""selective_soldering"": {""busy"": 1}, ""inspection"": {""waiting_resource"": 1}}",2
12155.833333,03:22:35.833,inspection,NO_FEEDER_WAITING,feed WIP 0 < target but no feeder task waiting -> non-feeder task,inspection,inspection,0,2,"{""buffer_de_entrada"": 0, ""manual_assembly(in process)"": 0, ""transport_1(in process)"": 0}","{""starved"": 1}",0,1,0,"{""manual_assembly"": {""waiting_resource"": 1}, ""selective_soldering"": {""starved"": 1}, ""inspection"": {""waiting_resource"": 1}}",2
12215.833333,03:23:35.833,manual_assembly,WIP_BELOW_TARGET,feed WIP 0 < target 2 -> feeder task (keep 'selective_soldering' fed),manual_assembly,inspection,0,2,"{""buffer_de_entrada"": 0, ""manual_assembly(in process)"": 0, ""transport_1(in process)"": 0}","{""starved"": 1}",0,1,0,"{""manual_assembly"": {""waiting_resource"": 1}, ""selective_soldering"": {""starved"": 1}, ""inspection"": {""starved"": 1}}",2
12348.333333,03:25:48.333,transport_1,WIP_BELOW_TARGET,feed WIP 1 < target 2 -> feeder task (keep 'selective_soldering' fed),transport_1,manual_assembly,1,2,"{""buffer_de_entrada"": 0, ""manual_assembly(in process)"": 1, ""transport_1(in process)"": 0}","{""starved"": 1}",0,1,0,"{""manual_assembly"": {""blocked"": 1}, ""selective_soldering"": {""starved"": 1}, ""inspection"": {""starved"": 1}}",2
12366.666667,03:26:06.667,manual_assembly,WIP_BELOW_TARGET,feed WIP 0 < target 2 -> feeder task (keep 'selective_soldering' fed),manual_assembly,transport_1,0,2,"{""buffer_de_entrada"": 0, ""manual_assembly(in process)"": 0, ""transport_1(in process)"": 0}","{""busy"": 1}",0,0,0,"{""manual_assembly"": {""waiting_resource"": 1}, ""selective_soldering"": {""busy"": 1}, ""inspection"": {""starved"": 1}}",2
12495.0,03:28:15.000,transport_1,WIP_BELOW_TARGET,feed WIP 1 < target 2 -> feeder task (keep 'selective_soldering' fed),transport_1|inspection,manual_assembly,1,2,"{""buffer_de_entrada"": 0, ""manual_assembly(in process)"": 1, ""transport_1(in process)"": 0}","{""starved"": 1}",0,0,0,"{""manual_assembly"": {""blocked"": 1}, ""selective_soldering"": {""starved"": 1}, ""inspection"": {""waiting_resource"": 1}}",2
12513.333333,03:28:33.333,inspection,NO_FEEDER_WAITING,feed WIP 0 < target but no feeder task waiting -> non-feeder task,inspection,transport_1,0,2,"{""buffer_de_entrada"": 0, ""manual_assembly(in process)"": 0, ""transport_1(in process)"": 0}","{""busy"": 1}",0,0,0,"{""manual_assembly"": {""waiting_resource"": 1}, ""selective_soldering"": {""busy"": 1}, ""inspection"": {""waiting_resource"": 1}}",2
12577.5,03:29:37.500,inspection,NO_FEEDER_WAITING,feed WIP 0 < target but no feeder task waiting -> non-feeder task,inspection,inspection,0,2,"{""buffer_de_entrada"": 0, ""manual_assembly(in process)"": 0, ""transport_1(in process)"": 0}","{""starved"": 1}",0,1,0,"{""manual_assembly"": {""waiting_resource"": 1}, ""selective_soldering"": {""starved"": 1}, ""inspection"": {""waiting_resource"": 1}}",2
12637.5,03:30:37.500,manual_assembly,WIP_BELOW_TARGET,feed WIP 0 < target 2 -> feeder task (keep 'selective_soldering' fed),manual_assembly,inspection,0,2,"{""buffer_de_entrada"": 0, ""manual_assembly(in process)"": 0, ""transport_1(in process)"": 0}","{""starved"": 1}",0,1,0,"{""manual_assembly"": {""waiting_resource"": 1}, ""selective_soldering"": {""starved"": 1}, ""inspection"": {""starved"": 1}}",2
12770.0,03:32:50.000,transport_1,WIP_BELOW_TARGET,feed WIP 1 < target 2 -> feeder task (keep 'selective_soldering' fed),transport_1,manual_assembly,1,2,"{""buffer_de_entrada"": 0, ""manual_assembly(in process)"": 1, ""transport_1(in process)"": 0}","{""starved"": 1}",0,1,0,"{""manual_assembly"": {""blocked"": 1}, ""selective_soldering"": {""starved"": 1}, ""inspection"": {""starved"": 1}}",2
12788.333333,03:33:08.333,manual_assembly,WIP_BELOW_TARGET,feed WIP 0 < target 2 -> feeder task (keep 'selective_soldering' fed),manual_assembly,transport_1,0,2,"{""buffer_de_entrada"": 0, ""manual_assembly(in process)"": 0, ""transport_1(in process)"": 0}","{""busy"": 1}",0,0,0,"{""manual_assembly"": {""waiting_resource"": 1}, ""selective_soldering"": {""busy"": 1}, ""inspection"": {""starved"": 1}}",2
12916.666667,03:35:16.667,transport_1,WIP_BELOW_TARGET,feed WIP 1 < target 2 -> feeder task (keep 'selective_soldering' fed),transport_1|inspection,manual_assembly,1,2,"{""buffer_de_entrada"": 0, ""manual_assembly(in process)"": 1, ""transport_1(in process)"": 0}","{""starved"": 1}",0,0,0,"{""manual_assembly"": {""blocked"": 1}, ""selective_soldering"": {""starved"": 1}, ""inspection"": {""waiting_resource"": 1}}",2
12935.0,03:35:35.000,inspection,NO_FEEDER_WAITING,feed WIP 0 < target but no feeder task waiting -> non-feeder task,inspection,transport_1,0,2,"{""buffer_de_entrada"": 0, ""manual_assembly(in process)"": 0, ""transport_1(in process)"": 0}","{""busy"": 1}",0,0,0,"{""manual_assembly"": {""waiting_resource"": 1}, ""selective_soldering"": {""busy"": 1}, ""inspection"": {""waiting_resource"": 1}}",2
12999.166667,03:36:39.167,inspection,NO_FEEDER_WAITING,feed WIP 0 < target but no feeder task waiting -> non-feeder task,inspection,inspection,0,2,"{""buffer_de_entrada"": 0, ""manual_assembly(in process)"": 0, ""transport_1(in process)"": 0}","{""starved"": 1}",0,1,0,"{""manual_assembly"": {""waiting_resource"": 1}, ""selective_soldering"": {""starved"": 1}, ""inspection"": {""waiting_resource"": 1}}",2
13059.166667,03:37:39.167,manual_assembly,WIP_BELOW_TARGET,feed WIP 0 < target 2 -> feeder task (keep 'selective_soldering' fed),manual_assembly,inspection,0,2,"{""buffer_de_entrada"": 0, ""manual_assembly(in process)"": 0, ""transport_1(in process)"": 0}","{""starved"": 1}",0,1,0,"{""manual_assembly"": {""waiting_resource"": 1}, ""selective_soldering"": {""starved"": 1}, ""inspection"": {""starved"": 1}}",2
13191.666667,03:39:51.667,transport_1,WIP_BELOW_TARGET,feed WIP 1 < target 2 -> feeder task (keep 'selective_soldering' fed),transport_1,manual_assembly,1,2,"{""buffer_de_entrada"": 0, ""manual_assembly(in process)"": 1, ""transport_1(in process)"": 0}","{""starved"": 1}",0,1,0,"{""manual_assembly"": {""blocked"": 1}, ""selective_soldering"": {""starved"": 1}, ""inspection"": {""starved"": 1}}",2
13210.0,03:40:10.000,manual_assembly,WIP_BELOW_TARGET,feed WIP 0 < target 2 -> feeder task (keep 'selective_soldering' fed),manual_assembly,transport_1,0,2,"{""buffer_de_entrada"": 0, ""manual_assembly(in process)"": 0, ""transport_1(in process)"": 0}","{""busy"": 1}",0,0,0,"{""manual_assembly"": {""waiting_resource"": 1}, ""selective_soldering"": {""busy"": 1}, ""inspection"": {""starved"": 1}}",2
13338.333333,03:42:18.333,transport_1,WIP_BELOW_TARGET,feed WIP 1 < target 2 -> feeder task (keep 'selective_soldering' fed),transport_1|inspection,manual_assembly,1,2,"{""buffer_de_entrada"": 0, ""manual_assembly(in process)"": 1, ""transport_1(in process)"": 0}","{""starved"": 1}",0,0,0,"{""manual_assembly"": {""blocked"": 1}, ""selective_soldering"": {""starved"": 1}, ""inspection"": {""waiting_resource"": 1}}",2
13356.666667,03:42:36.667,inspection,NO_FEEDER_WAITING,feed WIP 0 < target but no feeder task waiting -> non-feeder task,inspection,transport_1,0,2,"{""buffer_de_entrada"": 0, ""manual_assembly(in process)"": 0, ""transport_1(in process)"": 0}","{""busy"": 1}",0,0,0,"{""manual_assembly"": {""waiting_resource"": 1}, ""selective_soldering"": {""busy"": 1}, ""inspection"": {""waiting_resource"": 1}}",2
13420.833333,03:43:40.833,inspection,NO_FEEDER_WAITING,feed WIP 0 < target but no feeder task waiting -> non-feeder task,inspection,inspection,0,2,"{""buffer_de_entrada"": 0, ""manual_assembly(in process)"": 0, ""transport_1(in process)"": 0}","{""starved"": 1}",0,1,0,"{""manual_assembly"": {""waiting_resource"": 1}, ""selective_soldering"": {""starved"": 1}, ""inspection"": {""waiting_resource"": 1}}",2
13480.833333,03:44:40.833,manual_assembly,WIP_BELOW_TARGET,feed WIP 0 < target 2 -> feeder task (keep 'selective_soldering' fed),manual_assembly,inspection,0,2,"{""buffer_de_entrada"": 0, ""manual_assembly(in process)"": 0, ""transport_1(in process)"": 0}","{""starved"": 1}",0,1,0,"{""manual_assembly"": {""waiting_resource"": 1}, ""selective_soldering"": {""starved"": 1}, ""inspection"": {""starved"": 1}}",2
13613.333333,03:46:53.333,transport_1,WIP_BELOW_TARGET,feed WIP 1 < target 2 -> feeder task (keep 'selective_soldering' fed),transport_1,manual_assembly,1,2,"{""buffer_de_entrada"": 0, ""manual_assembly(in process)"": 1, ""transport_1(in process)"": 0}","{""starved"": 1}",0,1,0,"{""manual_assembly"": {""blocked"": 1}, ""selective_soldering"": {""starved"": 1}, ""inspection"": {""starved"": 1}}",2
13631.666667,03:47:11.667,manual_assembly,WIP_BELOW_TARGET,feed WIP 0 < target 2 -> feeder task (keep 'selective_soldering' fed),manual_assembly,transport_1,0,2,"{""buffer_de_entrada"": 0, ""manual_assembly(in process)"": 0, ""transport_1(in process)"": 0}","{""busy"": 1}",0,0,0,"{""manual_assembly"": {""waiting_resource"": 1}, ""selective_soldering"": {""busy"": 1}, ""inspection"": {""starved"": 1}}",2
13760.0,03:49:20.000,transport_1,WIP_BELOW_TARGET,feed WIP 1 < target 2 -> feeder task (keep 'selective_soldering' fed),transport_1|inspection,manual_assembly,1,2,"{""buffer_de_entrada"": 0, ""manual_assembly(in process)"": 1, ""transport_1(in process)"": 0}","{""starved"": 1}",0,0,0,"{""manual_assembly"": {""blocked"": 1}, ""selective_soldering"": {""starved"": 1}, ""inspection"": {""waiting_resource"": 1}}",2
13778.333333,03:49:38.333,inspection,NO_FEEDER_WAITING,feed WIP 0 < target but no feeder task waiting -> non-feeder task,inspection,transport_1,0,2,"{""buffer_de_entrada"": 0, ""manual_assembly(in process)"": 0, ""transport_1(in process)"": 0}","{""busy"": 1}",0,0,0,"{""manual_assembly"": {""waiting_resource"": 1}, ""selective_soldering"": {""busy"": 1}, ""inspection"": {""waiting_resource"": 1}}",2
13842.5,03:50:42.500,inspection,NO_FEEDER_WAITING,feed WIP 0 < target but no feeder task waiting -> non-feeder task,inspection,inspection,0,2,"{""buffer_de_entrada"": 0, ""manual_assembly(in process)"": 0, ""transport_1(in process)"": 0}","{""starved"": 1}",0,1,0,"{""manual_assembly"": {""waiting_resource"": 1}, ""selective_soldering"": {""starved"": 1}, ""inspection"": {""waiting_resource"": 1}}",2
13902.5,03:51:42.500,manual_assembly,WIP_BELOW_TARGET,feed WIP 0 < target 2 -> feeder task (keep 'selective_soldering' fed),manual_assembly,inspection,0,2,"{""buffer_de_entrada"": 0, ""manual_assembly(in process)"": 0, ""transport_1(in process)"": 0}","{""starved"": 1}",0,1,0,"{""manual_assembly"": {""waiting_resource"": 1}, ""selective_soldering"": {""starved"": 1}, ""inspection"": {""starved"": 1}}",2
14035.0,03:53:55.000,transport_1,WIP_BELOW_TARGET,feed WIP 1 < target 2 -> feeder task (keep 'selective_soldering' fed),transport_1,manual_assembly,1,2,"{""buffer_de_entrada"": 0, ""manual_assembly(in process)"": 1, ""transport_1(in process)"": 0}","{""starved"": 1}",0,1,0,"{""manual_assembly"": {""blocked"": 1}, ""selective_soldering"": {""starved"": 1}, ""inspection"": {""starved"": 1}}",2
14053.333333,03:54:13.333,manual_assembly,WIP_BELOW_TARGET,feed WIP 0 < target 2 -> feeder task (keep 'selective_soldering' fed),manual_assembly,transport_1,0,2,"{""buffer_de_entrada"": 0, ""manual_assembly(in process)"": 0, ""transport_1(in process)"": 0}","{""busy"": 1}",0,0,0,"{""manual_assembly"": {""waiting_resource"": 1}, ""selective_soldering"": {""busy"": 1}, ""inspection"": {""starved"": 1}}",2
14181.666667,03:56:21.667,transport_1,WIP_BELOW_TARGET,feed WIP 1 < target 2 -> feeder task (keep 'selective_soldering' fed),transport_1|inspection,manual_assembly,1,2,"{""buffer_de_entrada"": 0, ""manual_assembly(in process)"": 1, ""transport_1(in process)"": 0}","{""starved"": 1}",0,0,0,"{""manual_assembly"": {""blocked"": 1}, ""selective_soldering"": {""starved"": 1}, ""inspection"": {""waiting_resource"": 1}}",2
14200.0,03:56:40.000,inspection,NO_FEEDER_WAITING,feed WIP 0 < target but no feeder task waiting -> non-feeder task,inspection,transport_1,0,2,"{""buffer_de_entrada"": 0, ""manual_assembly(in process)"": 0, ""transport_1(in process)"": 0}","{""busy"": 1}",0,0,0,"{""manual_assembly"": {""waiting_resource"": 1}, ""selective_soldering"": {""busy"": 1}, ""inspection"": {""waiting_resource"": 1}}",2
14264.166667,03:57:44.167,inspection,NO_FEEDER_WAITING,feed WIP 0 < target but no feeder task waiting -> non-feeder task,inspection,inspection,0,2,"{""buffer_de_entrada"": 0, ""manual_assembly(in process)"": 0, ""transport_1(in process)"": 0}","{""starved"": 1}",0,1,0,"{""manual_assembly"": {""waiting_resource"": 1}, ""selective_soldering"": {""starved"": 1}, ""inspection"": {""waiting_resource"": 1}}",2
14324.166667,03:58:44.167,manual_assembly,WIP_BELOW_TARGET,feed WIP 0 < target 2 -> feeder task (keep 'selective_soldering' fed),manual_assembly,inspection,0,2,"{""buffer_de_entrada"": 0, ""manual_assembly(in process)"": 0, ""transport_1(in process)"": 0}","{""starved"": 1}",0,1,0,"{""manual_assembly"": {""waiting_resource"": 1}, ""selective_soldering"": {""starved"": 1}, ""inspection"": {""starved"": 1}}",2
14456.666667,04:00:56.667,transport_1,WIP_BELOW_TARGET,feed WIP 1 < target 2 -> feeder task (keep 'selective_soldering' fed),transport_1,manual_assembly,1,2,"{""buffer_de_entrada"": 0, ""manual_assembly(in process)"": 1, ""transport_1(in process)"": 0}","{""starved"": 1}",0,1,0,"{""manual_assembly"": {""blocked"": 1}, ""selective_soldering"": {""starved"": 1}, ""inspection"": {""starved"": 1}}",2
14475.0,04:01:15.000,manual_assembly,WIP_BELOW_TARGET,feed WIP 0 < target 2 -> feeder task (keep 'selective_soldering' fed),manual_assembly,transport_1,0,2,"{""buffer_de_entrada"": 0, ""manual_assembly(in process)"": 0, ""transport_1(in process)"": 0}","{""busy"": 1}",0,0,0,"{""manual_assembly"": {""waiting_resource"": 1}, ""selective_soldering"": {""busy"": 1}, ""inspection"": {""starved"": 1}}",2
14603.333333,04:03:23.333,transport_1,WIP_BELOW_TARGET,feed WIP 1 < target 2 -> feeder task (keep 'selective_soldering' fed),transport_1|inspection,manual_assembly,1,2,"{""buffer_de_entrada"": 0, ""manual_assembly(in process)"": 1, ""transport_1(in process)"": 0}","{""starved"": 1}",0,0,0,"{""manual_assembly"": {""blocked"": 1}, ""selective_soldering"": {""starved"": 1}, ""inspection"": {""waiting_resource"": 1}}",2
14621.666667,04:03:41.667,inspection,NO_FEEDER_WAITING,feed WIP 0 < target but no feeder task waiting -> non-feeder task,inspection,transport_1,0,2,"{""buffer_de_entrada"": 0, ""manual_assembly(in process)"": 0, ""transport_1(in process)"": 0}","{""busy"": 1}",0,0,0,"{""manual_assembly"": {""waiting_resource"": 1}, ""selective_soldering"": {""busy"": 1}, ""inspection"": {""waiting_resource"": 1}}",2
14685.833333,04:04:45.833,inspection,NO_FEEDER_WAITING,feed WIP 0 < target but no feeder task waiting -> non-feeder task,inspection,inspection,0,2,"{""buffer_de_entrada"": 0, ""manual_assembly(in process)"": 0, ""transport_1(in process)"": 0}","{""starved"": 1}",0,1,0,"{""manual_assembly"": {""waiting_resource"": 1}, ""selective_soldering"": {""starved"": 1}, ""inspection"": {""waiting_resource"": 1}}",2
14745.833333,04:05:45.833,manual_assembly,WIP_BELOW_TARGET,feed WIP 0 < target 2 -> feeder task (keep 'selective_soldering' fed),manual_assembly,inspection,0,2,"{""buffer_de_entrada"": 0, ""manual_assembly(in process)"": 0, ""transport_1(in process)"": 0}","{""starved"": 1}",0,1,0,"{""manual_assembly"": {""waiting_resource"": 1}, ""selective_soldering"": {""starved"": 1}, ""inspection"": {""starved"": 1}}",2
14878.333333,04:07:58.333,transport_1,WIP_BELOW_TARGET,feed WIP 1 < target 2 -> feeder task (keep 'selective_soldering' fed),transport_1,manual_assembly,1,2,"{""buffer_de_entrada"": 0, ""manual_assembly(in process)"": 1, ""transport_1(in process)"": 0}","{""starved"": 1}",0,1,0,"{""manual_assembly"": {""blocked"": 1}, ""selective_soldering"": {""starved"": 1}, ""inspection"": {""starved"": 1}}",2
14896.666667,04:08:16.667,manual_assembly,WIP_BELOW_TARGET,feed WIP 0 < target 2 -> feeder task (keep 'selective_soldering' fed),manual_assembly,transport_1,0,2,"{""buffer_de_entrada"": 0, ""manual_assembly(in process)"": 0, ""transport_1(in process)"": 0}","{""busy"": 1}",0,0,0,"{""manual_assembly"": {""waiting_resource"": 1}, ""selective_soldering"": {""busy"": 1}, ""inspection"": {""starved"": 1}}",2
15025.0,04:10:25.000,transport_1,WIP_BELOW_TARGET,feed WIP 1 < target 2 -> feeder task (keep 'selective_soldering' fed),transport_1|inspection,manual_assembly,1,2,"{""buffer_de_entrada"": 0, ""manual_assembly(in process)"": 1, ""transport_1(in process)"": 0}","{""starved"": 1}",0,0,0,"{""manual_assembly"": {""blocked"": 1}, ""selective_soldering"": {""starved"": 1}, ""inspection"": {""waiting_resource"": 1}}",2
15043.333333,04:10:43.333,inspection,NO_FEEDER_WAITING,feed WIP 0 < target but no feeder task waiting -> non-feeder task,inspection,transport_1,0,2,"{""buffer_de_entrada"": 0, ""manual_assembly(in process)"": 0, ""transport_1(in process)"": 0}","{""busy"": 1}",0,0,0,"{""manual_assembly"": {""waiting_resource"": 1}, ""selective_soldering"": {""busy"": 1}, ""inspection"": {""waiting_resource"": 1}}",2
15107.5,04:11:47.500,inspection,NO_FEEDER_WAITING,feed WIP 0 < target but no feeder task waiting -> non-feeder task,inspection,inspection,0,2,"{""buffer_de_entrada"": 0, ""manual_assembly(in process)"": 0, ""transport_1(in process)"": 0}","{""starved"": 1}",0,1,0,"{""manual_assembly"": {""waiting_resource"": 1}, ""selective_soldering"": {""starved"": 1}, ""inspection"": {""waiting_resource"": 1}}",2
15167.5,04:12:47.500,manual_assembly,WIP_BELOW_TARGET,feed WIP 0 < target 2 -> feeder task (keep 'selective_soldering' fed),manual_assembly,inspection,0,2,"{""buffer_de_entrada"": 0, ""manual_assembly(in process)"": 0, ""transport_1(in process)"": 0}","{""starved"": 1}",0,1,0,"{""manual_assembly"": {""waiting_resource"": 1}, ""selective_soldering"": {""starved"": 1}, ""inspection"": {""starved"": 1}}",2
15300.0,04:15:00.000,transport_1,WIP_BELOW_TARGET,feed WIP 1 < target 2 -> feeder task (keep 'selective_soldering' fed),transport_1,manual_assembly,1,2,"{""buffer_de_entrada"": 0, ""manual_assembly(in process)"": 1, ""transport_1(in process)"": 0}","{""starved"": 1}",0,1,0,"{""manual_assembly"": {""blocked"": 1}, ""selective_soldering"": {""starved"": 1}, ""inspection"": {""starved"": 1}}",2
15318.333333,04:15:18.333,manual_assembly,WIP_BELOW_TARGET,feed WIP 0 < target 2 -> feeder task (keep 'selective_soldering' fed),manual_assembly,transport_1,0,2,"{""buffer_de_entrada"": 0, ""manual_assembly(in process)"": 0, ""transport_1(in process)"": 0}","{""busy"": 1}",0,0,0,"{""manual_assembly"": {""waiting_resource"": 1}, ""selective_soldering"": {""busy"": 1}, ""inspection"": {""starved"": 1}}",2
15446.666667,04:17:26.667,transport_1,WIP_BELOW_TARGET,feed WIP 1 < target 2 -> feeder task (keep 'selective_soldering' fed),transport_1|inspection,manual_assembly,1,2,"{""buffer_de_entrada"": 0, ""manual_assembly(in process)"": 1, ""transport_1(in process)"": 0}","{""starved"": 1}",0,0,0,"{""manual_assembly"": {""blocked"": 1}, ""selective_soldering"": {""starved"": 1}, ""inspection"": {""waiting_resource"": 1}}",2
15465.0,04:17:45.000,inspection,NO_FEEDER_WAITING,feed WIP 0 < target but no feeder task waiting -> non-feeder task,inspection,transport_1,0,2,"{""buffer_de_entrada"": 0, ""manual_assembly(in process)"": 0, ""transport_1(in process)"": 0}","{""busy"": 1}",0,0,0,"{""manual_assembly"": {""waiting_resource"": 1}, ""selective_soldering"": {""busy"": 1}, ""inspection"": {""waiting_resource"": 1}}",2
15529.166667,04:18:49.167,inspection,NO_FEEDER_WAITING,feed WIP 0 < target but no feeder task waiting -> non-feeder task,inspection,inspection,0,2,"{""buffer_de_entrada"": 0, ""manual_assembly(in process)"": 0, ""transport_1(in process)"": 0}","{""starved"": 1}",0,1,0,"{""manual_assembly"": {""waiting_resource"": 1}, ""selective_soldering"": {""starved"": 1}, ""inspection"": {""waiting_resource"": 1}}",2
15589.166667,04:19:49.167,manual_assembly,WIP_BELOW_TARGET,feed WIP 0 < target 2 -> feeder task (keep 'selective_soldering' fed),manual_assembly,inspection,0,2,"{""buffer_de_entrada"": 0, ""manual_assembly(in process)"": 0, ""transport_1(in process)"": 0}","{""starved"": 1}",0,1,0,"{""manual_assembly"": {""waiting_resource"": 1}, ""selective_soldering"": {""starved"": 1}, ""inspection"": {""starved"": 1}}",2
15721.666667,04:22:01.667,transport_1,WIP_BELOW_TARGET,feed WIP 1 < target 2 -> feeder task (keep 'selective_soldering' fed),transport_1,manual_assembly,1,2,"{""buffer_de_entrada"": 0, ""manual_assembly(in process)"": 1, ""transport_1(in process)"": 0}","{""starved"": 1}",0,1,0,"{""manual_assembly"": {""blocked"": 1}, ""selective_soldering"": {""starved"": 1}, ""inspection"": {""starved"": 1}}",2
15740.0,04:22:20.000,manual_assembly,WIP_BELOW_TARGET,feed WIP 0 < target 2 -> feeder task (keep 'selective_soldering' fed),manual_assembly,transport_1,0,2,"{""buffer_de_entrada"": 0, ""manual_assembly(in process)"": 0, ""transport_1(in process)"": 0}","{""busy"": 1}",0,0,0,"{""manual_assembly"": {""waiting_resource"": 1}, ""selective_soldering"": {""busy"": 1}, ""inspection"": {""starved"": 1}}",2
15868.333333,04:24:28.333,transport_1,WIP_BELOW_TARGET,feed WIP 1 < target 2 -> feeder task (keep 'selective_soldering' fed),transport_1|inspection,manual_assembly,1,2,"{""buffer_de_entrada"": 0, ""manual_assembly(in process)"": 1, ""transport_1(in process)"": 0}","{""starved"": 1}",0,0,0,"{""manual_assembly"": {""blocked"": 1}, ""selective_soldering"": {""starved"": 1}, ""inspection"": {""waiting_resource"": 1}}",2
15886.666667,04:24:46.667,inspection,NO_FEEDER_WAITING,feed WIP 0 < target but no feeder task waiting -> non-feeder task,inspection,transport_1,0,2,"{""buffer_de_entrada"": 0, ""manual_assembly(in process)"": 0, ""transport_1(in process)"": 0}","{""busy"": 1}",0,0,0,"{""manual_assembly"": {""waiting_resource"": 1}, ""selective_soldering"": {""busy"": 1}, ""inspection"": {""waiting_resource"": 1}}",2
15950.833333,04:25:50.833,inspection,NO_FEEDER_WAITING,feed WIP 0 < target but no feeder task waiting -> non-feeder task,inspection,inspection,0,2,"{""buffer_de_entrada"": 0, ""manual_assembly(in process)"": 0, ""transport_1(in process)"": 0}","{""starved"": 1}",0,1,0,"{""manual_assembly"": {""waiting_resource"": 1}, ""selective_soldering"": {""starved"": 1}, ""inspection"": {""waiting_resource"": 1}}",2
16010.833333,04:26:50.833,manual_assembly,WIP_BELOW_TARGET,feed WIP 0 < target 2 -> feeder task (keep 'selective_soldering' fed),manual_assembly,inspection,0,2,"{""buffer_de_entrada"": 0, ""manual_assembly(in process)"": 0, ""transport_1(in process)"": 0}","{""starved"": 1}",0,1,0,"{""manual_assembly"": {""waiting_resource"": 1}, ""selective_soldering"": {""starved"": 1}, ""inspection"": {""starved"": 1}}",2
16143.333333,04:29:03.333,transport_1,WIP_BELOW_TARGET,feed WIP 1 < target 2 -> feeder task (keep 'selective_soldering' fed),transport_1,manual_assembly,1,2,"{""buffer_de_entrada"": 0, ""manual_assembly(in process)"": 1, ""transport_1(in process)"": 0}","{""starved"": 1}",0,1,0,"{""manual_assembly"": {""blocked"": 1}, ""selective_soldering"": {""starved"": 1}, ""inspection"": {""starved"": 1}}",2
16161.666667,04:29:21.667,manual_assembly,WIP_BELOW_TARGET,feed WIP 0 < target 2 -> feeder task (keep 'selective_soldering' fed),manual_assembly,transport_1,0,2,"{""buffer_de_entrada"": 0, ""manual_assembly(in process)"": 0, ""transport_1(in process)"": 0}","{""busy"": 1}",0,0,0,"{""manual_assembly"": {""waiting_resource"": 1}, ""selective_soldering"": {""busy"": 1}, ""inspection"": {""starved"": 1}}",2
16290.0,04:31:30.000,transport_1,WIP_BELOW_TARGET,feed WIP 1 < target 2 -> feeder task (keep 'selective_soldering' fed),transport_1|inspection,manual_assembly,1,2,"{""buffer_de_entrada"": 0, ""manual_assembly(in process)"": 1, ""transport_1(in process)"": 0}","{""starved"": 1}",0,0,0,"{""manual_assembly"": {""blocked"": 1}, ""selective_soldering"": {""starved"": 1}, ""inspection"": {""waiting_resource"": 1}}",2
16308.333333,04:31:48.333,inspection,NO_FEEDER_WAITING,feed WIP 0 < target but no feeder task waiting -> non-feeder task,inspection,transport_1,0,2,"{""buffer_de_entrada"": 0, ""manual_assembly(in process)"": 0, ""transport_1(in process)"": 0}","{""busy"": 1}",0,0,0,"{""manual_assembly"": {""waiting_resource"": 1}, ""selective_soldering"": {""busy"": 1}, ""inspection"": {""waiting_resource"": 1}}",2
16372.5,04:32:52.500,inspection,NO_FEEDER_WAITING,feed WIP 0 < target but no feeder task waiting -> non-feeder task,inspection,inspection,0,2,"{""buffer_de_entrada"": 0, ""manual_assembly(in process)"": 0, ""transport_1(in process)"": 0}","{""starved"": 1}",0,1,0,"{""manual_assembly"": {""waiting_resource"": 1}, ""selective_soldering"": {""starved"": 1}, ""inspection"": {""waiting_resource"": 1}}",2
16432.5,04:33:52.500,manual_assembly,WIP_BELOW_TARGET,feed WIP 0 < target 2 -> feeder task (keep 'selective_soldering' fed),manual_assembly,inspection,0,2,"{""buffer_de_entrada"": 0, ""manual_assembly(in process)"": 0, ""transport_1(in process)"": 0}","{""starved"": 1}",0,1,0,"{""manual_assembly"": {""waiting_resource"": 1}, ""selective_soldering"": {""starved"": 1}, ""inspection"": {""starved"": 1}}",2
16565.0,04:36:05.000,transport_1,WIP_BELOW_TARGET,feed WIP 1 < target 2 -> feeder task (keep 'selective_soldering' fed),transport_1,manual_assembly,1,2,"{""buffer_de_entrada"": 0, ""manual_assembly(in process)"": 1, ""transport_1(in process)"": 0}","{""starved"": 1}",0,1,0,"{""manual_assembly"": {""blocked"": 1}, ""selective_soldering"": {""starved"": 1}, ""inspection"": {""starved"": 1}}",2
16583.333333,04:36:23.333,manual_assembly,WIP_BELOW_TARGET,feed WIP 0 < target 2 -> feeder task (keep 'selective_soldering' fed),manual_assembly,transport_1,0,2,"{""buffer_de_entrada"": 0, ""manual_assembly(in process)"": 0, ""transport_1(in process)"": 0}","{""busy"": 1}",0,0,0,"{""manual_assembly"": {""waiting_resource"": 1}, ""selective_soldering"": {""busy"": 1}, ""inspection"": {""starved"": 1}}",2
16711.666667,04:38:31.667,transport_1,WIP_BELOW_TARGET,feed WIP 1 < target 2 -> feeder task (keep 'selective_soldering' fed),transport_1|inspection,manual_assembly,1,2,"{""buffer_de_entrada"": 0, ""manual_assembly(in process)"": 1, ""transport_1(in process)"": 0}","{""starved"": 1}",0,0,0,"{""manual_assembly"": {""blocked"": 1}, ""selective_soldering"": {""starved"": 1}, ""inspection"": {""waiting_resource"": 1}}",2
16730.0,04:38:50.000,inspection,NO_FEEDER_WAITING,feed WIP 0 < target but no feeder task waiting -> non-feeder task,inspection,transport_1,0,2,"{""buffer_de_entrada"": 0, ""manual_assembly(in process)"": 0, ""transport_1(in process)"": 0}","{""busy"": 1}",0,0,0,"{""manual_assembly"": {""waiting_resource"": 1}, ""selective_soldering"": {""busy"": 1}, ""inspection"": {""waiting_resource"": 1}}",2
16794.166667,04:39:54.167,inspection,NO_FEEDER_WAITING,feed WIP 0 < target but no feeder task waiting -> non-feeder task,inspection,inspection,0,2,"{""buffer_de_entrada"": 0, ""manual_assembly(in process)"": 0, ""transport_1(in process)"": 0}","{""starved"": 1}",0,1,0,"{""manual_assembly"": {""waiting_resource"": 1}, ""selective_soldering"": {""starved"": 1}, ""inspection"": {""waiting_resource"": 1}}",2
16854.166667,04:40:54.167,manual_assembly,WIP_BELOW_TARGET,feed WIP 0 < target 2 -> feeder task (keep 'selective_soldering' fed),manual_assembly,inspection,0,2,"{""buffer_de_entrada"": 0, ""manual_assembly(in process)"": 0, ""transport_1(in process)"": 0}","{""starved"": 1}",0,1,0,"{""manual_assembly"": {""waiting_resource"": 1}, ""selective_soldering"": {""starved"": 1}, ""inspection"": {""starved"": 1}}",2
16986.666667,04:43:06.667,transport_1,WIP_BELOW_TARGET,feed WIP 1 < target 2 -> feeder task (keep 'selective_soldering' fed),transport_1,manual_assembly,1,2,"{""buffer_de_entrada"": 0, ""manual_assembly(in process)"": 1, ""transport_1(in process)"": 0}","{""starved"": 1}",0,1,0,"{""manual_assembly"": {""blocked"": 1}, ""selective_soldering"": {""starved"": 1}, ""inspection"": {""starved"": 1}}",2
17005.0,04:43:25.000,manual_assembly,WIP_BELOW_TARGET,feed WIP 0 < target 2 -> feeder task (keep 'selective_soldering' fed),manual_assembly,transport_1,0,2,"{""buffer_de_entrada"": 0, ""manual_assembly(in process)"": 0, ""transport_1(in process)"": 0}","{""busy"": 1}",0,0,0,"{""manual_assembly"": {""waiting_resource"": 1}, ""selective_soldering"": {""busy"": 1}, ""inspection"": {""starved"": 1}}",2
17133.333333,04:45:33.333,transport_1,WIP_BELOW_TARGET,feed WIP 1 < target 2 -> feeder task (keep 'selective_soldering' fed),transport_1|inspection,manual_assembly,1,2,"{""buffer_de_entrada"": 0, ""manual_assembly(in process)"": 1, ""transport_1(in process)"": 0}","{""starved"": 1}",0,0,0,"{""manual_assembly"": {""blocked"": 1}, ""selective_soldering"": {""starved"": 1}, ""inspection"": {""waiting_resource"": 1}}",2
17151.666667,04:45:51.667,inspection,NO_FEEDER_WAITING,feed WIP 0 < target but no feeder task waiting -> non-feeder task,inspection,transport_1,0,2,"{""buffer_de_entrada"": 0, ""manual_assembly(in process)"": 0, ""transport_1(in process)"": 0}","{""busy"": 1}",0,0,0,"{""manual_assembly"": {""waiting_resource"": 1}, ""selective_soldering"": {""busy"": 1}, ""inspection"": {""waiting_resource"": 1}}",2
17215.833333,04:46:55.833,inspection,NO_FEEDER_WAITING,feed WIP 0 < target but no feeder task waiting -> non-feeder task,inspection,inspection,0,2,"{""buffer_de_entrada"": 0, ""manual_assembly(in process)"": 0, ""transport_1(in process)"": 0}","{""starved"": 1}",0,1,0,"{""manual_assembly"": {""waiting_resource"": 1}, ""selective_soldering"": {""starved"": 1}, ""inspection"": {""waiting_resource"": 1}}",2
17275.833333,04:47:55.833,manual_assembly,WIP_BELOW_TARGET,feed WIP 0 < target 2 -> feeder task (keep 'selective_soldering' fed),manual_assembly,inspection,0,2,"{""buffer_de_entrada"": 0, ""manual_assembly(in process)"": 0, ""transport_1(in process)"": 0}","{""starved"": 1}",0,1,0,"{""manual_assembly"": {""waiting_resource"": 1}, ""selective_soldering"": {""starved"": 1}, ""inspection"": {""starved"": 1}}",2
17408.333333,04:50:08.333,transport_1,WIP_BELOW_TARGET,feed WIP 1 < target 2 -> feeder task (keep 'selective_soldering' fed),transport_1,manual_assembly,1,2,"{""buffer_de_entrada"": 0, ""manual_assembly(in process)"": 1, ""transport_1(in process)"": 0}","{""starved"": 1}",0,1,0,"{""manual_assembly"": {""blocked"": 1}, ""selective_soldering"": {""starved"": 1}, ""inspection"": {""starved"": 1}}",2
17426.666667,04:50:26.667,manual_assembly,WIP_BELOW_TARGET,feed WIP 0 < target 2 -> feeder task (keep 'selective_soldering' fed),manual_assembly,transport_1,0,2,"{""buffer_de_entrada"": 0, ""manual_assembly(in process)"": 0, ""transport_1(in process)"": 0}","{""busy"": 1}",0,0,0,"{""manual_assembly"": {""waiting_resource"": 1}, ""selective_soldering"": {""busy"": 1}, ""inspection"": {""starved"": 1}}",2
17555.0,04:52:35.000,transport_1,WIP_BELOW_TARGET,feed WIP 1 < target 2 -> feeder task (keep 'selective_soldering' fed),transport_1|inspection,manual_assembly,1,2,"{""buffer_de_entrada"": 0, ""manual_assembly(in process)"": 1, ""transport_1(in process)"": 0}","{""starved"": 1}",0,0,0,"{""manual_assembly"": {""blocked"": 1}, ""selective_soldering"": {""starved"": 1}, ""inspection"": {""waiting_resource"": 1}}",2
17573.333333,04:52:53.333,inspection,NO_FEEDER_WAITING,feed WIP 0 < target but no feeder task waiting -> non-feeder task,inspection,transport_1,0,2,"{""buffer_de_entrada"": 0, ""manual_assembly(in process)"": 0, ""transport_1(in process)"": 0}","{""busy"": 1}",0,0,0,"{""manual_assembly"": {""waiting_resource"": 1}, ""selective_soldering"": {""busy"": 1}, ""inspection"": {""waiting_resource"": 1}}",2
17637.5,04:53:57.500,inspection,NO_FEEDER_WAITING,feed WIP 0 < target but no feeder task waiting -> non-feeder task,inspection,inspection,0,2,"{""buffer_de_entrada"": 0, ""manual_assembly(in process)"": 0, ""transport_1(in process)"": 0}","{""starved"": 1}",0,1,0,"{""manual_assembly"": {""waiting_resource"": 1}, ""selective_soldering"": {""starved"": 1}, ""inspection"": {""waiting_resource"": 1}}",2
17697.5,04:54:57.500,manual_assembly,WIP_BELOW_TARGET,feed WIP 0 < target 2 -> feeder task (keep 'selective_soldering' fed),manual_assembly,inspection,0,2,"{""buffer_de_entrada"": 0, ""manual_assembly(in process)"": 0, ""transport_1(in process)"": 0}","{""starved"": 1}",0,1,0,"{""manual_assembly"": {""waiting_resource"": 1}, ""selective_soldering"": {""starved"": 1}, ""inspection"": {""starved"": 1}}",2
17830.0,04:57:10.000,transport_1,WIP_BELOW_TARGET,feed WIP 1 < target 2 -> feeder task (keep 'selective_soldering' fed),transport_1,manual_assembly,1,2,"{""buffer_de_entrada"": 0, ""manual_assembly(in process)"": 1, ""transport_1(in process)"": 0}","{""starved"": 1}",0,1,0,"{""manual_assembly"": {""blocked"": 1}, ""selective_soldering"": {""starved"": 1}, ""inspection"": {""starved"": 1}}",2
17848.333333,04:57:28.333,manual_assembly,WIP_BELOW_TARGET,feed WIP 0 < target 2 -> feeder task (keep 'selective_soldering' fed),manual_assembly,transport_1,0,2,"{""buffer_de_entrada"": 0, ""manual_assembly(in process)"": 0, ""transport_1(in process)"": 0}","{""busy"": 1}",0,0,0,"{""manual_assembly"": {""waiting_resource"": 1}, ""selective_soldering"": {""busy"": 1}, ""inspection"": {""starved"": 1}}",2
17976.666667,04:59:36.667,transport_1,WIP_BELOW_TARGET,feed WIP 1 < target 2 -> feeder task (keep 'selective_soldering' fed),transport_1|inspection,manual_assembly,1,2,"{""buffer_de_entrada"": 0, ""manual_assembly(in process)"": 1, ""transport_1(in process)"": 0}","{""starved"": 1}",0,0,0,"{""manual_assembly"": {""blocked"": 1}, ""selective_soldering"": {""starved"": 1}, ""inspection"": {""waiting_resource"": 1}}",2
17995.0,04:59:55.000,inspection,NO_FEEDER_WAITING,feed WIP 0 < target but no feeder task waiting -> non-feeder task,inspection,transport_1,0,2,"{""buffer_de_entrada"": 0, ""manual_assembly(in process)"": 0, ""transport_1(in process)"": 0}","{""busy"": 1}",0,0,0,"{""manual_assembly"": {""waiting_resource"": 1}, ""selective_soldering"": {""busy"": 1}, ""inspection"": {""waiting_resource"": 1}}",2
18059.166667,05:00:59.167,inspection,NO_FEEDER_WAITING,feed WIP 0 < target but no feeder task waiting -> non-feeder task,inspection,inspection,0,2,"{""buffer_de_entrada"": 0, ""manual_assembly(in process)"": 0, ""transport_1(in process)"": 0}","{""starved"": 1}",0,1,0,"{""manual_assembly"": {""waiting_resource"": 1}, ""selective_soldering"": {""starved"": 1}, ""inspection"": {""waiting_resource"": 1}}",2
18119.166667,05:01:59.167,manual_assembly,WIP_BELOW_TARGET,feed WIP 0 < target 2 -> feeder task (keep 'selective_soldering' fed),manual_assembly,inspection,0,2,"{""buffer_de_entrada"": 0, ""manual_assembly(in process)"": 0, ""transport_1(in process)"": 0}","{""starved"": 1}",0,1,0,"{""manual_assembly"": {""waiting_resource"": 1}, ""selective_soldering"": {""starved"": 1}, ""inspection"": {""starved"": 1}}",2
18251.666667,05:04:11.667,transport_1,WIP_BELOW_TARGET,feed WIP 1 < target 2 -> feeder task (keep 'selective_soldering' fed),transport_1,manual_assembly,1,2,"{""buffer_de_entrada"": 0, ""manual_assembly(in process)"": 1, ""transport_1(in process)"": 0}","{""starved"": 1}",0,1,0,"{""manual_assembly"": {""blocked"": 1}, ""selective_soldering"": {""starved"": 1}, ""inspection"": {""starved"": 1}}",2
18270.0,05:04:30.000,manual_assembly,WIP_BELOW_TARGET,feed WIP 0 < target 2 -> feeder task (keep 'selective_soldering' fed),manual_assembly,transport_1,0,2,"{""buffer_de_entrada"": 0, ""manual_assembly(in process)"": 0, ""transport_1(in process)"": 0}","{""busy"": 1}",0,0,0,"{""manual_assembly"": {""waiting_resource"": 1}, ""selective_soldering"": {""busy"": 1}, ""inspection"": {""starved"": 1}}",2
18398.333333,05:06:38.333,transport_1,WIP_BELOW_TARGET,feed WIP 1 < target 2 -> feeder task (keep 'selective_soldering' fed),transport_1|inspection,manual_assembly,1,2,"{""buffer_de_entrada"": 0, ""manual_assembly(in process)"": 1, ""transport_1(in process)"": 0}","{""starved"": 1}",0,0,0,"{""manual_assembly"": {""blocked"": 1}, ""selective_soldering"": {""starved"": 1}, ""inspection"": {""waiting_resource"": 1}}",2
18416.666667,05:06:56.667,inspection,NO_FEEDER_WAITING,feed WIP 0 < target but no feeder task waiting -> non-feeder task,inspection,transport_1,0,2,"{""buffer_de_entrada"": 0, ""manual_assembly(in process)"": 0, ""transport_1(in process)"": 0}","{""busy"": 1}",0,0,0,"{""manual_assembly"": {""waiting_resource"": 1}, ""selective_soldering"": {""busy"": 1}, ""inspection"": {""waiting_resource"": 1}}",2
18480.833333,05:08:00.833,inspection,NO_FEEDER_WAITING,feed WIP 0 < target but no feeder task waiting -> non-feeder task,inspection,inspection,0,2,"{""buffer_de_entrada"": 0, ""manual_assembly(in process)"": 0, ""transport_1(in process)"": 0}","{""starved"": 1}",0,1,0,"{""manual_assembly"": {""waiting_resource"": 1}, ""selective_soldering"": {""starved"": 1}, ""inspection"": {""waiting_resource"": 1}}",2
18540.833333,05:09:00.833,manual_assembly,WIP_BELOW_TARGET,feed WIP 0 < target 2 -> feeder task (keep 'selective_soldering' fed),manual_assembly,inspection,0,2,"{""buffer_de_entrada"": 0, ""manual_assembly(in process)"": 0, ""transport_1(in process)"": 0}","{""starved"": 1}",0,1,0,"{""manual_assembly"": {""waiting_resource"": 1}, ""selective_soldering"": {""starved"": 1}, ""inspection"": {""starved"": 1}}",2
18673.333333,05:11:13.333,transport_1,WIP_BELOW_TARGET,feed WIP 1 < target 2 -> feeder task (keep 'selective_soldering' fed),transport_1,manual_assembly,1,2,"{""buffer_de_entrada"": 0, ""manual_assembly(in process)"": 1, ""transport_1(in process)"": 0}","{""starved"": 1}",0,1,0,"{""manual_assembly"": {""blocked"": 1}, ""selective_soldering"": {""starved"": 1}, ""inspection"": {""starved"": 1}}",2
18691.666667,05:11:31.667,manual_assembly,WIP_BELOW_TARGET,feed WIP 0 < target 2 -> feeder task (keep 'selective_soldering' fed),manual_assembly,transport_1,0,2,"{""buffer_de_entrada"": 0, ""manual_assembly(in process)"": 0, ""transport_1(in process)"": 0}","{""busy"": 1}",0,0,0,"{""manual_assembly"": {""waiting_resource"": 1}, ""selective_soldering"": {""busy"": 1}, ""inspection"": {""starved"": 1}}",2
18820.0,05:13:40.000,transport_1,WIP_BELOW_TARGET,feed WIP 1 < target 2 -> feeder task (keep 'selective_soldering' fed),transport_1|inspection,manual_assembly,1,2,"{""buffer_de_entrada"": 0, ""manual_assembly(in process)"": 1, ""transport_1(in process)"": 0}","{""starved"": 1}",0,0,0,"{""manual_assembly"": {""blocked"": 1}, ""selective_soldering"": {""starved"": 1}, ""inspection"": {""waiting_resource"": 1}}",2
18838.333333,05:13:58.333,inspection,NO_FEEDER_WAITING,feed WIP 0 < target but no feeder task waiting -> non-feeder task,inspection,transport_1,0,2,"{""buffer_de_entrada"": 0, ""manual_assembly(in process)"": 0, ""transport_1(in process)"": 0}","{""busy"": 1}",0,0,0,"{""manual_assembly"": {""waiting_resource"": 1}, ""selective_soldering"": {""busy"": 1}, ""inspection"": {""waiting_resource"": 1}}",2
18902.5,05:15:02.500,inspection,NO_FEEDER_WAITING,feed WIP 0 < target but no feeder task waiting -> non-feeder task,inspection,inspection,0,2,"{""buffer_de_entrada"": 0, ""manual_assembly(in process)"": 0, ""transport_1(in process)"": 0}","{""starved"": 1}",0,1,0,"{""manual_assembly"": {""waiting_resource"": 1}, ""selective_soldering"": {""starved"": 1}, ""inspection"": {""waiting_resource"": 1}}",2
18962.5,05:16:02.500,manual_assembly,WIP_BELOW_TARGET,feed WIP 0 < target 2 -> feeder task (keep 'selective_soldering' fed),manual_assembly,inspection,0,2,"{""buffer_de_entrada"": 0, ""manual_assembly(in process)"": 0, ""transport_1(in process)"": 0}","{""starved"": 1}",0,1,0,"{""manual_assembly"": {""waiting_resource"": 1}, ""selective_soldering"": {""starved"": 1}, ""inspection"": {""starved"": 1}}",2
19095.0,05:18:15.000,transport_1,WIP_BELOW_TARGET,feed WIP 1 < target 2 -> feeder task (keep 'selective_soldering' fed),transport_1,manual_assembly,1,2,"{""buffer_de_entrada"": 0, ""manual_assembly(in process)"": 1, ""transport_1(in process)"": 0}","{""starved"": 1}",0,1,0,"{""manual_assembly"": {""blocked"": 1}, ""selective_soldering"": {""starved"": 1}, ""inspection"": {""starved"": 1}}",2
19113.333333,05:18:33.333,manual_assembly,WIP_BELOW_TARGET,feed WIP 0 < target 2 -> feeder task (keep 'selective_soldering' fed),manual_assembly,transport_1,0,2,"{""buffer_de_entrada"": 0, ""manual_assembly(in process)"": 0, ""transport_1(in process)"": 0}","{""busy"": 1}",0,0,0,"{""manual_assembly"": {""waiting_resource"": 1}, ""selective_soldering"": {""busy"": 1}, ""inspection"": {""starved"": 1}}",2
19241.666667,05:20:41.667,transport_1,WIP_BELOW_TARGET,feed WIP 1 < target 2 -> feeder task (keep 'selective_soldering' fed),transport_1|inspection,manual_assembly,1,2,"{""buffer_de_entrada"": 0, ""manual_assembly(in process)"": 1, ""transport_1(in process)"": 0}","{""starved"": 1}",0,0,0,"{""manual_assembly"": {""blocked"": 1}, ""selective_soldering"": {""starved"": 1}, ""inspection"": {""waiting_resource"": 1}}",2
19260.0,05:21:00.000,inspection,NO_FEEDER_WAITING,feed WIP 0 < target but no feeder task waiting -> non-feeder task,inspection,transport_1,0,2,"{""buffer_de_entrada"": 0, ""manual_assembly(in process)"": 0, ""transport_1(in process)"": 0}","{""busy"": 1}",0,0,0,"{""manual_assembly"": {""waiting_resource"": 1}, ""selective_soldering"": {""busy"": 1}, ""inspection"": {""waiting_resource"": 1}}",2
19324.166667,05:22:04.167,inspection,NO_FEEDER_WAITING,feed WIP 0 < target but no feeder task waiting -> non-feeder task,inspection,inspection,0,2,"{""buffer_de_entrada"": 0, ""manual_assembly(in process)"": 0, ""transport_1(in process)"": 0}","{""starved"": 1}",0,1,0,"{""manual_assembly"": {""waiting_resource"": 1}, ""selective_soldering"": {""starved"": 1}, ""inspection"": {""waiting_resource"": 1}}",2
19384.166667,05:23:04.167,manual_assembly,WIP_BELOW_TARGET,feed WIP 0 < target 2 -> feeder task (keep 'selective_soldering' fed),manual_assembly,inspection,0,2,"{""buffer_de_entrada"": 0, ""manual_assembly(in process)"": 0, ""transport_1(in process)"": 0}","{""starved"": 1}",0,1,0,"{""manual_assembly"": {""waiting_resource"": 1}, ""selective_soldering"": {""starved"": 1}, ""inspection"": {""starved"": 1}}",2
19516.666667,05:25:16.667,transport_1,WIP_BELOW_TARGET,feed WIP 1 < target 2 -> feeder task (keep 'selective_soldering' fed),transport_1,manual_assembly,1,2,"{""buffer_de_entrada"": 0, ""manual_assembly(in process)"": 1, ""transport_1(in process)"": 0}","{""starved"": 1}",0,1,0,"{""manual_assembly"": {""blocked"": 1}, ""selective_soldering"": {""starved"": 1}, ""inspection"": {""starved"": 1}}",2
19535.0,05:25:35.000,manual_assembly,WIP_BELOW_TARGET,feed WIP 0 < target 2 -> feeder task (keep 'selective_soldering' fed),manual_assembly,transport_1,0,2,"{""buffer_de_entrada"": 0, ""manual_assembly(in process)"": 0, ""transport_1(in process)"": 0}","{""busy"": 1}",0,0,0,"{""manual_assembly"": {""waiting_resource"": 1}, ""selective_soldering"": {""busy"": 1}, ""inspection"": {""starved"": 1}}",2
19663.333333,05:27:43.333,transport_1,WIP_BELOW_TARGET,feed WIP 1 < target 2 -> feeder task (keep 'selective_soldering' fed),transport_1|inspection,manual_assembly,1,2,"{""buffer_de_entrada"": 0, ""manual_assembly(in process)"": 1, ""transport_1(in process)"": 0}","{""starved"": 1}",0,0,0,"{""manual_assembly"": {""blocked"": 1}, ""selective_soldering"": {""starved"": 1}, ""inspection"": {""waiting_resource"": 1}}",2
19681.666667,05:28:01.667,inspection,NO_FEEDER_WAITING,feed WIP 0 < target but no feeder task waiting -> non-feeder task,inspection,transport_1,0,2,"{""buffer_de_entrada"": 0, ""manual_assembly(in process)"": 0, ""transport_1(in process)"": 0}","{""busy"": 1}",0,0,0,"{""manual_assembly"": {""waiting_resource"": 1}, ""selective_soldering"": {""busy"": 1}, ""inspection"": {""waiting_resource"": 1}}",2
19745.833333,05:29:05.833,inspection,NO_FEEDER_WAITING,feed WIP 0 < target but no feeder task waiting -> non-feeder task,inspection,inspection,0,2,"{""buffer_de_entrada"": 0, ""manual_assembly(in process)"": 0, ""transport_1(in process)"": 0}","{""starved"": 1}",0,1,0,"{""manual_assembly"": {""waiting_resource"": 1}, ""selective_soldering"": {""starved"": 1}, ""inspection"": {""waiting_resource"": 1}}",2
19805.833333,05:30:05.833,manual_assembly,WIP_BELOW_TARGET,feed WIP 0 < target 2 -> feeder task (keep 'selective_soldering' fed),manual_assembly,inspection,0,2,"{""buffer_de_entrada"": 0, ""manual_assembly(in process)"": 0, ""transport_1(in process)"": 0}","{""starved"": 1}",0,1,0,"{""manual_assembly"": {""waiting_resource"": 1}, ""selective_soldering"": {""starved"": 1}, ""inspection"": {""starved"": 1}}",2
19938.333333,05:32:18.333,transport_1,WIP_BELOW_TARGET,feed WIP 1 < target 2 -> feeder task (keep 'selective_soldering' fed),transport_1,manual_assembly,1,2,"{""buffer_de_entrada"": 0, ""manual_assembly(in process)"": 1, ""transport_1(in process)"": 0}","{""starved"": 1}",0,1,0,"{""manual_assembly"": {""blocked"": 1}, ""selective_soldering"": {""starved"": 1}, ""inspection"": {""starved"": 1}}",2
19956.666667,05:32:36.667,manual_assembly,WIP_BELOW_TARGET,feed WIP 0 < target 2 -> feeder task (keep 'selective_soldering' fed),manual_assembly,transport_1,0,2,"{""buffer_de_entrada"": 0, ""manual_assembly(in process)"": 0, ""transport_1(in process)"": 0}","{""busy"": 1}",0,0,0,"{""manual_assembly"": {""waiting_resource"": 1}, ""selective_soldering"": {""busy"": 1}, ""inspection"": {""starved"": 1}}",2
20085.0,05:34:45.000,transport_1,WIP_BELOW_TARGET,feed WIP 1 < target 2 -> feeder task (keep 'selective_soldering' fed),transport_1|inspection,manual_assembly,1,2,"{""buffer_de_entrada"": 0, ""manual_assembly(in process)"": 1, ""transport_1(in process)"": 0}","{""starved"": 1}",0,0,0,"{""manual_assembly"": {""blocked"": 1}, ""selective_soldering"": {""starved"": 1}, ""inspection"": {""waiting_resource"": 1}}",2
20103.333333,05:35:03.333,inspection,NO_FEEDER_WAITING,feed WIP 0 < target but no feeder task waiting -> non-feeder task,inspection,transport_1,0,2,"{""buffer_de_entrada"": 0, ""manual_assembly(in process)"": 0, ""transport_1(in process)"": 0}","{""busy"": 1}",0,0,0,"{""manual_assembly"": {""waiting_resource"": 1}, ""selective_soldering"": {""busy"": 1}, ""inspection"": {""waiting_resource"": 1}}",2
20167.5,05:36:07.500,inspection,NO_FEEDER_WAITING,feed WIP 0 < target but no feeder task waiting -> non-feeder task,inspection,inspection,0,2,"{""buffer_de_entrada"": 0, ""manual_assembly(in process)"": 0, ""transport_1(in process)"": 0}","{""starved"": 1}",0,1,0,"{""manual_assembly"": {""waiting_resource"": 1}, ""selective_soldering"": {""starved"": 1}, ""inspection"": {""waiting_resource"": 1}}",2
20227.5,05:37:07.500,manual_assembly,WIP_BELOW_TARGET,feed WIP 0 < target 2 -> feeder task (keep 'selective_soldering' fed),manual_assembly,inspection,0,2,"{""buffer_de_entrada"": 0, ""manual_assembly(in process)"": 0, ""transport_1(in process)"": 0}","{""starved"": 1}",0,1,0,"{""manual_assembly"": {""waiting_resource"": 1}, ""selective_soldering"": {""starved"": 1}, ""inspection"": {""starved"": 1}}",2
20360.0,05:39:20.000,transport_1,WIP_BELOW_TARGET,feed WIP 1 < target 2 -> feeder task (keep 'selective_soldering' fed),transport_1,manual_assembly,1,2,"{""buffer_de_entrada"": 0, ""manual_assembly(in process)"": 1, ""transport_1(in process)"": 0}","{""starved"": 1}",0,1,0,"{""manual_assembly"": {""blocked"": 1}, ""selective_soldering"": {""starved"": 1}, ""inspection"": {""starved"": 1}}",2
20378.333333,05:39:38.333,manual_assembly,WIP_BELOW_TARGET,feed WIP 0 < target 2 -> feeder task (keep 'selective_soldering' fed),manual_assembly,transport_1,0,2,"{""buffer_de_entrada"": 0, ""manual_assembly(in process)"": 0, ""transport_1(in process)"": 0}","{""busy"": 1}",0,0,0,"{""manual_assembly"": {""waiting_resource"": 1}, ""selective_soldering"": {""busy"": 1}, ""inspection"": {""starved"": 1}}",2
20506.666667,05:41:46.667,transport_1,WIP_BELOW_TARGET,feed WIP 1 < target 2 -> feeder task (keep 'selective_soldering' fed),transport_1|inspection,manual_assembly,1,2,"{""buffer_de_entrada"": 0, ""manual_assembly(in process)"": 1, ""transport_1(in process)"": 0}","{""starved"": 1}",0,0,0,"{""manual_assembly"": {""blocked"": 1}, ""selective_soldering"": {""starved"": 1}, ""inspection"": {""waiting_resource"": 1}}",2
20525.0,05:42:05.000,inspection,NO_FEEDER_WAITING,feed WIP 0 < target but no feeder task waiting -> non-feeder task,inspection,transport_1,0,2,"{""buffer_de_entrada"": 0, ""manual_assembly(in process)"": 0, ""transport_1(in process)"": 0}","{""busy"": 1}",0,0,0,"{""manual_assembly"": {""waiting_resource"": 1}, ""selective_soldering"": {""busy"": 1}, ""inspection"": {""waiting_resource"": 1}}",2
20589.166667,05:43:09.167,inspection,NO_FEEDER_WAITING,feed WIP 0 < target but no feeder task waiting -> non-feeder task,inspection,inspection,0,2,"{""buffer_de_entrada"": 0, ""manual_assembly(in process)"": 0, ""transport_1(in process)"": 0}","{""starved"": 1}",0,1,0,"{""manual_assembly"": {""waiting_resource"": 1}, ""selective_soldering"": {""starved"": 1}, ""inspection"": {""waiting_resource"": 1}}",2
20649.166667,05:44:09.167,manual_assembly,WIP_BELOW_TARGET,feed WIP 0 < target 2 -> feeder task (keep 'selective_soldering' fed),manual_assembly,inspection,0,2,"{""buffer_de_entrada"": 0, ""manual_assembly(in process)"": 0, ""transport_1(in process)"": 0}","{""starved"": 1}",0,1,0,"{""manual_assembly"": {""waiting_resource"": 1}, ""selective_soldering"": {""starved"": 1}, ""inspection"": {""starved"": 1}}",2
20781.666667,05:46:21.667,transport_1,WIP_BELOW_TARGET,feed WIP 1 < target 2 -> feeder task (keep 'selective_soldering' fed),transport_1,manual_assembly,1,2,"{""buffer_de_entrada"": 0, ""manual_assembly(in process)"": 1, ""transport_1(in process)"": 0}","{""starved"": 1}",0,1,0,"{""manual_assembly"": {""blocked"": 1}, ""selective_soldering"": {""starved"": 1}, ""inspection"": {""starved"": 1}}",2
20800.0,05:46:40.000,manual_assembly,WIP_BELOW_TARGET,feed WIP 0 < target 2 -> feeder task (keep 'selective_soldering' fed),manual_assembly,transport_1,0,2,"{""buffer_de_entrada"": 0, ""manual_assembly(in process)"": 0, ""transport_1(in process)"": 0}","{""busy"": 1}",0,0,0,"{""manual_assembly"": {""waiting_resource"": 1}, ""selective_soldering"": {""busy"": 1}, ""inspection"": {""starved"": 1}}",2
20928.333333,05:48:48.333,transport_1,WIP_BELOW_TARGET,feed WIP 1 < target 2 -> feeder task (keep 'selective_soldering' fed),transport_1|inspection,manual_assembly,1,2,"{""buffer_de_entrada"": 0, ""manual_assembly(in process)"": 1, ""transport_1(in process)"": 0}","{""starved"": 1}",0,0,0,"{""manual_assembly"": {""blocked"": 1}, ""selective_soldering"": {""starved"": 1}, ""inspection"": {""waiting_resource"": 1}}",2
20946.666667,05:49:06.667,inspection,NO_FEEDER_WAITING,feed WIP 0 < target but no feeder task waiting -> non-feeder task,inspection,transport_1,0,2,"{""buffer_de_entrada"": 0, ""manual_assembly(in process)"": 0, ""transport_1(in process)"": 0}","{""busy"": 1}",0,0,0,"{""manual_assembly"": {""waiting_resource"": 1}, ""selective_soldering"": {""busy"": 1}, ""inspection"": {""waiting_resource"": 1}}",2
21010.833333,05:50:10.833,inspection,NO_FEEDER_WAITING,feed WIP 0 < target but no feeder task waiting -> non-feeder task,inspection,inspection,0,2,"{""buffer_de_entrada"": 0, ""manual_assembly(in process)"": 0, ""transport_1(in process)"": 0}","{""starved"": 1}",0,1,0,"{""manual_assembly"": {""waiting_resource"": 1}, ""selective_soldering"": {""starved"": 1}, ""inspection"": {""waiting_resource"": 1}}",2
21070.833333,05:51:10.833,manual_assembly,WIP_BELOW_TARGET,feed WIP 0 < target 2 -> feeder task (keep 'selective_soldering' fed),manual_assembly,inspection,0,2,"{""buffer_de_entrada"": 0, ""manual_assembly(in process)"": 0, ""transport_1(in process)"": 0}","{""starved"": 1}",0,1,0,"{""manual_assembly"": {""waiting_resource"": 1}, ""selective_soldering"": {""starved"": 1}, ""inspection"": {""starved"": 1}}",2
21203.333333,05:53:23.333,transport_1,WIP_BELOW_TARGET,feed WIP 1 < target 2 -> feeder task (keep 'selective_soldering' fed),transport_1,manual_assembly,1,2,"{""buffer_de_entrada"": 0, ""manual_assembly(in process)"": 1, ""transport_1(in process)"": 0}","{""starved"": 1}",0,1,0,"{""manual_assembly"": {""blocked"": 1}, ""selective_soldering"": {""starved"": 1}, ""inspection"": {""starved"": 1}}",2
21221.666667,05:53:41.667,manual_assembly,WIP_BELOW_TARGET,feed WIP 0 < target 2 -> feeder task (keep 'selective_soldering' fed),manual_assembly,transport_1,0,2,"{""buffer_de_entrada"": 0, ""manual_assembly(in process)"": 0, ""transport_1(in process)"": 0}","{""busy"": 1}",0,0,0,"{""manual_assembly"": {""waiting_resource"": 1}, ""selective_soldering"": {""busy"": 1}, ""inspection"": {""starved"": 1}}",2
21350.0,05:55:50.000,transport_1,WIP_BELOW_TARGET,feed WIP 1 < target 2 -> feeder task (keep 'selective_soldering' fed),transport_1|inspection,manual_assembly,1,2,"{""buffer_de_entrada"": 0, ""manual_assembly(in process)"": 1, ""transport_1(in process)"": 0}","{""starved"": 1}",0,0,0,"{""manual_assembly"": {""blocked"": 1}, ""selective_soldering"": {""starved"": 1}, ""inspection"": {""waiting_resource"": 1}}",2
21368.333333,05:56:08.333,inspection,NO_FEEDER_WAITING,feed WIP 0 < target but no feeder task waiting -> non-feeder task,inspection,transport_1,0,2,"{""buffer_de_entrada"": 0, ""manual_assembly(in process)"": 0, ""transport_1(in process)"": 0}","{""busy"": 1}",0,0,0,"{""manual_assembly"": {""waiting_resource"": 1}, ""selective_soldering"": {""busy"": 1}, ""inspection"": {""waiting_resource"": 1}}",2
21432.5,05:57:12.500,inspection,NO_FEEDER_WAITING,feed WIP 0 < target but no feeder task waiting -> non-feeder task,inspection,inspection,0,2,"{""buffer_de_entrada"": 0, ""manual_assembly(in process)"": 0, ""transport_1(in process)"": 0}","{""starved"": 1}",0,1,0,"{""manual_assembly"": {""waiting_resource"": 1}, ""selective_soldering"": {""starved"": 1}, ""inspection"": {""waiting_resource"": 1}}",2
21492.5,05:58:12.500,manual_assembly,WIP_BELOW_TARGET,feed WIP 0 < target 2 -> feeder task (keep 'selective_soldering' fed),manual_assembly,inspection,0,2,"{""buffer_de_entrada"": 0, ""manual_assembly(in process)"": 0, ""transport_1(in process)"": 0}","{""starved"": 1}",0,1,0,"{""manual_assembly"": {""waiting_resource"": 1}, ""selective_soldering"": {""starved"": 1}, ""inspection"": {""starved"": 1}}",2
21625.0,06:00:25.000,transport_1,WIP_BELOW_TARGET,feed WIP 1 < target 2 -> feeder task (keep 'selective_soldering' fed),transport_1,manual_assembly,1,2,"{""buffer_de_entrada"": 0, ""manual_assembly(in process)"": 1, ""transport_1(in process)"": 0}","{""starved"": 1}",0,1,0,"{""manual_assembly"": {""blocked"": 1}, ""selective_soldering"": {""starved"": 1}, ""inspection"": {""starved"": 1}}",2
21643.333333,06:00:43.333,manual_assembly,WIP_BELOW_TARGET,feed WIP 0 < target 2 -> feeder task (keep 'selective_soldering' fed),manual_assembly,transport_1,0,2,"{""buffer_de_entrada"": 0, ""manual_assembly(in process)"": 0, ""transport_1(in process)"": 0}","{""busy"": 1}",0,0,0,"{""manual_assembly"": {""waiting_resource"": 1}, ""selective_soldering"": {""busy"": 1}, ""inspection"": {""starved"": 1}}",2
21771.666667,06:02:51.667,transport_1,WIP_BELOW_TARGET,feed WIP 1 < target 2 -> feeder task (keep 'selective_soldering' fed),transport_1|inspection,manual_assembly,1,2,"{""buffer_de_entrada"": 0, ""manual_assembly(in process)"": 1, ""transport_1(in process)"": 0}","{""starved"": 1}",0,0,0,"{""manual_assembly"": {""blocked"": 1}, ""selective_soldering"": {""starved"": 1}, ""inspection"": {""waiting_resource"": 1}}",2
21790.0,06:03:10.000,inspection,NO_FEEDER_WAITING,feed WIP 0 < target but no feeder task waiting -> non-feeder task,inspection,transport_1,0,2,"{""buffer_de_entrada"": 0, ""manual_assembly(in process)"": 0, ""transport_1(in process)"": 0}","{""busy"": 1}",0,0,0,"{""manual_assembly"": {""waiting_resource"": 1}, ""selective_soldering"": {""busy"": 1}, ""inspection"": {""waiting_resource"": 1}}",2
21854.166667,06:04:14.167,inspection,NO_FEEDER_WAITING,feed WIP 0 < target but no feeder task waiting -> non-feeder task,inspection,inspection,0,2,"{""buffer_de_entrada"": 0, ""manual_assembly(in process)"": 0, ""transport_1(in process)"": 0}","{""starved"": 1}",0,1,0,"{""manual_assembly"": {""waiting_resource"": 1}, ""selective_soldering"": {""starved"": 1}, ""inspection"": {""waiting_resource"": 1}}",2
21914.166667,06:05:14.167,manual_assembly,WIP_BELOW_TARGET,feed WIP 0 < target 2 -> feeder task (keep 'selective_soldering' fed),manual_assembly,inspection,0,2,"{""buffer_de_entrada"": 0, ""manual_assembly(in process)"": 0, ""transport_1(in process)"": 0}","{""starved"": 1}",0,1,0,"{""manual_assembly"": {""waiting_resource"": 1}, ""selective_soldering"": {""starved"": 1}, ""inspection"": {""starved"": 1}}",2
22046.666667,06:07:26.667,transport_1,WIP_BELOW_TARGET,feed WIP 1 < target 2 -> feeder task (keep 'selective_soldering' fed),transport_1,manual_assembly,1,2,"{""buffer_de_entrada"": 0, ""manual_assembly(in process)"": 1, ""transport_1(in process)"": 0}","{""starved"": 1}",0,1,0,"{""manual_assembly"": {""blocked"": 1}, ""selective_soldering"": {""starved"": 1}, ""inspection"": {""starved"": 1}}",2
22065.0,06:07:45.000,manual_assembly,WIP_BELOW_TARGET,feed WIP 0 < target 2 -> feeder task (keep 'selective_soldering' fed),manual_assembly,transport_1,0,2,"{""buffer_de_entrada"": 0, ""manual_assembly(in process)"": 0, ""transport_1(in process)"": 0}","{""busy"": 1}",0,0,0,"{""manual_assembly"": {""waiting_resource"": 1}, ""selective_soldering"": {""busy"": 1}, ""inspection"": {""starved"": 1}}",2
22193.333333,06:09:53.333,transport_1,WIP_BELOW_TARGET,feed WIP 1 < target 2 -> feeder task (keep 'selective_soldering' fed),transport_1|inspection,manual_assembly,1,2,"{""buffer_de_entrada"": 0, ""manual_assembly(in process)"": 1, ""transport_1(in process)"": 0}","{""starved"": 1}",0,0,0,"{""manual_assembly"": {""blocked"": 1}, ""selective_soldering"": {""starved"": 1}, ""inspection"": {""waiting_resource"": 1}}",2
22211.666667,06:10:11.667,inspection,NO_FEEDER_WAITING,feed WIP 0 < target but no feeder task waiting -> non-feeder task,inspection,transport_1,0,2,"{""buffer_de_entrada"": 0, ""manual_assembly(in process)"": 0, ""transport_1(in process)"": 0}","{""busy"": 1}",0,0,0,"{""manual_assembly"": {""waiting_resource"": 1}, ""selective_soldering"": {""busy"": 1}, ""inspection"": {""waiting_resource"": 1}}",2
22275.833333,06:11:15.833,inspection,NO_FEEDER_WAITING,feed WIP 0 < target but no feeder task waiting -> non-feeder task,inspection,inspection,0,2,"{""buffer_de_entrada"": 0, ""manual_assembly(in process)"": 0, ""transport_1(in process)"": 0}","{""starved"": 1}",0,1,0,"{""manual_assembly"": {""waiting_resource"": 1}, ""selective_soldering"": {""starved"": 1}, ""inspection"": {""waiting_resource"": 1}}",2
22335.833333,06:12:15.833,manual_assembly,WIP_BELOW_TARGET,feed WIP 0 < target 2 -> feeder task (keep 'selective_soldering' fed),manual_assembly,inspection,0,2,"{""buffer_de_entrada"": 0, ""manual_assembly(in process)"": 0, ""transport_1(in process)"": 0}","{""starved"": 1}",0,1,0,"{""manual_assembly"": {""waiting_resource"": 1}, ""selective_soldering"": {""starved"": 1}, ""inspection"": {""starved"": 1}}",2
22468.333333,06:14:28.333,transport_1,WIP_BELOW_TARGET,feed WIP 1 < target 2 -> feeder task (keep 'selective_soldering' fed),transport_1,manual_assembly,1,2,"{""buffer_de_entrada"": 0, ""manual_assembly(in process)"": 1, ""transport_1(in process)"": 0}","{""starved"": 1}",0,1,0,"{""manual_assembly"": {""blocked"": 1}, ""selective_soldering"": {""starved"": 1}, ""inspection"": {""starved"": 1}}",2
22486.666667,06:14:46.667,manual_assembly,WIP_BELOW_TARGET,feed WIP 0 < target 2 -> feeder task (keep 'selective_soldering' fed),manual_assembly,transport_1,0,2,"{""buffer_de_entrada"": 0, ""manual_assembly(in process)"": 0, ""transport_1(in process)"": 0}","{""busy"": 1}",0,0,0,"{""manual_assembly"": {""waiting_resource"": 1}, ""selective_soldering"": {""busy"": 1}, ""inspection"": {""starved"": 1}}",2
22615.0,06:16:55.000,transport_1,WIP_BELOW_TARGET,feed WIP 1 < target 2 -> feeder task (keep 'selective_soldering' fed),transport_1|inspection,manual_assembly,1,2,"{""buffer_de_entrada"": 0, ""manual_assembly(in process)"": 1, ""transport_1(in process)"": 0}","{""starved"": 1}",0,0,0,"{""manual_assembly"": {""blocked"": 1}, ""selective_soldering"": {""starved"": 1}, ""inspection"": {""waiting_resource"": 1}}",2
22633.333333,06:17:13.333,inspection,NO_FEEDER_WAITING,feed WIP 0 < target but no feeder task waiting -> non-feeder task,inspection,transport_1,0,2,"{""buffer_de_entrada"": 0, ""manual_assembly(in process)"": 0, ""transport_1(in process)"": 0}","{""busy"": 1}",0,0,0,"{""manual_assembly"": {""waiting_resource"": 1}, ""selective_soldering"": {""busy"": 1}, ""inspection"": {""waiting_resource"": 1}}",2
22697.5,06:18:17.500,inspection,NO_FEEDER_WAITING,feed WIP 0 < target but no feeder task waiting -> non-feeder task,inspection,inspection,0,2,"{""buffer_de_entrada"": 0, ""manual_assembly(in process)"": 0, ""transport_1(in process)"": 0}","{""starved"": 1}",0,1,0,"{""manual_assembly"": {""waiting_resource"": 1}, ""selective_soldering"": {""starved"": 1}, ""inspection"": {""waiting_resource"": 1}}",2
22757.5,06:19:17.500,manual_assembly,WIP_BELOW_TARGET,feed WIP 0 < target 2 -> feeder task (keep 'selective_soldering' fed),manual_assembly,inspection,0,2,"{""buffer_de_entrada"": 0, ""manual_assembly(in process)"": 0, ""transport_1(in process)"": 0}","{""starved"": 1}",0,1,0,"{""manual_assembly"": {""waiting_resource"": 1}, ""selective_soldering"": {""starved"": 1}, ""inspection"": {""starved"": 1}}",2
22890.0,06:21:30.000,transport_1,WIP_BELOW_TARGET,feed WIP 1 < target 2 -> feeder task (keep 'selective_soldering' fed),transport_1,manual_assembly,1,2,"{""buffer_de_entrada"": 0, ""manual_assembly(in process)"": 1, ""transport_1(in process)"": 0}","{""starved"": 1}",0,1,0,"{""manual_assembly"": {""blocked"": 1}, ""selective_soldering"": {""starved"": 1}, ""inspection"": {""starved"": 1}}",2
22908.333333,06:21:48.333,manual_assembly,WIP_BELOW_TARGET,feed WIP 0 < target 2 -> feeder task (keep 'selective_soldering' fed),manual_assembly,transport_1,0,2,"{""buffer_de_entrada"": 0, ""manual_assembly(in process)"": 0, ""transport_1(in process)"": 0}","{""busy"": 1}",0,0,0,"{""manual_assembly"": {""waiting_resource"": 1}, ""selective_soldering"": {""busy"": 1}, ""inspection"": {""starved"": 1}}",2
23036.666667,06:23:56.667,transport_1,WIP_BELOW_TARGET,feed WIP 1 < target 2 -> feeder task (keep 'selective_soldering' fed),transport_1|inspection,manual_assembly,1,2,"{""buffer_de_entrada"": 0, ""manual_assembly(in process)"": 1, ""transport_1(in process)"": 0}","{""starved"": 1}",0,0,0,"{""manual_assembly"": {""blocked"": 1}, ""selective_soldering"": {""starved"": 1}, ""inspection"": {""waiting_resource"": 1}}",2
23055.0,06:24:15.000,inspection,NO_FEEDER_WAITING,feed WIP 0 < target but no feeder task waiting -> non-feeder task,inspection,transport_1,0,2,"{""buffer_de_entrada"": 0, ""manual_assembly(in process)"": 0, ""transport_1(in process)"": 0}","{""busy"": 1}",0,0,0,"{""manual_assembly"": {""waiting_resource"": 1}, ""selective_soldering"": {""busy"": 1}, ""inspection"": {""waiting_resource"": 1}}",2
23119.166667,06:25:19.167,inspection,NO_FEEDER_WAITING,feed WIP 0 < target but no feeder task waiting -> non-feeder task,inspection,inspection,0,2,"{""buffer_de_entrada"": 0, ""manual_assembly(in process)"": 0, ""transport_1(in process)"": 0}","{""starved"": 1}",0,1,0,"{""manual_assembly"": {""waiting_resource"": 1}, ""selective_soldering"": {""starved"": 1}, ""inspection"": {""waiting_resource"": 1}}",2
23179.166667,06:26:19.167,manual_assembly,WIP_BELOW_TARGET,feed WIP 0 < target 2 -> feeder task (keep 'selective_soldering' fed),manual_assembly,inspection,0,2,"{""buffer_de_entrada"": 0, ""manual_assembly(in process)"": 0, ""transport_1(in process)"": 0}","{""starved"": 1}",0,1,0,"{""manual_assembly"": {""waiting_resource"": 1}, ""selective_soldering"": {""starved"": 1}, ""inspection"": {""starved"": 1}}",2
23311.666667,06:28:31.667,transport_1,WIP_BELOW_TARGET,feed WIP 1 < target 2 -> feeder task (keep 'selective_soldering' fed),transport_1,manual_assembly,1,2,"{""buffer_de_entrada"": 0, ""manual_assembly(in process)"": 1, ""transport_1(in process)"": 0}","{""starved"": 1}",0,1,0,"{""manual_assembly"": {""blocked"": 1}, ""selective_soldering"": {""starved"": 1}, ""inspection"": {""starved"": 1}}",2
23330.0,06:28:50.000,manual_assembly,WIP_BELOW_TARGET,feed WIP 0 < target 2 -> feeder task (keep 'selective_soldering' fed),manual_assembly,transport_1,0,2,"{""buffer_de_entrada"": 0, ""manual_assembly(in process)"": 0, ""transport_1(in process)"": 0}","{""busy"": 1}",0,0,0,"{""manual_assembly"": {""waiting_resource"": 1}, ""selective_soldering"": {""busy"": 1}, ""inspection"": {""starved"": 1}}",2
23458.333333,06:30:58.333,transport_1,WIP_BELOW_TARGET,feed WIP 1 < target 2 -> feeder task (keep 'selective_soldering' fed),transport_1|inspection,manual_assembly,1,2,"{""buffer_de_entrada"": 0, ""manual_assembly(in process)"": 1, ""transport_1(in process)"": 0}","{""starved"": 1}",0,0,0,"{""manual_assembly"": {""blocked"": 1}, ""selective_soldering"": {""starved"": 1}, ""inspection"": {""waiting_resource"": 1}}",2
23476.666667,06:31:16.667,inspection,NO_FEEDER_WAITING,feed WIP 0 < target but no feeder task waiting -> non-feeder task,inspection,transport_1,0,2,"{""buffer_de_entrada"": 0, ""manual_assembly(in process)"": 0, ""transport_1(in process)"": 0}","{""busy"": 1}",0,0,0,"{""manual_assembly"": {""waiting_resource"": 1}, ""selective_soldering"": {""busy"": 1}, ""inspection"": {""waiting_resource"": 1}}",2
23540.833333,06:32:20.833,inspection,NO_FEEDER_WAITING,feed WIP 0 < target but no feeder task waiting -> non-feeder task,inspection,inspection,0,2,"{""buffer_de_entrada"": 0, ""manual_assembly(in process)"": 0, ""transport_1(in process)"": 0}","{""starved"": 1}",0,1,0,"{""manual_assembly"": {""waiting_resource"": 1}, ""selective_soldering"": {""starved"": 1}, ""inspection"": {""waiting_resource"": 1}}",2
23600.833333,06:33:20.833,manual_assembly,WIP_BELOW_TARGET,feed WIP 0 < target 2 -> feeder task (keep 'selective_soldering' fed),manual_assembly,inspection,0,2,"{""buffer_de_entrada"": 0, ""manual_assembly(in process)"": 0, ""transport_1(in process)"": 0}","{""starved"": 1}",0,1,0,"{""manual_assembly"": {""waiting_resource"": 1}, ""selective_soldering"": {""starved"": 1}, ""inspection"": {""starved"": 1}}",2
23733.333333,06:35:33.333,transport_1,WIP_BELOW_TARGET,feed WIP 1 < target 2 -> feeder task (keep 'selective_soldering' fed),transport_1,manual_assembly,1,2,"{""buffer_de_entrada"": 0, ""manual_assembly(in process)"": 1, ""transport_1(in process)"": 0}","{""starved"": 1}",0,1,0,"{""manual_assembly"": {""blocked"": 1}, ""selective_soldering"": {""starved"": 1}, ""inspection"": {""starved"": 1}}",2
23751.666667,06:35:51.667,manual_assembly,WIP_BELOW_TARGET,feed WIP 0 < target 2 -> feeder task (keep 'selective_soldering' fed),manual_assembly,transport_1,0,2,"{""buffer_de_entrada"": 0, ""manual_assembly(in process)"": 0, ""transport_1(in process)"": 0}","{""busy"": 1}",0,0,0,"{""manual_assembly"": {""waiting_resource"": 1}, ""selective_soldering"": {""busy"": 1}, ""inspection"": {""starved"": 1}}",2
23880.0,06:37:60.000,transport_1,WIP_BELOW_TARGET,feed WIP 1 < target 2 -> feeder task (keep 'selective_soldering' fed),transport_1|inspection,manual_assembly,1,2,"{""buffer_de_entrada"": 0, ""manual_assembly(in process)"": 1, ""transport_1(in process)"": 0}","{""starved"": 1}",0,0,0,"{""manual_assembly"": {""blocked"": 1}, ""selective_soldering"": {""starved"": 1}, ""inspection"": {""waiting_resource"": 1}}",2
23898.333333,06:38:18.333,inspection,NO_FEEDER_WAITING,feed WIP 0 < target but no feeder task waiting -> non-feeder task,inspection,transport_1,0,2,"{""buffer_de_entrada"": 0, ""manual_assembly(in process)"": 0, ""transport_1(in process)"": 0}","{""busy"": 1}",0,0,0,"{""manual_assembly"": {""waiting_resource"": 1}, ""selective_soldering"": {""busy"": 1}, ""inspection"": {""waiting_resource"": 1}}",2
23962.5,06:39:22.500,inspection,NO_FEEDER_WAITING,feed WIP 0 < target but no feeder task waiting -> non-feeder task,inspection,inspection,0,2,"{""buffer_de_entrada"": 0, ""manual_assembly(in process)"": 0, ""transport_1(in process)"": 0}","{""starved"": 1}",0,1,0,"{""manual_assembly"": {""waiting_resource"": 1}, ""selective_soldering"": {""starved"": 1}, ""inspection"": {""waiting_resource"": 1}}",2
24022.5,06:40:22.500,manual_assembly,WIP_BELOW_TARGET,feed WIP 0 < target 2 -> feeder task (keep 'selective_soldering' fed),manual_assembly,inspection,0,2,"{""buffer_de_entrada"": 0, ""manual_assembly(in process)"": 0, ""transport_1(in process)"": 0}","{""starved"": 1}",0,1,0,"{""manual_assembly"": {""waiting_resource"": 1}, ""selective_soldering"": {""starved"": 1}, ""inspection"": {""starved"": 1}}",2
24155.0,06:42:35.000,transport_1,WIP_BELOW_TARGET,feed WIP 1 < target 2 -> feeder task (keep 'selective_soldering' fed),transport_1,manual_assembly,1,2,"{""buffer_de_entrada"": 0, ""manual_assembly(in process)"": 1, ""transport_1(in process)"": 0}","{""starved"": 1}",0,1,0,"{""manual_assembly"": {""blocked"": 1}, ""selective_soldering"": {""starved"": 1}, ""inspection"": {""starved"": 1}}",2
24173.333333,06:42:53.333,manual_assembly,WIP_BELOW_TARGET,feed WIP 0 < target 2 -> feeder task (keep 'selective_soldering' fed),manual_assembly,transport_1,0,2,"{""buffer_de_entrada"": 0, ""manual_assembly(in process)"": 0, ""transport_1(in process)"": 0}","{""busy"": 1}",0,0,0,"{""manual_assembly"": {""waiting_resource"": 1}, ""selective_soldering"": {""busy"": 1}, ""inspection"": {""starved"": 1}}",2
24301.666667,06:45:01.667,transport_1,WIP_BELOW_TARGET,feed WIP 1 < target 2 -> feeder task (keep 'selective_soldering' fed),transport_1|inspection,manual_assembly,1,2,"{""buffer_de_entrada"": 0, ""manual_assembly(in process)"": 1, ""transport_1(in process)"": 0}","{""starved"": 1}",0,0,0,"{""manual_assembly"": {""blocked"": 1}, ""selective_soldering"": {""starved"": 1}, ""inspection"": {""waiting_resource"": 1}}",2
24320.0,06:45:20.000,inspection,NO_FEEDER_WAITING,feed WIP 0 < target but no feeder task waiting -> non-feeder task,inspection,transport_1,0,2,"{""buffer_de_entrada"": 0, ""manual_assembly(in process)"": 0, ""transport_1(in process)"": 0}","{""busy"": 1}",0,0,0,"{""manual_assembly"": {""waiting_resource"": 1}, ""selective_soldering"": {""busy"": 1}, ""inspection"": {""waiting_resource"": 1}}",2
24384.166667,06:46:24.167,inspection,NO_FEEDER_WAITING,feed WIP 0 < target but no feeder task waiting -> non-feeder task,inspection,inspection,0,2,"{""buffer_de_entrada"": 0, ""manual_assembly(in process)"": 0, ""transport_1(in process)"": 0}","{""starved"": 1}",0,1,0,"{""manual_assembly"": {""waiting_resource"": 1}, ""selective_soldering"": {""starved"": 1}, ""inspection"": {""waiting_resource"": 1}}",2
24444.166667,06:47:24.167,manual_assembly,WIP_BELOW_TARGET,feed WIP 0 < target 2 -> feeder task (keep 'selective_soldering' fed),manual_assembly,inspection,0,2,"{""buffer_de_entrada"": 0, ""manual_assembly(in process)"": 0, ""transport_1(in process)"": 0}","{""starved"": 1}",0,1,0,"{""manual_assembly"": {""waiting_resource"": 1}, ""selective_soldering"": {""starved"": 1}, ""inspection"": {""starved"": 1}}",2
24576.666667,06:49:36.667,transport_1,WIP_BELOW_TARGET,feed WIP 1 < target 2 -> feeder task (keep 'selective_soldering' fed),transport_1,manual_assembly,1,2,"{""buffer_de_entrada"": 0, ""manual_assembly(in process)"": 1, ""transport_1(in process)"": 0}","{""starved"": 1}",0,1,0,"{""manual_assembly"": {""blocked"": 1}, ""selective_soldering"": {""starved"": 1}, ""inspection"": {""starved"": 1}}",2
24595.0,06:49:55.000,manual_assembly,WIP_BELOW_TARGET,feed WIP 0 < target 2 -> feeder task (keep 'selective_soldering' fed),manual_assembly,transport_1,0,2,"{""buffer_de_entrada"": 0, ""manual_assembly(in process)"": 0, ""transport_1(in process)"": 0}","{""busy"": 1}",0,0,0,"{""manual_assembly"": {""waiting_resource"": 1}, ""selective_soldering"": {""busy"": 1}, ""inspection"": {""starved"": 1}}",2
24723.333333,06:52:03.333,transport_1,WIP_BELOW_TARGET,feed WIP 1 < target 2 -> feeder task (keep 'selective_soldering' fed),transport_1|inspection,manual_assembly,1,2,"{""buffer_de_entrada"": 0, ""manual_assembly(in process)"": 1, ""transport_1(in process)"": 0}","{""starved"": 1}",0,0,0,"{""manual_assembly"": {""blocked"": 1}, ""selective_soldering"": {""starved"": 1}, ""inspection"": {""waiting_resource"": 1}}",2
24741.666667,06:52:21.667,inspection,NO_FEEDER_WAITING,feed WIP 0 < target but no feeder task waiting -> non-feeder task,inspection,transport_1,0,2,"{""buffer_de_entrada"": 0, ""manual_assembly(in process)"": 0, ""transport_1(in process)"": 0}","{""busy"": 1}",0,0,0,"{""manual_assembly"": {""waiting_resource"": 1}, ""selective_soldering"": {""busy"": 1}, ""inspection"": {""waiting_resource"": 1}}",2
24805.833333,06:53:25.833,inspection,NO_FEEDER_WAITING,feed WIP 0 < target but no feeder task waiting -> non-feeder task,inspection,inspection,0,2,"{""buffer_de_entrada"": 0, ""manual_assembly(in process)"": 0, ""transport_1(in process)"": 0}","{""starved"": 1}",0,1,0,"{""manual_assembly"": {""waiting_resource"": 1}, ""selective_soldering"": {""starved"": 1}, ""inspection"": {""waiting_resource"": 1}}",2
24865.833333,06:54:25.833,manual_assembly,WIP_BELOW_TARGET,feed WIP 0 < target 2 -> feeder task (keep 'selective_soldering' fed),manual_assembly,inspection,0,2,"{""buffer_de_entrada"": 0, ""manual_assembly(in process)"": 0, ""transport_1(in process)"": 0}","{""starved"": 1}",0,1,0,"{""manual_assembly"": {""waiting_resource"": 1}, ""selective_soldering"": {""starved"": 1}, ""inspection"": {""starved"": 1}}",2
24998.333333,06:56:38.333,transport_1,WIP_BELOW_TARGET,feed WIP 1 < target 2 -> feeder task (keep 'selective_soldering' fed),transport_1,manual_assembly,1,2,"{""buffer_de_entrada"": 0, ""manual_assembly(in process)"": 1, ""transport_1(in process)"": 0}","{""starved"": 1}",0,1,0,"{""manual_assembly"": {""blocked"": 1}, ""selective_soldering"": {""starved"": 1}, ""inspection"": {""starved"": 1}}",2
25016.666667,06:56:56.667,manual_assembly,WIP_BELOW_TARGET,feed WIP 0 < target 2 -> feeder task (keep 'selective_soldering' fed),manual_assembly,transport_1,0,2,"{""buffer_de_entrada"": 0, ""manual_assembly(in process)"": 0, ""transport_1(in process)"": 0}","{""busy"": 1}",0,0,0,"{""manual_assembly"": {""waiting_resource"": 1}, ""selective_soldering"": {""busy"": 1}, ""inspection"": {""starved"": 1}}",2
25145.0,06:59:05.000,transport_1,WIP_BELOW_TARGET,feed WIP 1 < target 2 -> feeder task (keep 'selective_soldering' fed),transport_1|inspection,manual_assembly,1,2,"{""buffer_de_entrada"": 0, ""manual_assembly(in process)"": 1, ""transport_1(in process)"": 0}","{""starved"": 1}",0,0,0,"{""manual_assembly"": {""blocked"": 1}, ""selective_soldering"": {""starved"": 1}, ""inspection"": {""waiting_resource"": 1}}",2
25163.333333,06:59:23.333,inspection,NO_FEEDER_WAITING,feed WIP 0 < target but no feeder task waiting -> non-feeder task,inspection,transport_1,0,2,"{""buffer_de_entrada"": 0, ""manual_assembly(in process)"": 0, ""transport_1(in process)"": 0}","{""busy"": 1}",0,0,0,"{""manual_assembly"": {""waiting_resource"": 1}, ""selective_soldering"": {""busy"": 1}, ""inspection"": {""waiting_resource"": 1}}",2
25227.5,07:00:27.500,inspection,NO_FEEDER_WAITING,feed WIP 0 < target but no feeder task waiting -> non-feeder task,inspection,inspection,0,2,"{""buffer_de_entrada"": 0, ""manual_assembly(in process)"": 0, ""transport_1(in process)"": 0}","{""starved"": 1}",0,1,0,"{""manual_assembly"": {""waiting_resource"": 1}, ""selective_soldering"": {""starved"": 1}, ""inspection"": {""waiting_resource"": 1}}",2
25287.5,07:01:27.500,manual_assembly,WIP_BELOW_TARGET,feed WIP 0 < target 2 -> feeder task (keep 'selective_soldering' fed),manual_assembly,inspection,0,2,"{""buffer_de_entrada"": 0, ""manual_assembly(in process)"": 0, ""transport_1(in process)"": 0}","{""starved"": 1}",0,1,0,"{""manual_assembly"": {""waiting_resource"": 1}, ""selective_soldering"": {""starved"": 1}, ""inspection"": {""starved"": 1}}",2
25420.0,07:03:40.000,transport_1,WIP_BELOW_TARGET,feed WIP 1 < target 2 -> feeder task (keep 'selective_soldering' fed),transport_1,manual_assembly,1,2,"{""buffer_de_entrada"": 0, ""manual_assembly(in process)"": 1, ""transport_1(in process)"": 0}","{""starved"": 1}",0,1,0,"{""manual_assembly"": {""blocked"": 1}, ""selective_soldering"": {""starved"": 1}, ""inspection"": {""starved"": 1}}",2
25438.333333,07:03:58.333,manual_assembly,WIP_BELOW_TARGET,feed WIP 0 < target 2 -> feeder task (keep 'selective_soldering' fed),manual_assembly,transport_1,0,2,"{""buffer_de_entrada"": 0, ""manual_assembly(in process)"": 0, ""transport_1(in process)"": 0}","{""busy"": 1}",0,0,0,"{""manual_assembly"": {""waiting_resource"": 1}, ""selective_soldering"": {""busy"": 1}, ""inspection"": {""starved"": 1}}",2
25566.666667,07:06:06.667,transport_1,WIP_BELOW_TARGET,feed WIP 1 < target 2 -> feeder task (keep 'selective_soldering' fed),transport_1|inspection,manual_assembly,1,2,"{""buffer_de_entrada"": 0, ""manual_assembly(in process)"": 1, ""transport_1(in process)"": 0}","{""starved"": 1}",0,0,0,"{""manual_assembly"": {""blocked"": 1}, ""selective_soldering"": {""starved"": 1}, ""inspection"": {""waiting_resource"": 1}}",2
25585.0,07:06:25.000,inspection,NO_FEEDER_WAITING,feed WIP 0 < target but no feeder task waiting -> non-feeder task,inspection,transport_1,0,2,"{""buffer_de_entrada"": 0, ""manual_assembly(in process)"": 0, ""transport_1(in process)"": 0}","{""busy"": 1}",0,0,0,"{""manual_assembly"": {""waiting_resource"": 1}, ""selective_soldering"": {""busy"": 1}, ""inspection"": {""waiting_resource"": 1}}",2
25649.166667,07:07:29.167,inspection,NO_FEEDER_WAITING,feed WIP 0 < target but no feeder task waiting -> non-feeder task,inspection,inspection,0,2,"{""buffer_de_entrada"": 0, ""manual_assembly(in process)"": 0, ""transport_1(in process)"": 0}","{""starved"": 1}",0,1,0,"{""manual_assembly"": {""waiting_resource"": 1}, ""selective_soldering"": {""starved"": 1}, ""inspection"": {""waiting_resource"": 1}}",2
25709.166667,07:08:29.167,manual_assembly,WIP_BELOW_TARGET,feed WIP 0 < target 2 -> feeder task (keep 'selective_soldering' fed),manual_assembly,inspection,0,2,"{""buffer_de_entrada"": 0, ""manual_assembly(in process)"": 0, ""transport_1(in process)"": 0}","{""starved"": 1}",0,1,0,"{""manual_assembly"": {""waiting_resource"": 1}, ""selective_soldering"": {""starved"": 1}, ""inspection"": {""starved"": 1}}",2
25841.666667,07:10:41.667,transport_1,WIP_BELOW_TARGET,feed WIP 1 < target 2 -> feeder task (keep 'selective_soldering' fed),transport_1,manual_assembly,1,2,"{""buffer_de_entrada"": 0, ""manual_assembly(in process)"": 1, ""transport_1(in process)"": 0}","{""starved"": 1}",0,1,0,"{""manual_assembly"": {""blocked"": 1}, ""selective_soldering"": {""starved"": 1}, ""inspection"": {""starved"": 1}}",2
25860.0,07:10:60.000,manual_assembly,WIP_BELOW_TARGET,feed WIP 0 < target 2 -> feeder task (keep 'selective_soldering' fed),manual_assembly,transport_1,0,2,"{""buffer_de_entrada"": 0, ""manual_assembly(in process)"": 0, ""transport_1(in process)"": 0}","{""busy"": 1}",0,0,0,"{""manual_assembly"": {""waiting_resource"": 1}, ""selective_soldering"": {""busy"": 1}, ""inspection"": {""starved"": 1}}",2
25988.333333,07:13:08.333,transport_1,WIP_BELOW_TARGET,feed WIP 1 < target 2 -> feeder task (keep 'selective_soldering' fed),transport_1|inspection,manual_assembly,1,2,"{""buffer_de_entrada"": 0, ""manual_assembly(in process)"": 1, ""transport_1(in process)"": 0}","{""starved"": 1}",0,0,0,"{""manual_assembly"": {""blocked"": 1}, ""selective_soldering"": {""starved"": 1}, ""inspection"": {""waiting_resource"": 1}}",2
26006.666667,07:13:26.667,inspection,NO_FEEDER_WAITING,feed WIP 0 < target but no feeder task waiting -> non-feeder task,inspection,transport_1,0,2,"{""buffer_de_entrada"": 0, ""manual_assembly(in process)"": 0, ""transport_1(in process)"": 0}","{""busy"": 1}",0,0,0,"{""manual_assembly"": {""waiting_resource"": 1}, ""selective_soldering"": {""busy"": 1}, ""inspection"": {""waiting_resource"": 1}}",2
26070.833333,07:14:30.833,inspection,NO_FEEDER_WAITING,feed WIP 0 < target but no feeder task waiting -> non-feeder task,inspection,inspection,0,2,"{""buffer_de_entrada"": 0, ""manual_assembly(in process)"": 0, ""transport_1(in process)"": 0}","{""starved"": 1}",0,1,0,"{""manual_assembly"": {""waiting_resource"": 1}, ""selective_soldering"": {""starved"": 1}, ""inspection"": {""waiting_resource"": 1}}",2
26130.833333,07:15:30.833,manual_assembly,WIP_BELOW_TARGET,feed WIP 0 < target 2 -> feeder task (keep 'selective_soldering' fed),manual_assembly,inspection,0,2,"{""buffer_de_entrada"": 0, ""manual_assembly(in process)"": 0, ""transport_1(in process)"": 0}","{""starved"": 1}",0,1,0,"{""manual_assembly"": {""waiting_resource"": 1}, ""selective_soldering"": {""starved"": 1}, ""inspection"": {""starved"": 1}}",2
26263.333333,07:17:43.333,transport_1,WIP_BELOW_TARGET,feed WIP 1 < target 2 -> feeder task (keep 'selective_soldering' fed),transport_1,manual_assembly,1,2,"{""buffer_de_entrada"": 0, ""manual_assembly(in process)"": 1, ""transport_1(in process)"": 0}","{""starved"": 1}",0,1,0,"{""manual_assembly"": {""blocked"": 1}, ""selective_soldering"": {""starved"": 1}, ""inspection"": {""starved"": 1}}",2
26281.666667,07:18:01.667,manual_assembly,WIP_BELOW_TARGET,feed WIP 0 < target 2 -> feeder task (keep 'selective_soldering' fed),manual_assembly,transport_1,0,2,"{""buffer_de_entrada"": 0, ""manual_assembly(in process)"": 0, ""transport_1(in process)"": 0}","{""busy"": 1}",0,0,0,"{""manual_assembly"": {""waiting_resource"": 1}, ""selective_soldering"": {""busy"": 1}, ""inspection"": {""starved"": 1}}",2
26410.0,07:20:10.000,transport_1,WIP_BELOW_TARGET,feed WIP 1 < target 2 -> feeder task (keep 'selective_soldering' fed),transport_1|inspection,manual_assembly,1,2,"{""buffer_de_entrada"": 0, ""manual_assembly(in process)"": 1, ""transport_1(in process)"": 0}","{""starved"": 1}",0,0,0,"{""manual_assembly"": {""blocked"": 1}, ""selective_soldering"": {""starved"": 1}, ""inspection"": {""waiting_resource"": 1}}",2
26428.333333,07:20:28.333,inspection,NO_FEEDER_WAITING,feed WIP 0 < target but no feeder task waiting -> non-feeder task,inspection,transport_1,0,2,"{""buffer_de_entrada"": 0, ""manual_assembly(in process)"": 0, ""transport_1(in process)"": 0}","{""busy"": 1}",0,0,0,"{""manual_assembly"": {""waiting_resource"": 1}, ""selective_soldering"": {""busy"": 1}, ""inspection"": {""waiting_resource"": 1}}",2
26492.5,07:21:32.500,inspection,NO_FEEDER_WAITING,feed WIP 0 < target but no feeder task waiting -> non-feeder task,inspection,inspection,0,2,"{""buffer_de_entrada"": 0, ""manual_assembly(in process)"": 0, ""transport_1(in process)"": 0}","{""starved"": 1}",0,1,0,"{""manual_assembly"": {""waiting_resource"": 1}, ""selective_soldering"": {""starved"": 1}, ""inspection"": {""waiting_resource"": 1}}",2
26552.5,07:22:32.500,manual_assembly,WIP_BELOW_TARGET,feed WIP 0 < target 2 -> feeder task (keep 'selective_soldering' fed),manual_assembly,inspection,0,2,"{""buffer_de_entrada"": 0, ""manual_assembly(in process)"": 0, ""transport_1(in process)"": 0}","{""starved"": 1}",0,1,0,"{""manual_assembly"": {""waiting_resource"": 1}, ""selective_soldering"": {""starved"": 1}, ""inspection"": {""starved"": 1}}",2
26685.0,07:24:45.000,transport_1,WIP_BELOW_TARGET,feed WIP 1 < target 2 -> feeder task (keep 'selective_soldering' fed),transport_1,manual_assembly,1,2,"{""buffer_de_entrada"": 0, ""manual_assembly(in process)"": 1, ""transport_1(in process)"": 0}","{""starved"": 1}",0,1,0,"{""manual_assembly"": {""blocked"": 1}, ""selective_soldering"": {""starved"": 1}, ""inspection"": {""starved"": 1}}",2
26703.333333,07:25:03.333,manual_assembly,WIP_BELOW_TARGET,feed WIP 0 < target 2 -> feeder task (keep 'selective_soldering' fed),manual_assembly,transport_1,0,2,"{""buffer_de_entrada"": 0, ""manual_assembly(in process)"": 0, ""transport_1(in process)"": 0}","{""busy"": 1}",0,0,0,"{""manual_assembly"": {""waiting_resource"": 1}, ""selective_soldering"": {""busy"": 1}, ""inspection"": {""starved"": 1}}",2
26831.666667,07:27:11.667,transport_1,WIP_BELOW_TARGET,feed WIP 1 < target 2 -> feeder task (keep 'selective_soldering' fed),transport_1|inspection,manual_assembly,1,2,"{""buffer_de_entrada"": 0, ""manual_assembly(in process)"": 1, ""transport_1(in process)"": 0}","{""starved"": 1}",0,0,0,"{""manual_assembly"": {""blocked"": 1}, ""selective_soldering"": {""starved"": 1}, ""inspection"": {""waiting_resource"": 1}}",2
26850.0,07:27:30.000,inspection,NO_FEEDER_WAITING,feed WIP 0 < target but no feeder task waiting -> non-feeder task,inspection,transport_1,0,2,"{""buffer_de_entrada"": 0, ""manual_assembly(in process)"": 0, ""transport_1(in process)"": 0}","{""busy"": 1}",0,0,0,"{""manual_assembly"": {""waiting_resource"": 1}, ""selective_soldering"": {""busy"": 1}, ""inspection"": {""waiting_resource"": 1}}",2
26914.166667,07:28:34.167,inspection,NO_FEEDER_WAITING,feed WIP 0 < target but no feeder task waiting -> non-feeder task,inspection,inspection,0,2,"{""buffer_de_entrada"": 0, ""manual_assembly(in process)"": 0, ""transport_1(in process)"": 0}","{""starved"": 1}",0,1,0,"{""manual_assembly"": {""waiting_resource"": 1}, ""selective_soldering"": {""starved"": 1}, ""inspection"": {""waiting_resource"": 1}}",2
26974.166667,07:29:34.167,manual_assembly,WIP_BELOW_TARGET,feed WIP 0 < target 2 -> feeder task (keep 'selective_soldering' fed),manual_assembly,inspection,0,2,"{""buffer_de_entrada"": 0, ""manual_assembly(in process)"": 0, ""transport_1(in process)"": 0}","{""starved"": 1}",0,1,0,"{""manual_assembly"": {""waiting_resource"": 1}, ""selective_soldering"": {""starved"": 1}, ""inspection"": {""starved"": 1}}",2
27106.666667,07:31:46.667,transport_1,WIP_BELOW_TARGET,feed WIP 1 < target 2 -> feeder task (keep 'selective_soldering' fed),transport_1,manual_assembly,1,2,"{""buffer_de_entrada"": 0, ""manual_assembly(in process)"": 1, ""transport_1(in process)"": 0}","{""starved"": 1}",0,1,0,"{""manual_assembly"": {""blocked"": 1}, ""selective_soldering"": {""starved"": 1}, ""inspection"": {""starved"": 1}}",2
27125.0,07:32:05.000,manual_assembly,WIP_BELOW_TARGET,feed WIP 0 < target 2 -> feeder task (keep 'selective_soldering' fed),manual_assembly,transport_1,0,2,"{""buffer_de_entrada"": 0, ""manual_assembly(in process)"": 0, ""transport_1(in process)"": 0}","{""busy"": 1}",0,0,0,"{""manual_assembly"": {""waiting_resource"": 1}, ""selective_soldering"": {""busy"": 1}, ""inspection"": {""starved"": 1}}",2
27253.333333,07:34:13.333,transport_1,WIP_BELOW_TARGET,feed WIP 1 < target 2 -> feeder task (keep 'selective_soldering' fed),transport_1|inspection,manual_assembly,1,2,"{""buffer_de_entrada"": 0, ""manual_assembly(in process)"": 1, ""transport_1(in process)"": 0}","{""starved"": 1}",0,0,0,"{""manual_assembly"": {""blocked"": 1}, ""selective_soldering"": {""starved"": 1}, ""inspection"": {""waiting_resource"": 1}}",2
27271.666667,07:34:31.667,inspection,NO_FEEDER_WAITING,feed WIP 0 < target but no feeder task waiting -> non-feeder task,inspection,transport_1,0,2,"{""buffer_de_entrada"": 0, ""manual_assembly(in process)"": 0, ""transport_1(in process)"": 0}","{""busy"": 1}",0,0,0,"{""manual_assembly"": {""waiting_resource"": 1}, ""selective_soldering"": {""busy"": 1}, ""inspection"": {""waiting_resource"": 1}}",2
27335.833333,07:35:35.833,inspection,NO_FEEDER_WAITING,feed WIP 0 < target but no feeder task waiting -> non-feeder task,inspection,inspection,0,2,"{""buffer_de_entrada"": 0, ""manual_assembly(in process)"": 0, ""transport_1(in process)"": 0}","{""starved"": 1}",0,1,0,"{""manual_assembly"": {""waiting_resource"": 1}, ""selective_soldering"": {""starved"": 1}, ""inspection"": {""waiting_resource"": 1}}",2
27395.833333,07:36:35.833,manual_assembly,WIP_BELOW_TARGET,feed WIP 0 < target 2 -> feeder task (keep 'selective_soldering' fed),manual_assembly,inspection,0,2,"{""buffer_de_entrada"": 0, ""manual_assembly(in process)"": 0, ""transport_1(in process)"": 0}","{""starved"": 1}",0,1,0,"{""manual_assembly"": {""waiting_resource"": 1}, ""selective_soldering"": {""starved"": 1}, ""inspection"": {""starved"": 1}}",2
27528.333333,07:38:48.333,transport_1,WIP_BELOW_TARGET,feed WIP 1 < target 2 -> feeder task (keep 'selective_soldering' fed),transport_1,manual_assembly,1,2,"{""buffer_de_entrada"": 0, ""manual_assembly(in process)"": 1, ""transport_1(in process)"": 0}","{""starved"": 1}",0,1,0,"{""manual_assembly"": {""blocked"": 1}, ""selective_soldering"": {""starved"": 1}, ""inspection"": {""starved"": 1}}",2
27546.666667,07:39:06.667,manual_assembly,WIP_BELOW_TARGET,feed WIP 0 < target 2 -> feeder task (keep 'selective_soldering' fed),manual_assembly,transport_1,0,2,"{""buffer_de_entrada"": 0, ""manual_assembly(in process)"": 0, ""transport_1(in process)"": 0}","{""busy"": 1}",0,0,0,"{""manual_assembly"": {""waiting_resource"": 1}, ""selective_soldering"": {""busy"": 1}, ""inspection"": {""starved"": 1}}",2
27675.0,07:41:15.000,transport_1,WIP_BELOW_TARGET,feed WIP 1 < target 2 -> feeder task (keep 'selective_soldering' fed),transport_1|inspection,manual_assembly,1,2,"{""buffer_de_entrada"": 0, ""manual_assembly(in process)"": 1, ""transport_1(in process)"": 0}","{""starved"": 1}",0,0,0,"{""manual_assembly"": {""blocked"": 1}, ""selective_soldering"": {""starved"": 1}, ""inspection"": {""waiting_resource"": 1}}",2
27693.333333,07:41:33.333,inspection,NO_FEEDER_WAITING,feed WIP 0 < target but no feeder task waiting -> non-feeder task,inspection,transport_1,0,2,"{""buffer_de_entrada"": 0, ""manual_assembly(in process)"": 0, ""transport_1(in process)"": 0}","{""busy"": 1}",0,0,0,"{""manual_assembly"": {""waiting_resource"": 1}, ""selective_soldering"": {""busy"": 1}, ""inspection"": {""waiting_resource"": 1}}",2
27757.5,07:42:37.500,inspection,NO_FEEDER_WAITING,feed WIP 0 < target but no feeder task waiting -> non-feeder task,inspection,inspection,0,2,"{""buffer_de_entrada"": 0, ""manual_assembly(in process)"": 0, ""transport_1(in process)"": 0}","{""starved"": 1}",0,1,0,"{""manual_assembly"": {""waiting_resource"": 1}, ""selective_soldering"": {""starved"": 1}, ""inspection"": {""waiting_resource"": 1}}",2
27817.5,07:43:37.500,manual_assembly,WIP_BELOW_TARGET,feed WIP 0 < target 2 -> feeder task (keep 'selective_soldering' fed),manual_assembly,inspection,0,2,"{""buffer_de_entrada"": 0, ""manual_assembly(in process)"": 0, ""transport_1(in process)"": 0}","{""starved"": 1}",0,1,0,"{""manual_assembly"": {""waiting_resource"": 1}, ""selective_soldering"": {""starved"": 1}, ""inspection"": {""starved"": 1}}",2
27950.0,07:45:50.000,transport_1,WIP_BELOW_TARGET,feed WIP 1 < target 2 -> feeder task (keep 'selective_soldering' fed),transport_1,manual_assembly,1,2,"{""buffer_de_entrada"": 0, ""manual_assembly(in process)"": 1, ""transport_1(in process)"": 0}","{""starved"": 1}",0,1,0,"{""manual_assembly"": {""blocked"": 1}, ""selective_soldering"": {""starved"": 1}, ""inspection"": {""starved"": 1}}",2
27968.333333,07:46:08.333,manual_assembly,WIP_BELOW_TARGET,feed WIP 0 < target 2 -> feeder task (keep 'selective_soldering' fed),manual_assembly,transport_1,0,2,"{""buffer_de_entrada"": 0, ""manual_assembly(in process)"": 0, ""transport_1(in process)"": 0}","{""busy"": 1}",0,0,0,"{""manual_assembly"": {""waiting_resource"": 1}, ""selective_soldering"": {""busy"": 1}, ""inspection"": {""starved"": 1}}",2
28096.666667,07:48:16.667,transport_1,WIP_BELOW_TARGET,feed WIP 1 < target 2 -> feeder task (keep 'selective_soldering' fed),transport_1|inspection,manual_assembly,1,2,"{""buffer_de_entrada"": 0, ""manual_assembly(in process)"": 1, ""transport_1(in process)"": 0}","{""starved"": 1}",0,0,0,"{""manual_assembly"": {""blocked"": 1}, ""selective_soldering"": {""starved"": 1}, ""inspection"": {""waiting_resource"": 1}}",2
28115.0,07:48:35.000,inspection,NO_FEEDER_WAITING,feed WIP 0 < target but no feeder task waiting -> non-feeder task,inspection,transport_1,0,2,"{""buffer_de_entrada"": 0, ""manual_assembly(in process)"": 0, ""transport_1(in process)"": 0}","{""busy"": 1}",0,0,0,"{""manual_assembly"": {""waiting_resource"": 1}, ""selective_soldering"": {""busy"": 1}, ""inspection"": {""waiting_resource"": 1}}",2
28179.166667,07:49:39.167,inspection,NO_FEEDER_WAITING,feed WIP 0 < target but no feeder task waiting -> non-feeder task,inspection,inspection,0,2,"{""buffer_de_entrada"": 0, ""manual_assembly(in process)"": 0, ""transport_1(in process)"": 0}","{""starved"": 1}",0,1,0,"{""manual_assembly"": {""waiting_resource"": 1}, ""selective_soldering"": {""starved"": 1}, ""inspection"": {""waiting_resource"": 1}}",2
28239.166667,07:50:39.167,manual_assembly,WIP_BELOW_TARGET,feed WIP 0 < target 2 -> feeder task (keep 'selective_soldering' fed),manual_assembly,inspection,0,2,"{""buffer_de_entrada"": 0, ""manual_assembly(in process)"": 0, ""transport_1(in process)"": 0}","{""starved"": 1}",0,1,0,"{""manual_assembly"": {""waiting_resource"": 1}, ""selective_soldering"": {""starved"": 1}, ""inspection"": {""starved"": 1}}",2
28371.666667,07:52:51.667,transport_1,WIP_BELOW_TARGET,feed WIP 1 < target 2 -> feeder task (keep 'selective_soldering' fed),transport_1,manual_assembly,1,2,"{""buffer_de_entrada"": 0, ""manual_assembly(in process)"": 1, ""transport_1(in process)"": 0}","{""starved"": 1}",0,1,0,"{""manual_assembly"": {""blocked"": 1}, ""selective_soldering"": {""starved"": 1}, ""inspection"": {""starved"": 1}}",2
28390.0,07:53:10.000,manual_assembly,WIP_BELOW_TARGET,feed WIP 0 < target 2 -> feeder task (keep 'selective_soldering' fed),manual_assembly,transport_1,0,2,"{""buffer_de_entrada"": 0, ""manual_assembly(in process)"": 0, ""transport_1(in process)"": 0}","{""busy"": 1}",0,0,0,"{""manual_assembly"": {""waiting_resource"": 1}, ""selective_soldering"": {""busy"": 1}, ""inspection"": {""starved"": 1}}",2
28518.333333,07:55:18.333,transport_1,WIP_BELOW_TARGET,feed WIP 1 < target 2 -> feeder task (keep 'selective_soldering' fed),transport_1|inspection,manual_assembly,1,2,"{""buffer_de_entrada"": 0, ""manual_assembly(in process)"": 1, ""transport_1(in process)"": 0}","{""starved"": 1}",0,0,0,"{""manual_assembly"": {""blocked"": 1}, ""selective_soldering"": {""starved"": 1}, ""inspection"": {""waiting_resource"": 1}}",2
28536.666667,07:55:36.667,inspection,NO_FEEDER_WAITING,feed WIP 0 < target but no feeder task waiting -> non-feeder task,inspection,transport_1,0,2,"{""buffer_de_entrada"": 0, ""manual_assembly(in process)"": 0, ""transport_1(in process)"": 0}","{""busy"": 1}",0,0,0,"{""manual_assembly"": {""waiting_resource"": 1}, ""selective_soldering"": {""busy"": 1}, ""inspection"": {""waiting_resource"": 1}}",2
28600.833333,07:56:40.833,inspection,NO_FEEDER_WAITING,feed WIP 0 < target but no feeder task waiting -> non-feeder task,inspection,inspection,0,2,"{""buffer_de_entrada"": 0, ""manual_assembly(in process)"": 0, ""transport_1(in process)"": 0}","{""starved"": 1}",0,1,0,"{""manual_assembly"": {""waiting_resource"": 1}, ""selective_soldering"": {""starved"": 1}, ""inspection"": {""waiting_resource"": 1}}",2
28660.833333,07:57:40.833,manual_assembly,WIP_BELOW_TARGET,feed WIP 0 < target 2 -> feeder task (keep 'selective_soldering' fed),manual_assembly,inspection,0,2,"{""buffer_de_entrada"": 0, ""manual_assembly(in process)"": 0, ""transport_1(in process)"": 0}","{""starved"": 1}",0,1,0,"{""manual_assembly"": {""waiting_resource"": 1}, ""selective_soldering"": {""starved"": 1}, ""inspection"": {""starved"": 1}}",2
28793.333333,07:59:53.333,transport_1,WIP_BELOW_TARGET,feed WIP 1 < target 2 -> feeder task (keep 'selective_soldering' fed),transport_1,manual_assembly,1,2,"{""buffer_de_entrada"": 0, ""manual_assembly(in process)"": 1, ""transport_1(in process)"": 0}","{""starved"": 1}",0,1,0,"{""manual_assembly"": {""blocked"": 1}, ""selective_soldering"": {""starved"": 1}, ""inspection"": {""starved"": 1}}",2
