t,time,selected_task,reason_code,decision_reason,candidate_tasks,previous_task,feeding_wip,wip_target,feed_detail,selective_state,input_buffer_level,available_racks,transport_occupancy,stations,racks_total
0,00:00:00.000,manual_assembly,WIP_BELOW_TARGET,feed WIP 0 < target 2 -> feeder task (keep 'selective_soldering' fed),manual_assembly,,0,2,"{""buffer_de_entrada"": 0, ""manual_assembly(in process)"": 0, ""transport_1(in process)"": 0, ""shared"": 0}","{""starved"": 1}",0,1,0,"{""manual_assembly"": {""waiting_resource"": 1}, ""selective_soldering"": {""starved"": 1}, ""inspection"": {""starved"": 1}}",2
120.0,00:02:00.000,transport_1,WIP_BELOW_TARGET,feed WIP 1 < target 2 -> feeder task (keep 'selective_soldering' fed),transport_1,manual_assembly,1,2,"{""buffer_de_entrada"": 0, ""manual_assembly(in process)"": 1, ""transport_1(in process)"": 0, ""shared"": 0}","{""starved"": 1}",0,1,0,"{""manual_assembly"": {""blocked"": 1}, ""selective_soldering"": {""starved"": 1}, ""inspection"": {""starved"": 1}}",2
138.333333,00:02:18.333,manual_assembly,WIP_BELOW_TARGET,feed WIP 0 < target 2 -> feeder task (keep 'selective_soldering' fed),manual_assembly,transport_1,0,2,"{""buffer_de_entrada"": 0, ""manual_assembly(in process)"": 0, ""transport_1(in process)"": 0, ""shared"": 0}","{""busy"": 1}",0,0,0,"{""manual_assembly"": {""waiting_resource"": 1}, ""selective_soldering"": {""busy"": 1}, ""inspection"": {""starved"": 1}}",2
266.666667,00:04:26.667,transport_1,WIP_BELOW_TARGET,feed WIP 1 < target 2 -> feeder task (keep 'selective_soldering' fed),transport_1|inspection,manual_assembly,1,2,"{""buffer_de_entrada"": 0, ""manual_assembly(in process)"": 1, ""transport_1(in process)"": 0, ""shared"": 0}","{""starved"": 1}",0,0,0,"{""manual_assembly"": {""blocked"": 1}, ""selective_soldering"": {""starved"": 1}, ""inspection"": {""waiting_resource"": 1}}",2
285.0,00:04:45.000,inspection,NO_FEEDER_WAITING,feed WIP 0 < target but no feeder task waiting -> non-feeder task,inspection,transport_1,0,2,"{""buffer_de_entrada"": 0, ""manual_assembly(in process)"": 0, ""transport_1(in process)"": 0, ""shared"": 0}","{""busy"": 1}",0,0,0,"{""manual_assembly"": {""waiting_resource"": 1}, ""selective_soldering"": {""busy"": 1}, ""inspection"": {""waiting_resource"": 1}}",2
349.166667,00:05:49.167,manual_assembly,WIP_BELOW_TARGET,feed WIP 0 < target 2 -> feeder task (keep 'selective_soldering' fed),manual_assembly|inspection,inspection,0,2,"{""buffer_de_entrada"": 0, ""manual_assembly(in process)"": 0, ""transport_1(in process)"": 0, ""shared"": 0}","{""starved"": 1}",0,0,0,"{""manual_assembly"": {""waiting_resource"": 1}, ""selective_soldering"": {""starved"": 1}, ""inspection"": {""waiting_resource"": 1}}",2
481.666667,00:08:01.667,transport_1,WIP_BELOW_TARGET,feed WIP 1 < target 2 -> feeder task (keep 'selective_soldering' fed),transport_1|inspection,manual_assembly,1,2,"{""buffer_de_entrada"": 0, ""manual_assembly(in process)"": 1, ""transport_1(in process)"": 0, ""shared"": 0}","{""starved"": 1}",0,0,0,"{""manual_assembly"": {""blocked"": 1}, ""selective_soldering"": {""starved"": 1}, ""inspection"": {""waiting_resource"": 1}}",2
500.0,00:08:20.000,inspection,NO_FEEDER_WAITING,feed WIP 0 < target but no feeder task waiting -> non-feeder task,inspection,transport_1,0,2,"{""buffer_de_entrada"": 0, ""manual_assembly(in process)"": 0, ""transport_1(in process)"": 0, ""shared"": 0}","{""busy"": 1}",0,0,0,"{""manual_assembly"": {""waiting_resource"": 1}, ""selective_soldering"": {""busy"": 1}, ""inspection"": {""waiting_resource"": 1}}",2
564.166667,00:09:24.167,manual_assembly,WIP_BELOW_TARGET,feed WIP 0 < target 2 -> feeder task (keep 'selective_soldering' fed),manual_assembly|inspection,inspection,0,2,"{""buffer_de_entrada"": 0, ""manual_assembly(in process)"": 0, ""transport_1(in process)"": 0, ""shared"": 0}","{""starved"": 1}",0,0,0,"{""manual_assembly"": {""waiting_resource"": 1}, ""selective_soldering"": {""starved"": 1}, ""inspection"": {""waiting_resource"": 1}}",2
696.666667,00:11:36.667,transport_1,WIP_BELOW_TARGET,feed WIP 1 < target 2 -> feeder task (keep 'selective_soldering' fed),transport_1|inspection,manual_assembly,1,2,"{""buffer_de_entrada"": 0, ""manual_assembly(in process)"": 1, ""transport_1(in process)"": 0, ""shared"": 0}","{""starved"": 1}",0,0,0,"{""manual_assembly"": {""blocked"": 1}, ""selective_soldering"": {""starved"": 1}, ""inspection"": {""waiting_resource"": 1}}",2
715.0,00:11:55.000,inspection,NO_FEEDER_WAITING,feed WIP 0 < target but no feeder task waiting -> non-feeder task,inspection,transport_1,0,2,"{""buffer_de_entrada"": 0, ""manual_assembly(in process)"": 0, ""transport_1(in process)"": 0, ""shared"": 0}","{""busy"": 1}",0,0,0,"{""manual_assembly"": {""waiting_resource"": 1}, ""selective_soldering"": {""busy"": 1}, ""inspection"": {""waiting_resource"": 1}}",2
779.166667,00:12:59.167,manual_assembly,WIP_BELOW_TARGET,feed WIP 0 < target 2 -> feeder task (keep 'selective_soldering' fed),manual_assembly|inspection,inspection,0,2,"{""buffer_de_entrada"": 0, ""manual_assembly(in process)"": 0, ""transport_1(in process)"": 0, ""shared"": 0}","{""starved"": 1}",0,0,0,"{""manual_assembly"": {""waiting_resource"": 1}, ""selective_soldering"": {""starved"": 1}, ""inspection"": {""waiting_resource"": 1}}",2
911.666667,00:15:11.667,transport_1,WIP_BELOW_TARGET,feed WIP 1 < target 2 -> feeder task (keep 'selective_soldering' fed),transport_1|inspection,manual_assembly,1,2,"{""buffer_de_entrada"": 0, ""manual_assembly(in process)"": 1, ""transport_1(in process)"": 0, ""shared"": 0}","{""starved"": 1}",0,0,0,"{""manual_assembly"": {""blocked"": 1}, ""selective_soldering"": {""starved"": 1}, ""inspection"": {""waiting_resource"": 1}}",2
930.0,00:15:30.000,inspection,NO_FEEDER_WAITING,feed WIP 0 < target but no feeder task waiting -> non-feeder task,inspection,transport_1,0,2,"{""buffer_de_entrada"": 0, ""manual_assembly(in process)"": 0, ""transport_1(in process)"": 0, ""shared"": 0}","{""busy"": 1}",0,0,0,"{""manual_assembly"": {""waiting_resource"": 1}, ""selective_soldering"": {""busy"": 1}, ""inspection"": {""waiting_resource"": 1}}",2
994.166667,00:16:34.167,manual_assembly,WIP_BELOW_TARGET,feed WIP 0 < target 2 -> feeder task (keep 'selective_soldering' fed),manual_assembly|inspection,inspection,0,2,"{""buffer_de_entrada"": 0, ""manual_assembly(in process)"": 0, ""transport_1(in process)"": 0, ""shared"": 0}","{""starved"": 1}",0,0,0,"{""manual_assembly"": {""waiting_resource"": 1}, ""selective_soldering"": {""starved"": 1}, ""inspection"": {""waiting_resource"": 1}}",2
1126.666667,00:18:46.667,transport_1,WIP_BELOW_TARGET,feed WIP 1 < target 2 -> feeder task (keep 'selective_soldering' fed),transport_1|inspection,manual_assembly,1,2,"{""buffer_de_entrada"": 0, ""manual_assembly(in process)"": 1, ""transport_1(in process)"": 0, ""shared"": 0}","{""starved"": 1}",0,0,0,"{""manual_assembly"": {""blocked"": 1}, ""selective_soldering"": {""starved"": 1}, ""inspection"": {""waiting_resource"": 1}}",2
1145.0,00:19:05.000,inspection,NO_FEEDER_WAITING,feed WIP 0 < target but no feeder task waiting -> non-feeder task,inspection,transport_1,0,2,"{""buffer_de_entrada"": 0, ""manual_assembly(in process)"": 0, ""transport_1(in process)"": 0, ""shared"": 0}","{""busy"": 1}",0,0,0,"{""manual_assembly"": {""waiting_resource"": 1}, ""selective_soldering"": {""busy"": 1}, ""inspection"": {""waiting_resource"": 1}}",2
1209.166667,00:20:09.167,manual_assembly,WIP_BELOW_TARGET,feed WIP 0 < target 2 -> feeder task (keep 'selective_soldering' fed),manual_assembly|inspection,inspection,0,2,"{""buffer_de_entrada"": 0, ""manual_assembly(in process)"": 0, ""transport_1(in process)"": 0, ""shared"": 0}","{""starved"": 1}",0,0,0,"{""manual_assembly"": {""waiting_resource"": 1}, ""selective_soldering"": {""starved"": 1}, ""inspection"": {""waiting_resource"": 1}}",2
1341.666667,00:22:21.667,transport_1,WIP_BELOW_TARGET,feed WIP 1 < target 2 -> feeder task (keep 'selective_soldering' fed),transport_1|inspection,manual_assembly,1,2,"{""buffer_de_entrada"": 0, ""manual_assembly(in process)"": 1, ""transport_1(in process)"": 0, ""shared"": 0}","{""starved"": 1}",0,0,0,"{""manual_assembly"": {""blocked"": 1}, ""selective_soldering"": {""starved"": 1}, ""inspection"": {""waiting_resource"": 1}}",2
1360.0,00:22:40.000,inspection,NO_FEEDER_WAITING,feed WIP 0 < target but no feeder task waiting -> non-feeder task,inspection,transport_1,0,2,"{""buffer_de_entrada"": 0, ""manual_assembly(in process)"": 0, ""transport_1(in process)"": 0, ""shared"": 0}","{""busy"": 1}",0,0,0,"{""manual_assembly"": {""waiting_resource"": 1}, ""selective_soldering"": {""busy"": 1}, ""inspection"": {""waiting_resource"": 1}}",2
1424.166667,00:23:44.167,manual_assembly,WIP_BELOW_TARGET,feed WIP 0 < target 2 -> feeder task (keep 'selective_soldering' fed),manual_assembly|inspection,inspection,0,2,"{""buffer_de_entrada"": 0, ""manual_assembly(in process)"": 0, ""transport_1(in process)"": 0, ""shared"": 0}","{""starved"": 1}",0,0,0,"{""manual_assembly"": {""waiting_resource"": 1}, ""selective_soldering"": {""starved"": 1}, ""inspection"": {""waiting_resource"": 1}}",2
1556.666667,00:25:56.667,transport_1,WIP_BELOW_TARGET,feed WIP 1 < target 2 -> feeder task (keep 'selective_soldering' fed),transport_1|inspection,manual_assembly,1,2,"{""buffer_de_entrada"": 0, ""manual_assembly(in process)"": 1, ""transport_1(in process)"": 0, ""shared"": 0}","{""starved"": 1}",0,0,0,"{""manual_assembly"": {""blocked"": 1}, ""selective_soldering"": {""starved"": 1}, ""inspection"": {""waiting_resource"": 1}}",2
1575.0,00:26:15.000,inspection,NO_FEEDER_WAITING,feed WIP 0 < target but no feeder task waiting -> non-feeder task,inspection,transport_1,0,2,"{""buffer_de_entrada"": 0, ""manual_assembly(in process)"": 0, ""transport_1(in process)"": 0, ""shared"": 0}","{""busy"": 1}",0,0,0,"{""manual_assembly"": {""waiting_resource"": 1}, ""selective_soldering"": {""busy"": 1}, ""inspection"": {""waiting_resource"": 1}}",2
1639.166667,00:27:19.167,manual_assembly,WIP_BELOW_TARGET,feed WIP 0 < target 2 -> feeder task (keep 'selective_soldering' fed),manual_assembly|inspection,inspection,0,2,"{""buffer_de_entrada"": 0, ""manual_assembly(in process)"": 0, ""transport_1(in process)"": 0, ""shared"": 0}","{""starved"": 1}",0,0,0,"{""manual_assembly"": {""waiting_resource"": 1}, ""selective_soldering"": {""starved"": 1}, ""inspection"": {""waiting_resource"": 1}}",2
1771.666667,00:29:31.667,transport_1,WIP_BELOW_TARGET,feed WIP 1 < target 2 -> feeder task (keep 'selective_soldering' fed),transport_1|inspection,manual_assembly,1,2,"{""buffer_de_entrada"": 0, ""manual_assembly(in process)"": 1, ""transport_1(in process)"": 0, ""shared"": 0}","{""starved"": 1}",0,0,0,"{""manual_assembly"": {""blocked"": 1}, ""selective_soldering"": {""starved"": 1}, ""inspection"": {""waiting_resource"": 1}}",2
1790.0,00:29:50.000,inspection,NO_FEEDER_WAITING,feed WIP 0 < target but no feeder task waiting -> non-feeder task,inspection,transport_1,0,2,"{""buffer_de_entrada"": 0, ""manual_assembly(in process)"": 0, ""transport_1(in process)"": 0, ""shared"": 0}","{""busy"": 1}",0,0,0,"{""manual_assembly"": {""waiting_resource"": 1}, ""selective_soldering"": {""busy"": 1}, ""inspection"": {""waiting_resource"": 1}}",2
1854.166667,00:30:54.167,manual_assembly,WIP_BELOW_TARGET,feed WIP 0 < target 2 -> feeder task (keep 'selective_soldering' fed),manual_assembly|inspection,inspection,0,2,"{""buffer_de_entrada"": 0, ""manual_assembly(in process)"": 0, ""transport_1(in process)"": 0, ""shared"": 0}","{""starved"": 1}",0,0,0,"{""manual_assembly"": {""waiting_resource"": 1}, ""selective_soldering"": {""starved"": 1}, ""inspection"": {""waiting_resource"": 1}}",2
1986.666667,00:33:06.667,transport_1,WIP_BELOW_TARGET,feed WIP 1 < target 2 -> feeder task (keep 'selective_soldering' fed),transport_1|inspection,manual_assembly,1,2,"{""buffer_de_entrada"": 0, ""manual_assembly(in process)"": 1, ""transport_1(in process)"": 0, ""shared"": 0}","{""starved"": 1}",0,0,0,"{""manual_assembly"": {""blocked"": 1}, ""selective_soldering"": {""starved"": 1}, ""inspection"": {""waiting_resource"": 1}}",2
2005.0,00:33:25.000,inspection,NO_FEEDER_WAITING,feed WIP 0 < target but no feeder task waiting -> non-feeder task,inspection,transport_1,0,2,"{""buffer_de_entrada"": 0, ""manual_assembly(in process)"": 0, ""transport_1(in process)"": 0, ""shared"": 0}","{""busy"": 1}",0,0,0,"{""manual_assembly"": {""waiting_resource"": 1}, ""selective_soldering"": {""busy"": 1}, ""inspection"": {""waiting_resource"": 1}}",2
2069.166667,00:34:29.167,manual_assembly,WIP_BELOW_TARGET,feed WIP 0 < target 2 -> feeder task (keep 'selective_soldering' fed),manual_assembly|inspection,inspection,0,2,"{""buffer_de_entrada"": 0, ""manual_assembly(in process)"": 0, ""transport_1(in process)"": 0, ""shared"": 0}","{""starved"": 1}",0,0,0,"{""manual_assembly"": {""waiting_resource"": 1}, ""selective_soldering"": {""starved"": 1}, ""inspection"": {""waiting_resource"": 1}}",2
2201.666667,00:36:41.667,transport_1,WIP_BELOW_TARGET,feed WIP 1 < target 2 -> feeder task (keep 'selective_soldering' fed),transport_1|inspection,manual_assembly,1,2,"{""buffer_de_entrada"": 0, ""manual_assembly(in process)"": 1, ""transport_1(in process)"": 0, ""shared"": 0}","{""starved"": 1}",0,0,0,"{""manual_assembly"": {""blocked"": 1}, ""selective_soldering"": {""starved"": 1}, ""inspection"": {""waiting_resource"": 1}}",2
2220.0,00:37:00.000,inspection,NO_FEEDER_WAITING,feed WIP 0 < target but no feeder task waiting -> non-feeder task,inspection,transport_1,0,2,"{""buffer_de_entrada"": 0, ""manual_assembly(in process)"": 0, ""transport_1(in process)"": 0, ""shared"": 0}","{""busy"": 1}",0,0,0,"{""manual_assembly"": {""waiting_resource"": 1}, ""selective_soldering"": {""busy"": 1}, ""inspection"": {""waiting_resource"": 1}}",2
2284.166667,00:38:04.167,manual_assembly,WIP_BELOW_TARGET,feed WIP 0 < target 2 -> feeder task (keep 'selective_soldering' fed),manual_assembly|inspection,inspection,0,2,"{""buffer_de_entrada"": 0, ""manual_assembly(in process)"": 0, ""transport_1(in process)"": 0, ""shared"": 0}","{""starved"": 1}",0,0,0,"{""manual_assembly"": {""waiting_resource"": 1}, ""selective_soldering"": {""starved"": 1}, ""inspection"": {""waiting_resource"": 1}}",2
2416.666667,00:40:16.667,transport_1,WIP_BELOW_TARGET,feed WIP 1 < target 2 -> feeder task (keep 'selective_soldering' fed),transport_1|inspection,manual_assembly,1,2,"{""buffer_de_entrada"": 0, ""manual_assembly(in process)"": 1, ""transport_1(in process)"": 0, ""shared"": 0}","{""starved"": 1}",0,0,0,"{""manual_assembly"": {""blocked"": 1}, ""selective_soldering"": {""starved"": 1}, ""inspection"": {""waiting_resource"": 1}}",2
2435.0,00:40:35.000,inspection,NO_FEEDER_WAITING,feed WIP 0 < target but no feeder task waiting -> non-feeder task,inspection,transport_1,0,2,"{""buffer_de_entrada"": 0, ""manual_assembly(in process)"": 0, ""transport_1(in process)"": 0, ""shared"": 0}","{""busy"": 1}",0,0,0,"{""manual_assembly"": {""waiting_resource"": 1}, ""selective_soldering"": {""busy"": 1}, ""inspection"": {""waiting_resource"": 1}}",2
2499.166667,00:41:39.167,manual_assembly,WIP_BELOW_TARGET,feed WIP 0 < target 2 -> feeder task (keep 'selective_soldering' fed),manual_assembly|inspection,inspection,0,2,"{""buffer_de_entrada"": 0, ""manual_assembly(in process)"": 0, ""transport_1(in process)"": 0, ""shared"": 0}","{""starved"": 1}",0,0,0,"{""manual_assembly"": {""waiting_resource"": 1}, ""selective_soldering"": {""starved"": 1}, ""inspection"": {""waiting_resource"": 1}}",2
2631.666667,00:43:51.667,transport_1,WIP_BELOW_TARGET,feed WIP 1 < target 2 -> feeder task (keep 'selective_soldering' fed),transport_1|inspection,manual_assembly,1,2,"{""buffer_de_entrada"": 0, ""manual_assembly(in process)"": 1, ""transport_1(in process)"": 0, ""shared"": 0}","{""starved"": 1}",0,0,0,"{""manual_assembly"": {""blocked"": 1}, ""selective_soldering"": {""starved"": 1}, ""inspection"": {""waiting_resource"": 1}}",2
2650.0,00:44:10.000,inspection,NO_FEEDER_WAITING,feed WIP 0 < target but no feeder task waiting -> non-feeder task,inspection,transport_1,0,2,"{""buffer_de_entrada"": 0, ""manual_assembly(in process)"": 0, ""transport_1(in process)"": 0, ""shared"": 0}","{""busy"": 1}",0,0,0,"{""manual_assembly"": {""waiting_resource"": 1}, ""selective_soldering"": {""busy"": 1}, ""inspection"": {""waiting_resource"": 1}}",2
2714.166667,00:45:14.167,manual_assembly,WIP_BELOW_TARGET,feed WIP 0 < target 2 -> feeder task (keep 'selective_soldering' fed),manual_assembly|inspection,inspection,0,2,"{""buffer_de_entrada"": 0, ""manual_assembly(in process)"": 0, ""transport_1(in process)"": 0, ""shared"": 0}","{""starved"": 1}",0,0,0,"{""manual_assembly"": {""waiting_resource"": 1}, ""selective_soldering"": {""starved"": 1}, ""inspection"": {""waiting_resource"": 1}}",2
2846.666667,00:47:26.667,transport_1,WIP_BELOW_TARGET,feed WIP 1 < target 2 -> feeder task (keep 'selective_soldering' fed),transport_1|inspection,manual_assembly,1,2,"{""buffer_de_entrada"": 0, ""manual_assembly(in process)"": 1, ""transport_1(in process)"": 0, ""shared"": 0}","{""starved"": 1}",0,0,0,"{""manual_assembly"": {""blocked"": 1}, ""selective_soldering"": {""starved"": 1}, ""inspection"": {""waiting_resource"": 1}}",2
2865.0,00:47:45.000,inspection,NO_FEEDER_WAITING,feed WIP 0 < target but no feeder task waiting -> non-feeder task,inspection,transport_1,0,2,"{""buffer_de_entrada"": 0, ""manual_assembly(in process)"": 0, ""transport_1(in process)"": 0, ""shared"": 0}","{""busy"": 1}",0,0,0,"{""manual_assembly"": {""waiting_resource"": 1}, ""selective_soldering"": {""busy"": 1}, ""inspection"": {""waiting_resource"": 1}}",2
2929.166667,00:48:49.167,manual_assembly,WIP_BELOW_TARGET,feed WIP 0 < target 2 -> feeder task (keep 'selective_soldering' fed),manual_assembly|inspection,inspection,0,2,"{""buffer_de_entrada"": 0, ""manual_assembly(in process)"": 0, ""transport_1(in process)"": 0, ""shared"": 0}","{""starved"": 1}",0,0,0,"{""manual_assembly"": {""waiting_resource"": 1}, ""selective_soldering"": {""starved"": 1}, ""inspection"": {""waiting_resource"": 1}}",2
3061.666667,00:51:01.667,transport_1,WIP_BELOW_TARGET,feed WIP 1 < target 2 -> feeder task (keep 'selective_soldering' fed),transport_1|inspection,manual_assembly,1,2,"{""buffer_de_entrada"": 0, ""manual_assembly(in process)"": 1, ""transport_1(in process)"": 0, ""shared"": 0}","{""starved"": 1}",0,0,0,"{""manual_assembly"": {""blocked"": 1}, ""selective_soldering"": {""starved"": 1}, ""inspection"": {""waiting_resource"": 1}}",2
3080.0,00:51:20.000,inspection,NO_FEEDER_WAITING,feed WIP 0 < target but no feeder task waiting -> non-feeder task,inspection,transport_1,0,2,"{""buffer_de_entrada"": 0, ""manual_assembly(in process)"": 0, ""transport_1(in process)"": 0, ""shared"": 0}","{""busy"": 1}",0,0,0,"{""manual_assembly"": {""waiting_resource"": 1}, ""selective_soldering"": {""busy"": 1}, ""inspection"": {""waiting_resource"": 1}}",2
3144.166667,00:52:24.167,manual_assembly,WIP_BELOW_TARGET,feed WIP 0 < target 2 -> feeder task (keep 'selective_soldering' fed),manual_assembly|inspection,inspection,0,2,"{""buffer_de_entrada"": 0, ""manual_assembly(in process)"": 0, ""transport_1(in process)"": 0, ""shared"": 0}","{""starved"": 1}",0,0,0,"{""manual_assembly"": {""waiting_resource"": 1}, ""selective_soldering"": {""starved"": 1}, ""inspection"": {""waiting_resource"": 1}}",2
3276.666667,00:54:36.667,transport_1,WIP_BELOW_TARGET,feed WIP 1 < target 2 -> feeder task (keep 'selective_soldering' fed),transport_1|inspection,manual_assembly,1,2,"{""buffer_de_entrada"": 0, ""manual_assembly(in process)"": 1, ""transport_1(in process)"": 0, ""shared"": 0}","{""starved"": 1}",0,0,0,"{""manual_assembly"": {""blocked"": 1}, ""selective_soldering"": {""starved"": 1}, ""inspection"": {""waiting_resource"": 1}}",2
3295.0,00:54:55.000,inspection,NO_FEEDER_WAITING,feed WIP 0 < target but no feeder task waiting -> non-feeder task,inspection,transport_1,0,2,"{""buffer_de_entrada"": 0, ""manual_assembly(in process)"": 0, ""transport_1(in process)"": 0, ""shared"": 0}","{""busy"": 1}",0,0,0,"{""manual_assembly"": {""waiting_resource"": 1}, ""selective_soldering"": {""busy"": 1}, ""inspection"": {""waiting_resource"": 1}}",2
3359.166667,00:55:59.167,manual_assembly,WIP_BELOW_TARGET,feed WIP 0 < target 2 -> feeder task (keep 'selective_soldering' fed),manual_assembly|inspection,inspection,0,2,"{""buffer_de_entrada"": 0, ""manual_assembly(in process)"": 0, ""transport_1(in process)"": 0, ""shared"": 0}","{""starved"": 1}",0,0,0,"{""manual_assembly"": {""waiting_resource"": 1}, ""selective_soldering"": {""starved"": 1}, ""inspection"": {""waiting_resource"": 1}}",2
3491.666667,00:58:11.667,transport_1,WIP_BELOW_TARGET,feed WIP 1 < target 2 -> feeder task (keep 'selective_soldering' fed),transport_1|inspection,manual_assembly,1,2,"{""buffer_de_entrada"": 0, ""manual_assembly(in process)"": 1, ""transport_1(in process)"": 0, ""shared"": 0}","{""starved"": 1}",0,0,0,"{""manual_assembly"": {""blocked"": 1}, ""selective_soldering"": {""starved"": 1}, ""inspection"": {""waiting_resource"": 1}}",2
3510.0,00:58:30.000,inspection,NO_FEEDER_WAITING,feed WIP 0 < target but no feeder task waiting -> non-feeder task,inspection,transport_1,0,2,"{""buffer_de_entrada"": 0, ""manual_assembly(in process)"": 0, ""transport_1(in process)"": 0, ""shared"": 0}","{""busy"": 1}",0,0,0,"{""manual_assembly"": {""waiting_resource"": 1}, ""selective_soldering"": {""busy"": 1}, ""inspection"": {""waiting_resource"": 1}}",2
3574.166667,00:59:34.167,manual_assembly,WIP_BELOW_TARGET,feed WIP 0 < target 2 -> feeder task (keep 'selective_soldering' fed),manual_assembly|inspection,inspection,0,2,"{""buffer_de_entrada"": 0, ""manual_assembly(in process)"": 0, ""transport_1(in process)"": 0, ""shared"": 0}","{""starved"": 1}",0,0,0,"{""manual_assembly"": {""waiting_resource"": 1}, ""selective_soldering"": {""starved"": 1}, ""inspection"": {""waiting_resource"": 1}}",2
3706.666667,01:01:46.667,transport_1,WIP_BELOW_TARGET,feed WIP 1 < target 2 -> feeder task (keep 'selective_soldering' fed),transport_1|inspection,manual_assembly,1,2,"{""buffer_de_entrada"": 0, ""manual_assembly(in process)"": 1, ""transport_1(in process)"": 0, ""shared"": 0}","{""starved"": 1}",0,0,0,"{""manual_assembly"": {""blocked"": 1}, ""selective_soldering"": {""starved"": 1}, ""inspection"": {""waiting_resource"": 1}}",2
3725.0,01:02:05.000,inspection,NO_FEEDER_WAITING,feed WIP 0 < target but no feeder task waiting -> non-feeder task,inspection,transport_1,0,2,"{""buffer_de_entrada"": 0, ""manual_assembly(in process)"": 0, ""transport_1(in process)"": 0, ""shared"": 0}","{""busy"": 1}",0,0,0,"{""manual_assembly"": {""waiting_resource"": 1}, ""selective_soldering"": {""busy"": 1}, ""inspection"": {""waiting_resource"": 1}}",2
3789.166667,01:03:09.167,manual_assembly,WIP_BELOW_TARGET,feed WIP 0 < target 2 -> feeder task (keep 'selective_soldering' fed),manual_assembly|inspection,inspection,0,2,"{""buffer_de_entrada"": 0, ""manual_assembly(in process)"": 0, ""transport_1(in process)"": 0, ""shared"": 0}","{""starved"": 1}",0,0,0,"{""manual_assembly"": {""waiting_resource"": 1}, ""selective_soldering"": {""starved"": 1}, ""inspection"": {""waiting_resource"": 1}}",2
3921.666667,01:05:21.667,transport_1,WIP_BELOW_TARGET,feed WIP 1 < target 2 -> feeder task (keep 'selective_soldering' fed),transport_1|inspection,manual_assembly,1,2,"{""buffer_de_entrada"": 0, ""manual_assembly(in process)"": 1, ""transport_1(in process)"": 0, ""shared"": 0}","{""starved"": 1}",0,0,0,"{""manual_assembly"": {""blocked"": 1}, ""selective_soldering"": {""starved"": 1}, ""inspection"": {""waiting_resource"": 1}}",2
3940.0,01:05:40.000,inspection,NO_FEEDER_WAITING,feed WIP 0 < target but no feeder task waiting -> non-feeder task,inspection,transport_1,0,2,"{""buffer_de_entrada"": 0, ""manual_assembly(in process)"": 0, ""transport_1(in process)"": 0, ""shared"": 0}","{""busy"": 1}",0,0,0,"{""manual_assembly"": {""waiting_resource"": 1}, ""selective_soldering"": {""busy"": 1}, ""inspection"": {""waiting_resource"": 1}}",2
4004.166667,01:06:44.167,manual_assembly,WIP_BELOW_TARGET,feed WIP 0 < target 2 -> feeder task (keep 'selective_soldering' fed),manual_assembly|inspection,inspection,0,2,"{""buffer_de_entrada"": 0, ""manual_assembly(in process)"": 0, ""transport_1(in process)"": 0, ""shared"": 0}","{""starved"": 1}",0,0,0,"{""manual_assembly"": {""waiting_resource"": 1}, ""selective_soldering"": {""starved"": 1}, ""inspection"": {""waiting_resource"": 1}}",2
4136.666667,01:08:56.667,transport_1,WIP_BELOW_TARGET,feed WIP 1 < target 2 -> feeder task (keep 'selective_soldering' fed),transport_1|inspection,manual_assembly,1,2,"{""buffer_de_entrada"": 0, ""manual_assembly(in process)"": 1, ""transport_1(in process)"": 0, ""shared"": 0}","{""starved"": 1}",0,0,0,"{""manual_assembly"": {""blocked"": 1}, ""selective_soldering"": {""starved"": 1}, ""inspection"": {""waiting_resource"": 1}}",2
4155.0,01:09:15.000,inspection,NO_FEEDER_WAITING,feed WIP 0 < target but no feeder task waiting -> non-feeder task,inspection,transport_1,0,2,"{""buffer_de_entrada"": 0, ""manual_assembly(in process)"": 0, ""transport_1(in process)"": 0, ""shared"": 0}","{""busy"": 1}",0,0,0,"{""manual_assembly"": {""waiting_resource"": 1}, ""selective_soldering"": {""busy"": 1}, ""inspection"": {""waiting_resource"": 1}}",2
4219.166667,01:10:19.167,manual_assembly,WIP_BELOW_TARGET,feed WIP 0 < target 2 -> feeder task (keep 'selective_soldering' fed),manual_assembly|inspection,inspection,0,2,"{""buffer_de_entrada"": 0, ""manual_assembly(in process)"": 0, ""transport_1(in process)"": 0, ""shared"": 0}","{""starved"": 1}",0,0,0,"{""manual_assembly"": {""waiting_resource"": 1}, ""selective_soldering"": {""starved"": 1}, ""inspection"": {""waiting_resource"": 1}}",2
4351.666667,01:12:31.667,transport_1,WIP_BELOW_TARGET,feed WIP 1 < target 2 -> feeder task (keep 'selective_soldering' fed),transport_1|inspection,manual_assembly,1,2,"{""buffer_de_entrada"": 0, ""manual_assembly(in process)"": 1, ""transport_1(in process)"": 0, ""shared"": 0}","{""starved"": 1}",0,0,0,"{""manual_assembly"": {""blocked"": 1}, ""selective_soldering"": {""starved"": 1}, ""inspection"": {""waiting_resource"": 1}}",2
4370.0,01:12:50.000,inspection,NO_FEEDER_WAITING,feed WIP 0 < target but no feeder task waiting -> non-feeder task,inspection,transport_1,0,2,"{""buffer_de_entrada"": 0, ""manual_assembly(in process)"": 0, ""transport_1(in process)"": 0, ""shared"": 0}","{""busy"": 1}",0,0,0,"{""manual_assembly"": {""waiting_resource"": 1}, ""selective_soldering"": {""busy"": 1}, ""inspection"": {""waiting_resource"": 1}}",2
4434.166667,01:13:54.167,manual_assembly,WIP_BELOW_TARGET,feed WIP 0 < target 2 -> feeder task (keep 'selective_soldering' fed),manual_assembly|inspection,inspection,0,2,"{""buffer_de_entrada"": 0, ""manual_assembly(in process)"": 0, ""transport_1(in process)"": 0, ""shared"": 0}","{""starved"": 1}",0,0,0,"{""manual_assembly"": {""waiting_resource"": 1}, ""selective_soldering"": {""starved"": 1}, ""inspection"": {""waiting_resource"": 1}}",2
4566.666667,01:16:06.667,transport_1,WIP_BELOW_TARGET,feed WIP 1 < target 2 -> feeder task (keep 'selective_soldering' fed),transport_1|inspection,manual_assembly,1,2,"{""buffer_de_entrada"": 0, ""manual_assembly(in process)"": 1, ""transport_1(in process)"": 0, ""shared"": 0}","{""starved"": 1}",0,0,0,"{""manual_assembly"": {""blocked"": 1}, ""selective_soldering"": {""starved"": 1}, ""inspection"": {""waiting_resource"": 1}}",2
4585.0,01:16:25.000,inspection,NO_FEEDER_WAITING,feed WIP 0 < target but no feeder task waiting -> non-feeder task,inspection,transport_1,0,2,"{""buffer_de_entrada"": 0, ""manual_assembly(in process)"": 0, ""transport_1(in process)"": 0, ""shared"": 0}","{""busy"": 1}",0,0,0,"{""manual_assembly"": {""waiting_resource"": 1}, ""selective_soldering"": {""busy"": 1}, ""inspection"": {""waiting_resource"": 1}}",2
4649.166667,01:17:29.167,manual_assembly,WIP_BELOW_TARGET,feed WIP 0 < target 2 -> feeder task (keep 'selective_soldering' fed),manual_assembly|inspection,inspection,0,2,"{""buffer_de_entrada"": 0, ""manual_assembly(in process)"": 0, ""transport_1(in process)"": 0, ""shared"": 0}","{""starved"": 1}",0,0,0,"{""manual_assembly"": {""waiting_resource"": 1}, ""selective_soldering"": {""starved"": 1}, ""inspection"": {""waiting_resource"": 1}}",2
4781.666667,01:19:41.667,transport_1,WIP_BELOW_TARGET,feed WIP 1 < target 2 -> feeder task (keep 'selective_soldering' fed),transport_1|inspection,manual_assembly,1,2,"{""buffer_de_entrada"": 0, ""manual_assembly(in process)"": 1, ""transport_1(in process)"": 0, ""shared"": 0}","{""starved"": 1}",0,0,0,"{""manual_assembly"": {""blocked"": 1}, ""selective_soldering"": {""starved"": 1}, ""inspection"": {""waiting_resource"": 1}}",2
4800.0,01:20:00.000,inspection,NO_FEEDER_WAITING,feed WIP 0 < target but no feeder task waiting -> non-feeder task,inspection,transport_1,0,2,"{""buffer_de_entrada"": 0, ""manual_assembly(in process)"": 0, ""transport_1(in process)"": 0, ""shared"": 0}","{""busy"": 1}",0,0,0,"{""manual_assembly"": {""waiting_resource"": 1}, ""selective_soldering"": {""busy"": 1}, ""inspection"": {""waiting_resource"": 1}}",2
4864.166667,01:21:04.167,manual_assembly,WIP_BELOW_TARGET,feed WIP 0 < target 2 -> feeder task (keep 'selective_soldering' fed),manual_assembly|inspection,inspection,0,2,"{""buffer_de_entrada"": 0, ""manual_assembly(in process)"": 0, ""transport_1(in process)"": 0, ""shared"": 0}","{""starved"": 1}",0,0,0,"{""manual_assembly"": {""waiting_resource"": 1}, ""selective_soldering"": {""starved"": 1}, ""inspection"": {""waiting_resource"": 1}}",2
4996.666667,01:23:16.667,transport_1,WIP_BELOW_TARGET,feed WIP 1 < target 2 -> feeder task (keep 'selective_soldering' fed),transport_1|inspection,manual_assembly,1,2,"{""buffer_de_entrada"": 0, ""manual_assembly(in process)"": 1, ""transport_1(in process)"": 0, ""shared"": 0}","{""starved"": 1}",0,0,0,"{""manual_assembly"": {""blocked"": 1}, ""selective_soldering"": {""starved"": 1}, ""inspection"": {""waiting_resource"": 1}}",2
5015.0,01:23:35.000,inspection,NO_FEEDER_WAITING,feed WIP 0 < target but no feeder task waiting -> non-feeder task,inspection,transport_1,0,2,"{""buffer_de_entrada"": 0, ""manual_assembly(in process)"": 0, ""transport_1(in process)"": 0, ""shared"": 0}","{""busy"": 1}",0,0,0,"{""manual_assembly"": {""waiting_resource"": 1}, ""selective_soldering"": {""busy"": 1}, ""inspection"": {""waiting_resource"": 1}}",2
5079.166667,01:24:39.167,manual_assembly,WIP_BELOW_TARGET,feed WIP 0 < target 2 -> feeder task (keep 'selective_soldering' fed),manual_assembly|inspection,inspection,0,2,"{""buffer_de_entrada"": 0, ""manual_assembly(in process)"": 0, ""transport_1(in process)"": 0, ""shared"": 0}","{""starved"": 1}",0,0,0,"{""manual_assembly"": {""waiting_resource"": 1}, ""selective_soldering"": {""starved"": 1}, ""inspection"": {""waiting_resource"": 1}}",2
5211.666667,01:26:51.667,transport_1,WIP_BELOW_TARGET,feed WIP 1 < target 2 -> feeder task (keep 'selective_soldering' fed),transport_1|inspection,manual_assembly,1,2,"{""buffer_de_entrada"": 0, ""manual_assembly(in process)"": 1, ""transport_1(in process)"": 0, ""shared"": 0}","{""starved"": 1}",0,0,0,"{""manual_assembly"": {""blocked"": 1}, ""selective_soldering"": {""starved"": 1}, ""inspection"": {""waiting_resource"": 1}}",2
5230.0,01:27:10.000,inspection,NO_FEEDER_WAITING,feed WIP 0 < target but no feeder task waiting -> non-feeder task,inspection,transport_1,0,2,"{""buffer_de_entrada"": 0, ""manual_assembly(in process)"": 0, ""transport_1(in process)"": 0, ""shared"": 0}","{""busy"": 1}",0,0,0,"{""manual_assembly"": {""waiting_resource"": 1}, ""selective_soldering"": {""busy"": 1}, ""inspection"": {""waiting_resource"": 1}}",2
5294.166667,01:28:14.167,manual_assembly,WIP_BELOW_TARGET,feed WIP 0 < target 2 -> feeder task (keep 'selective_soldering' fed),manual_assembly|inspection,inspection,0,2,"{""buffer_de_entrada"": 0, ""manual_assembly(in process)"": 0, ""transport_1(in process)"": 0, ""shared"": 0}","{""starved"": 1}",0,0,0,"{""manual_assembly"": {""waiting_resource"": 1}, ""selective_soldering"": {""starved"": 1}, ""inspection"": {""waiting_resource"": 1}}",2
5426.666667,01:30:26.667,transport_1,WIP_BELOW_TARGET,feed WIP 1 < target 2 -> feeder task (keep 'selective_soldering' fed),transport_1|inspection,manual_assembly,1,2,"{""buffer_de_entrada"": 0, ""manual_assembly(in process)"": 1, ""transport_1(in process)"": 0, ""shared"": 0}","{""starved"": 1}",0,0,0,"{""manual_assembly"": {""blocked"": 1}, ""selective_soldering"": {""starved"": 1}, ""inspection"": {""waiting_resource"": 1}}",2
5445.0,01:30:45.000,inspection,NO_FEEDER_WAITING,feed WIP 0 < target but no feeder task waiting -> non-feeder task,inspection,transport_1,0,2,"{""buffer_de_entrada"": 0, ""manual_assembly(in process)"": 0, ""transport_1(in process)"": 0, ""shared"": 0}","{""busy"": 1}",0,0,0,"{""manual_assembly"": {""waiting_resource"": 1}, ""selective_soldering"": {""busy"": 1}, ""inspection"": {""waiting_resource"": 1}}",2
5509.166667,01:31:49.167,manual_assembly,WIP_BELOW_TARGET,feed WIP 0 < target 2 -> feeder task (keep 'selective_soldering' fed),manual_assembly|inspection,inspection,0,2,"{""buffer_de_entrada"": 0, ""manual_assembly(in process)"": 0, ""transport_1(in process)"": 0, ""shared"": 0}","{""starved"": 1}",0,0,0,"{""manual_assembly"": {""waiting_resource"": 1}, ""selective_soldering"": {""starved"": 1}, ""inspection"": {""waiting_resource"": 1}}",2
5641.666667,01:34:01.667,transport_1,WIP_BELOW_TARGET,feed WIP 1 < target 2 -> feeder task (keep 'selective_soldering' fed),transport_1|inspection,manual_assembly,1,2,"{""buffer_de_entrada"": 0, ""manual_assembly(in process)"": 1, ""transport_1(in process)"": 0, ""shared"": 0}","{""starved"": 1}",0,0,0,"{""manual_assembly"": {""blocked"": 1}, ""selective_soldering"": {""starved"": 1}, ""inspection"": {""waiting_resource"": 1}}",2
5660.0,01:34:20.000,inspection,NO_FEEDER_WAITING,feed WIP 0 < target but no feeder task waiting -> non-feeder task,inspection,transport_1,0,2,"{""buffer_de_entrada"": 0, ""manual_assembly(in process)"": 0, ""transport_1(in process)"": 0, ""shared"": 0}","{""busy"": 1}",0,0,0,"{""manual_assembly"": {""waiting_resource"": 1}, ""selective_soldering"": {""busy"": 1}, ""inspection"": {""waiting_resource"": 1}}",2
5724.166667,01:35:24.167,manual_assembly,WIP_BELOW_TARGET,feed WIP 0 < target 2 -> feeder task (keep 'selective_soldering' fed),manual_assembly|inspection,inspection,0,2,"{""buffer_de_entrada"": 0, ""manual_assembly(in process)"": 0, ""transport_1(in process)"": 0, ""shared"": 0}","{""starved"": 1}",0,0,0,"{""manual_assembly"": {""waiting_resource"": 1}, ""selective_soldering"": {""starved"": 1}, ""inspection"": {""waiting_resource"": 1}}",2
5856.666667,01:37:36.667,transport_1,WIP_BELOW_TARGET,feed WIP 1 < target 2 -> feeder task (keep 'selective_soldering' fed),transport_1|inspection,manual_assembly,1,2,"{""buffer_de_entrada"": 0, ""manual_assembly(in process)"": 1, ""transport_1(in process)"": 0, ""shared"": 0}","{""starved"": 1}",0,0,0,"{""manual_assembly"": {""blocked"": 1}, ""selective_soldering"": {""starved"": 1}, ""inspection"": {""waiting_resource"": 1}}",2
5875.0,01:37:55.000,inspection,NO_FEEDER_WAITING,feed WIP 0 < target but no feeder task waiting -> non-feeder task,inspection,transport_1,0,2,"{""buffer_de_entrada"": 0, ""manual_assembly(in process)"": 0, ""transport_1(in process)"": 0, ""shared"": 0}","{""busy"": 1}",0,0,0,"{""manual_assembly"": {""waiting_resource"": 1}, ""selective_soldering"": {""busy"": 1}, ""inspection"": {""waiting_resource"": 1}}",2
5939.166667,01:38:59.167,manual_assembly,WIP_BELOW_TARGET,feed WIP 0 < target 2 -> feeder task (keep 'selective_soldering' fed),manual_assembly|inspection,inspection,0,2,"{""buffer_de_entrada"": 0, ""manual_assembly(in process)"": 0, ""transport_1(in process)"": 0, ""shared"": 0}","{""starved"": 1}",0,0,0,"{""manual_assembly"": {""waiting_resource"": 1}, ""selective_soldering"": {""starved"": 1}, ""inspection"": {""waiting_resource"": 1}}",2
6071.666667,01:41:11.667,transport_1,WIP_BELOW_TARGET,feed WIP 1 < target 2 -> feeder task (keep 'selective_soldering' fed),transport_1|inspection,manual_assembly,1,2,"{""buffer_de_entrada"": 0, ""manual_assembly(in process)"": 1, ""transport_1(in process)"": 0, ""shared"": 0}","{""starved"": 1}",0,0,0,"{""manual_assembly"": {""blocked"": 1}, ""selective_soldering"": {""starved"": 1}, ""inspection"": {""waiting_resource"": 1}}",2
6090.0,01:41:30.000,inspection,NO_FEEDER_WAITING,feed WIP 0 < target but no feeder task waiting -> non-feeder task,inspection,transport_1,0,2,"{""buffer_de_entrada"": 0, ""manual_assembly(in process)"": 0, ""transport_1(in process)"": 0, ""shared"": 0}","{""busy"": 1}",0,0,0,"{""manual_assembly"": {""waiting_resource"": 1}, ""selective_soldering"": {""busy"": 1}, ""inspection"": {""waiting_resource"": 1}}",2
6154.166667,01:42:34.167,manual_assembly,WIP_BELOW_TARGET,feed WIP 0 < target 2 -> feeder task (keep 'selective_soldering' fed),manual_assembly|inspection,inspection,0,2,"{""buffer_de_entrada"": 0, ""manual_assembly(in process)"": 0, ""transport_1(in process)"": 0, ""shared"": 0}","{""starved"": 1}",0,0,0,"{""manual_assembly"": {""waiting_resource"": 1}, ""selective_soldering"": {""starved"": 1}, ""inspection"": {""waiting_resource"": 1}}",2
6286.666667,01:44:46.667,transport_1,WIP_BELOW_TARGET,feed WIP 1 < target 2 -> feeder task (keep 'selective_soldering' fed),transport_1|inspection,manual_assembly,1,2,"{""buffer_de_entrada"": 0, ""manual_assembly(in process)"": 1, ""transport_1(in process)"": 0, ""shared"": 0}","{""starved"": 1}",0,0,0,"{""manual_assembly"": {""blocked"": 1}, ""selective_soldering"": {""starved"": 1}, ""inspection"": {""waiting_resource"": 1}}",2
6305.0,01:45:05.000,inspection,NO_FEEDER_WAITING,feed WIP 0 < target but no feeder task waiting -> non-feeder task,inspection,transport_1,0,2,"{""buffer_de_entrada"": 0, ""manual_assembly(in process)"": 0, ""transport_1(in process)"": 0, ""shared"": 0}","{""busy"": 1}",0,0,0,"{""manual_assembly"": {""waiting_resource"": 1}, ""selective_soldering"": {""busy"": 1}, ""inspection"": {""waiting_resource"": 1}}",2
6369.166667,01:46:09.167,manual_assembly,WIP_BELOW_TARGET,feed WIP 0 < target 2 -> feeder task (keep 'selective_soldering' fed),manual_assembly|inspection,inspection,0,2,"{""buffer_de_entrada"": 0, ""manual_assembly(in process)"": 0, ""transport_1(in process)"": 0, ""shared"": 0}","{""starved"": 1}",0,0,0,"{""manual_assembly"": {""waiting_resource"": 1}, ""selective_soldering"": {""starved"": 1}, ""inspection"": {""waiting_resource"": 1}}",2
6501.666667,01:48:21.667,transport_1,WIP_BELOW_TARGET,feed WIP 1 < target 2 -> feeder task (keep 'selective_soldering' fed),transport_1|inspection,manual_assembly,1,2,"{""buffer_de_entrada"": 0, ""manual_assembly(in process)"": 1, ""transport_1(in process)"": 0, ""shared"": 0}","{""starved"": 1}",0,0,0,"{""manual_assembly"": {""blocked"": 1}, ""selective_soldering"": {""starved"": 1}, ""inspection"": {""waiting_resource"": 1}}",2
6520.0,01:48:40.000,inspection,NO_FEEDER_WAITING,feed WIP 0 < target but no feeder task waiting -> non-feeder task,inspection,transport_1,0,2,"{""buffer_de_entrada"": 0, ""manual_assembly(in process)"": 0, ""transport_1(in process)"": 0, ""shared"": 0}","{""busy"": 1}",0,0,0,"{""manual_assembly"": {""waiting_resource"": 1}, ""selective_soldering"": {""busy"": 1}, ""inspection"": {""waiting_resource"": 1}}",2
6584.166667,01:49:44.167,manual_assembly,WIP_BELOW_TARGET,feed WIP 0 < target 2 -> feeder task (keep 'selective_soldering' fed),manual_assembly|inspection,inspection,0,2,"{""buffer_de_entrada"": 0, ""manual_assembly(in process)"": 0, ""transport_1(in process)"": 0, ""shared"": 0}","{""starved"": 1}",0,0,0,"{""manual_assembly"": {""waiting_resource"": 1}, ""selective_soldering"": {""starved"": 1}, ""inspection"": {""waiting_resource"": 1}}",2
6716.666667,01:51:56.667,transport_1,WIP_BELOW_TARGET,feed WIP 1 < target 2 -> feeder task (keep 'selective_soldering' fed),transport_1|inspection,manual_assembly,1,2,"{""buffer_de_entrada"": 0, ""manual_assembly(in process)"": 1, ""transport_1(in process)"": 0, ""shared"": 0}","{""starved"": 1}",0,0,0,"{""manual_assembly"": {""blocked"": 1}, ""selective_soldering"": {""starved"": 1}, ""inspection"": {""waiting_resource"": 1}}",2
6735.0,01:52:15.000,inspection,NO_FEEDER_WAITING,feed WIP 0 < target but no feeder task waiting -> non-feeder task,inspection,transport_1,0,2,"{""buffer_de_entrada"": 0, ""manual_assembly(in process)"": 0, ""transport_1(in process)"": 0, ""shared"": 0}","{""busy"": 1}",0,0,0,"{""manual_assembly"": {""waiting_resource"": 1}, ""selective_soldering"": {""busy"": 1}, ""inspection"": {""waiting_resource"": 1}}",2
6799.166667,01:53:19.167,manual_assembly,WIP_BELOW_TARGET,feed WIP 0 < target 2 -> feeder task (keep 'selective_soldering' fed),manual_assembly|inspection,inspection,0,2,"{""buffer_de_entrada"": 0, ""manual_assembly(in process)"": 0, ""transport_1(in process)"": 0, ""shared"": 0}","{""starved"": 1}",0,0,0,"{""manual_assembly"": {""waiting_resource"": 1}, ""selective_soldering"": {""starved"": 1}, ""inspection"": {""waiting_resource"": 1}}",2
6931.666667,01:55:31.667,transport_1,WIP_BELOW_TARGET,feed WIP 1 < target 2 -> feeder task (keep 'selective_soldering' fed),transport_1|inspection,manual_assembly,1,2,"{""buffer_de_entrada"": 0, ""manual_assembly(in process)"": 1, ""transport_1(in process)"": 0, ""shared"": 0}","{""starved"": 1}",0,0,0,"{""manual_assembly"": {""blocked"": 1}, ""selective_soldering"": {""starved"": 1}, ""inspection"": {""waiting_resource"": 1}}",2
6950.0,01:55:50.000,inspection,NO_FEEDER_WAITING,feed WIP 0 < target but no feeder task waiting -> non-feeder task,inspection,transport_1,0,2,"{""buffer_de_entrada"": 0, ""manual_assembly(in process)"": 0, ""transport_1(in process)"": 0, ""shared"": 0}","{""busy"": 1}",0,0,0,"{""manual_assembly"": {""waiting_resource"": 1}, ""selective_soldering"": {""busy"": 1}, ""inspection"": {""waiting_resource"": 1}}",2
7014.166667,01:56:54.167,manual_assembly,WIP_BELOW_TARGET,feed WIP 0 < target 2 -> feeder task (keep 'selective_soldering' fed),manual_assembly|inspection,inspection,0,2,"{""buffer_de_entrada"": 0, ""manual_assembly(in process)"": 0, ""transport_1(in process)"": 0, ""shared"": 0}","{""starved"": 1}",0,0,0,"{""manual_assembly"": {""waiting_resource"": 1}, ""selective_soldering"": {""starved"": 1}, ""inspection"": {""waiting_resource"": 1}}",2
7146.666667,01:59:06.667,transport_1,WIP_BELOW_TARGET,feed WIP 1 < target 2 -> feeder task (keep 'selective_soldering' fed),transport_1|inspection,manual_assembly,1,2,"{""buffer_de_entrada"": 0, ""manual_assembly(in process)"": 1, ""transport_1(in process)"": 0, ""shared"": 0}","{""starved"": 1}",0,0,0,"{""manual_assembly"": {""blocked"": 1}, ""selective_soldering"": {""starved"": 1}, ""inspection"": {""waiting_resource"": 1}}",2
7165.0,01:59:25.000,inspection,NO_FEEDER_WAITING,feed WIP 0 < target but no feeder task waiting -> non-feeder task,inspection,transport_1,0,2,"{""buffer_de_entrada"": 0, ""manual_assembly(in process)"": 0, ""transport_1(in process)"": 0, ""shared"": 0}","{""busy"": 1}",0,0,0,"{""manual_assembly"": {""waiting_resource"": 1}, ""selective_soldering"": {""busy"": 1}, ""inspection"": {""waiting_resource"": 1}}",2
7229.166667,02:00:29.167,manual_assembly,WIP_BELOW_TARGET,feed WIP 0 < target 2 -> feeder task (keep 'selective_soldering' fed),manual_assembly|inspection,inspection,0,2,"{""buffer_de_entrada"": 0, ""manual_assembly(in process)"": 0, ""transport_1(in process)"": 0, ""shared"": 0}","{""starved"": 1}",0,0,0,"{""manual_assembly"": {""waiting_resource"": 1}, ""selective_soldering"": {""starved"": 1}, ""inspection"": {""waiting_resource"": 1}}",2
7361.666667,02:02:41.667,transport_1,WIP_BELOW_TARGET,feed WIP 1 < target 2 -> feeder task (keep 'selective_soldering' fed),transport_1|inspection,manual_assembly,1,2,"{""buffer_de_entrada"": 0, ""manual_assembly(in process)"": 1, ""transport_1(in process)"": 0, ""shared"": 0}","{""starved"": 1}",0,0,0,"{""manual_assembly"": {""blocked"": 1}, ""selective_soldering"": {""starved"": 1}, ""inspection"": {""waiting_resource"": 1}}",2
7380.0,02:03:00.000,inspection,NO_FEEDER_WAITING,feed WIP 0 < target but no feeder task waiting -> non-feeder task,inspection,transport_1,0,2,"{""buffer_de_entrada"": 0, ""manual_assembly(in process)"": 0, ""transport_1(in process)"": 0, ""shared"": 0}","{""busy"": 1}",0,0,0,"{""manual_assembly"": {""waiting_resource"": 1}, ""selective_soldering"": {""busy"": 1}, ""inspection"": {""waiting_resource"": 1}}",2
7444.166667,02:04:04.167,manual_assembly,WIP_BELOW_TARGET,feed WIP 0 < target 2 -> feeder task (keep 'selective_soldering' fed),manual_assembly|inspection,inspection,0,2,"{""buffer_de_entrada"": 0, ""manual_assembly(in process)"": 0, ""transport_1(in process)"": 0, ""shared"": 0}","{""starved"": 1}",0,0,0,"{""manual_assembly"": {""waiting_resource"": 1}, ""selective_soldering"": {""starved"": 1}, ""inspection"": {""waiting_resource"": 1}}",2
7576.666667,02:06:16.667,transport_1,WIP_BELOW_TARGET,feed WIP 1 < target 2 -> feeder task (keep 'selective_soldering' fed),transport_1|inspection,manual_assembly,1,2,"{""buffer_de_entrada"": 0, ""manual_assembly(in process)"": 1, ""transport_1(in process)"": 0, ""shared"": 0}","{""starved"": 1}",0,0,0,"{""manual_assembly"": {""blocked"": 1}, ""selective_soldering"": {""starved"": 1}, ""inspection"": {""waiting_resource"": 1}}",2
7595.0,02:06:35.000,inspection,NO_FEEDER_WAITING,feed WIP 0 < target but no feeder task waiting -> non-feeder task,inspection,transport_1,0,2,"{""buffer_de_entrada"": 0, ""manual_assembly(in process)"": 0, ""transport_1(in process)"": 0, ""shared"": 0}","{""busy"": 1}",0,0,0,"{""manual_assembly"": {""waiting_resource"": 1}, ""selective_soldering"": {""busy"": 1}, ""inspection"": {""waiting_resource"": 1}}",2
7659.166667,02:07:39.167,manual_assembly,WIP_BELOW_TARGET,feed WIP 0 < target 2 -> feeder task (keep 'selective_soldering' fed),manual_assembly|inspection,inspection,0,2,"{""buffer_de_entrada"": 0, ""manual_assembly(in process)"": 0, ""transport_1(in process)"": 0, ""shared"": 0}","{""starved"": 1}",0,0,0,"{""manual_assembly"": {""waiting_resource"": 1}, ""selective_soldering"": {""starved"": 1}, ""inspection"": {""waiting_resource"": 1}}",2
7791.666667,02:09:51.667,transport_1,WIP_BELOW_TARGET,feed WIP 1 < target 2 -> feeder task (keep 'selective_soldering' fed),transport_1|inspection,manual_assembly,1,2,"{""buffer_de_entrada"": 0, ""manual_assembly(in process)"": 1, ""transport_1(in process)"": 0, ""shared"": 0}","{""starved"": 1}",0,0,0,"{""manual_assembly"": {""blocked"": 1}, ""selective_soldering"": {""starved"": 1}, ""inspection"": {""waiting_resource"": 1}}",2
7810.0,02:10:10.000,inspection,NO_FEEDER_WAITING,feed WIP 0 < target but no feeder task waiting -> non-feeder task,inspection,transport_1,0,2,"{""buffer_de_entrada"": 0, ""manual_assembly(in process)"": 0, ""transport_1(in process)"": 0, ""shared"": 0}","{""busy"": 1}",0,0,0,"{""manual_assembly"": {""waiting_resource"": 1}, ""selective_soldering"": {""busy"": 1}, ""inspection"": {""waiting_resource"": 1}}",2
7874.166667,02:11:14.167,manual_assembly,WIP_BELOW_TARGET,feed WIP 0 < target 2 -> feeder task (keep 'selective_soldering' fed),manual_assembly|inspection,inspection,0,2,"{""buffer_de_entrada"": 0, ""manual_assembly(in process)"": 0, ""transport_1(in process)"": 0, ""shared"": 0}","{""starved"": 1}",0,0,0,"{""manual_assembly"": {""waiting_resource"": 1}, ""selective_soldering"": {""starved"": 1}, ""inspection"": {""waiting_resource"": 1}}",2
8006.666667,02:13:26.667,transport_1,WIP_BELOW_TARGET,feed WIP 1 < target 2 -> feeder task (keep 'selective_soldering' fed),transport_1|inspection,manual_assembly,1,2,"{""buffer_de_entrada"": 0, ""manual_assembly(in process)"": 1, ""transport_1(in process)"": 0, ""shared"": 0}","{""starved"": 1}",0,0,0,"{""manual_assembly"": {""blocked"": 1}, ""selective_soldering"": {""starved"": 1}, ""inspection"": {""waiting_resource"": 1}}",2
8025.0,02:13:45.000,inspection,NO_FEEDER_WAITING,feed WIP 0 < target but no feeder task waiting -> non-feeder task,inspection,transport_1,0,2,"{""buffer_de_entrada"": 0, ""manual_assembly(in process)"": 0, ""transport_1(in process)"": 0, ""shared"": 0}","{""busy"": 1}",0,0,0,"{""manual_assembly"": {""waiting_resource"": 1}, ""selective_soldering"": {""busy"": 1}, ""inspection"": {""waiting_resource"": 1}}",2
8089.166667,02:14:49.167,manual_assembly,WIP_BELOW_TARGET,feed WIP 0 < target 2 -> feeder task (keep 'selective_soldering' fed),manual_assembly|inspection,inspection,0,2,"{""buffer_de_entrada"": 0, ""manual_assembly(in process)"": 0, ""transport_1(in process)"": 0, ""shared"": 0}","{""starved"": 1}",0,0,0,"{""manual_assembly"": {""waiting_resource"": 1}, ""selective_soldering"": {""starved"": 1}, ""inspection"": {""waiting_resource"": 1}}",2
8221.666667,02:17:01.667,transport_1,WIP_BELOW_TARGET,feed WIP 1 < target 2 -> feeder task (keep 'selective_soldering' fed),transport_1|inspection,manual_assembly,1,2,"{""buffer_de_entrada"": 0, ""manual_assembly(in process)"": 1, ""transport_1(in process)"": 0, ""shared"": 0}","{""starved"": 1}",0,0,0,"{""manual_assembly"": {""blocked"": 1}, ""selective_soldering"": {""starved"": 1}, ""inspection"": {""waiting_resource"": 1}}",2
8240.0,02:17:20.000,inspection,NO_FEEDER_WAITING,feed WIP 0 < target but no feeder task waiting -> non-feeder task,inspection,transport_1,0,2,"{""buffer_de_entrada"": 0, ""manual_assembly(in process)"": 0, ""transport_1(in process)"": 0, ""shared"": 0}","{""busy"": 1}",0,0,0,"{""manual_assembly"": {""waiting_resource"": 1}, ""selective_soldering"": {""busy"": 1}, ""inspection"": {""waiting_resource"": 1}}",2
8304.166667,02:18:24.167,manual_assembly,WIP_BELOW_TARGET,feed WIP 0 < target 2 -> feeder task (keep 'selective_soldering' fed),manual_assembly|inspection,inspection,0,2,"{""buffer_de_entrada"": 0, ""manual_assembly(in process)"": 0, ""transport_1(in process)"": 0, ""shared"": 0}","{""starved"": 1}",0,0,0,"{""manual_assembly"": {""waiting_resource"": 1}, ""selective_soldering"": {""starved"": 1}, ""inspection"": {""waiting_resource"": 1}}",2
8436.666667,02:20:36.667,transport_1,WIP_BELOW_TARGET,feed WIP 1 < target 2 -> feeder task (keep 'selective_soldering' fed),transport_1|inspection,manual_assembly,1,2,"{""buffer_de_entrada"": 0, ""manual_assembly(in process)"": 1, ""transport_1(in process)"": 0, ""shared"": 0}","{""starved"": 1}",0,0,0,"{""manual_assembly"": {""blocked"": 1}, ""selective_soldering"": {""starved"": 1}, ""inspection"": {""waiting_resource"": 1}}",2
8455.0,02:20:55.000,inspection,NO_FEEDER_WAITING,feed WIP 0 < target but no feeder task waiting -> non-feeder task,inspection,transport_1,0,2,"{""buffer_de_entrada"": 0, ""manual_assembly(in process)"": 0, ""transport_1(in process)"": 0, ""shared"": 0}","{""busy"": 1}",0,0,0,"{""manual_assembly"": {""waiting_resource"": 1}, ""selective_soldering"": {""busy"": 1}, ""inspection"": {""waiting_resource"": 1}}",2
8519.166667,02:21:59.167,manual_assembly,WIP_BELOW_TARGET,feed WIP 0 < target 2 -> feeder task (keep 'selective_soldering' fed),manual_assembly|inspection,inspection,0,2,"{""buffer_de_entrada"": 0, ""manual_assembly(in process)"": 0, ""transport_1(in process)"": 0, ""shared"": 0}","{""starved"": 1}",0,0,0,"{""manual_assembly"": {""waiting_resource"": 1}, ""selective_soldering"": {""starved"": 1}, ""inspection"": {""waiting_resource"": 1}}",2
8651.666667,02:24:11.667,transport_1,WIP_BELOW_TARGET,feed WIP 1 < target 2 -> feeder task (keep 'selective_soldering' fed),transport_1|inspection,manual_assembly,1,2,"{""buffer_de_entrada"": 0, ""manual_assembly(in process)"": 1, ""transport_1(in process)"": 0, ""shared"": 0}","{""starved"": 1}",0,0,0,"{""manual_assembly"": {""blocked"": 1}, ""selective_soldering"": {""starved"": 1}, ""inspection"": {""waiting_resource"": 1}}",2
8670.0,02:24:30.000,inspection,NO_FEEDER_WAITING,feed WIP 0 < target but no feeder task waiting -> non-feeder task,inspection,transport_1,0,2,"{""buffer_de_entrada"": 0, ""manual_assembly(in process)"": 0, ""transport_1(in process)"": 0, ""shared"": 0}","{""busy"": 1}",0,0,0,"{""manual_assembly"": {""waiting_resource"": 1}, ""selective_soldering"": {""busy"": 1}, ""inspection"": {""waiting_resource"": 1}}",2
8734.166667,02:25:34.167,manual_assembly,WIP_BELOW_TARGET,feed WIP 0 < target 2 -> feeder task (keep 'selective_soldering' fed),manual_assembly|inspection,inspection,0,2,"{""buffer_de_entrada"": 0, ""manual_assembly(in process)"": 0, ""transport_1(in process)"": 0, ""shared"": 0}","{""starved"": 1}",0,0,0,"{""manual_assembly"": {""waiting_resource"": 1}, ""selective_soldering"": {""starved"": 1}, ""inspection"": {""waiting_resource"": 1}}",2
8866.666667,02:27:46.667,transport_1,WIP_BELOW_TARGET,feed WIP 1 < target 2 -> feeder task (keep 'selective_soldering' fed),transport_1|inspection,manual_assembly,1,2,"{""buffer_de_entrada"": 0, ""manual_assembly(in process)"": 1, ""transport_1(in process)"": 0, ""shared"": 0}","{""starved"": 1}",0,0,0,"{""manual_assembly"": {""blocked"": 1}, ""selective_soldering"": {""starved"": 1}, ""inspection"": {""waiting_resource"": 1}}",2
8885.0,02:28:05.000,inspection,NO_FEEDER_WAITING,feed WIP 0 < target but no feeder task waiting -> non-feeder task,inspection,transport_1,0,2,"{""buffer_de_entrada"": 0, ""manual_assembly(in process)"": 0, ""transport_1(in process)"": 0, ""shared"": 0}","{""busy"": 1}",0,0,0,"{""manual_assembly"": {""waiting_resource"": 1}, ""selective_soldering"": {""busy"": 1}, ""inspection"": {""waiting_resource"": 1}}",2
8949.166667,02:29:09.167,manual_assembly,WIP_BELOW_TARGET,feed WIP 0 < target 2 -> feeder task (keep 'selective_soldering' fed),manual_assembly|inspection,inspection,0,2,"{""buffer_de_entrada"": 0, ""manual_assembly(in process)"": 0, ""transport_1(in process)"": 0, ""shared"": 0}","{""starved"": 1}",0,0,0,"{""manual_assembly"": {""waiting_resource"": 1}, ""selective_soldering"": {""starved"": 1}, ""inspection"": {""waiting_resource"": 1}}",2
9081.666667,02:31:21.667,transport_1,WIP_BELOW_TARGET,feed WIP 1 < target 2 -> feeder task (keep 'selective_soldering' fed),transport_1|inspection,manual_assembly,1,2,"{""buffer_de_entrada"": 0, ""manual_assembly(in process)"": 1, ""transport_1(in process)"": 0, ""shared"": 0}","{""starved"": 1}",0,0,0,"{""manual_assembly"": {""blocked"": 1}, ""selective_soldering"": {""starved"": 1}, ""inspection"": {""waiting_resource"": 1}}",2
9100.0,02:31:40.000,inspection,NO_FEEDER_WAITING,feed WIP 0 < target but no feeder task waiting -> non-feeder task,inspection,transport_1,0,2,"{""buffer_de_entrada"": 0, ""manual_assembly(in process)"": 0, ""transport_1(in process)"": 0, ""shared"": 0}","{""busy"": 1}",0,0,0,"{""manual_assembly"": {""waiting_resource"": 1}, ""selective_soldering"": {""busy"": 1}, ""inspection"": {""waiting_resource"": 1}}",2
9164.166667,02:32:44.167,manual_assembly,WIP_BELOW_TARGET,feed WIP 0 < target 2 -> feeder task (keep 'selective_soldering' fed),manual_assembly|inspection,inspection,0,2,"{""buffer_de_entrada"": 0, ""manual_assembly(in process)"": 0, ""transport_1(in process)"": 0, ""shared"": 0}","{""starved"": 1}",0,0,0,"{""manual_assembly"": {""waiting_resource"": 1}, ""selective_soldering"": {""starved"": 1}, ""inspection"": {""waiting_resource"": 1}}",2
9296.666667,02:34:56.667,transport_1,WIP_BELOW_TARGET,feed WIP 1 < target 2 -> feeder task (keep 'selective_soldering' fed),transport_1|inspection,manual_assembly,1,2,"{""buffer_de_entrada"": 0, ""manual_assembly(in process)"": 1, ""transport_1(in process)"": 0, ""shared"": 0}","{""starved"": 1}",0,0,0,"{""manual_assembly"": {""blocked"": 1}, ""selective_soldering"": {""starved"": 1}, ""inspection"": {""waiting_resource"": 1}}",2
9315.0,02:35:15.000,inspection,NO_FEEDER_WAITING,feed WIP 0 < target but no feeder task waiting -> non-feeder task,inspection,transport_1,0,2,"{""buffer_de_entrada"": 0, ""manual_assembly(in process)"": 0, ""transport_1(in process)"": 0, ""shared"": 0}","{""busy"": 1}",0,0,0,"{""manual_assembly"": {""waiting_resource"": 1}, ""selective_soldering"": {""busy"": 1}, ""inspection"": {""waiting_resource"": 1}}",2
9379.166667,02:36:19.167,manual_assembly,WIP_BELOW_TARGET,feed WIP 0 < target 2 -> feeder task (keep 'selective_soldering' fed),manual_assembly|inspection,inspection,0,2,"{""buffer_de_entrada"": 0, ""manual_assembly(in process)"": 0, ""transport_1(in process)"": 0, ""shared"": 0}","{""starved"": 1}",0,0,0,"{""manual_assembly"": {""waiting_resource"": 1}, ""selective_soldering"": {""starved"": 1}, ""inspection"": {""waiting_resource"": 1}}",2
9511.666667,02:38:31.667,transport_1,WIP_BELOW_TARGET,feed WIP 1 < target 2 -> feeder task (keep 'selective_soldering' fed),transport_1|inspection,manual_assembly,1,2,"{""buffer_de_entrada"": 0, ""manual_assembly(in process)"": 1, ""transport_1(in process)"": 0, ""shared"": 0}","{""starved"": 1}",0,0,0,"{""manual_assembly"": {""blocked"": 1}, ""selective_soldering"": {""starved"": 1}, ""inspection"": {""waiting_resource"": 1}}",2
9530.0,02:38:50.000,inspection,NO_FEEDER_WAITING,feed WIP 0 < target but no feeder task waiting -> non-feeder task,inspection,transport_1,0,2,"{""buffer_de_entrada"": 0, ""manual_assembly(in process)"": 0, ""transport_1(in process)"": 0, ""shared"": 0}","{""busy"": 1}",0,0,0,"{""manual_assembly"": {""waiting_resource"": 1}, ""selective_soldering"": {""busy"": 1}, ""inspection"": {""waiting_resource"": 1}}",2
9594.166667,02:39:54.167,manual_assembly,WIP_BELOW_TARGET,feed WIP 0 < target 2 -> feeder task (keep 'selective_soldering' fed),manual_assembly|inspection,inspection,0,2,"{""buffer_de_entrada"": 0, ""manual_assembly(in process)"": 0, ""transport_1(in process)"": 0, ""shared"": 0}","{""starved"": 1}",0,0,0,"{""manual_assembly"": {""waiting_resource"": 1}, ""selective_soldering"": {""starved"": 1}, ""inspection"": {""waiting_resource"": 1}}",2
9726.666667,02:42:06.667,transport_1,WIP_BELOW_TARGET,feed WIP 1 < target 2 -> feeder task (keep 'selective_soldering' fed),transport_1|inspection,manual_assembly,1,2,"{""buffer_de_entrada"": 0, ""manual_assembly(in process)"": 1, ""transport_1(in process)"": 0, ""shared"": 0}","{""starved"": 1}",0,0,0,"{""manual_assembly"": {""blocked"": 1}, ""selective_soldering"": {""starved"": 1}, ""inspection"": {""waiting_resource"": 1}}",2
9745.0,02:42:25.000,inspection,NO_FEEDER_WAITING,feed WIP 0 < target but no feeder task waiting -> non-feeder task,inspection,transport_1,0,2,"{""buffer_de_entrada"": 0, ""manual_assembly(in process)"": 0, ""transport_1(in process)"": 0, ""shared"": 0}","{""busy"": 1}",0,0,0,"{""manual_assembly"": {""waiting_resource"": 1}, ""selective_soldering"": {""busy"": 1}, ""inspection"": {""waiting_resource"": 1}}",2
9809.166667,02:43:29.167,manual_assembly,WIP_BELOW_TARGET,feed WIP 0 < target 2 -> feeder task (keep 'selective_soldering' fed),manual_assembly|inspection,inspection,0,2,"{""buffer_de_entrada"": 0, ""manual_assembly(in process)"": 0, ""transport_1(in process)"": 0, ""shared"": 0}","{""starved"": 1}",0,0,0,"{""manual_assembly"": {""waiting_resource"": 1}, ""selective_soldering"": {""starved"": 1}, ""inspection"": {""waiting_resource"": 1}}",2
9941.666667,02:45:41.667,transport_1,WIP_BELOW_TARGET,feed WIP 1 < target 2 -> feeder task (keep 'selective_soldering' fed),transport_1|inspection,manual_assembly,1,2,"{""buffer_de_entrada"": 0, ""manual_assembly(in process)"": 1, ""transport_1(in process)"": 0, ""shared"": 0}","{""starved"": 1}",0,0,0,"{""manual_assembly"": {""blocked"": 1}, ""selective_soldering"": {""starved"": 1}, ""inspection"": {""waiting_resource"": 1}}",2
9960.0,02:46:00.000,inspection,NO_FEEDER_WAITING,feed WIP 0 < target but no feeder task waiting -> non-feeder task,inspection,transport_1,0,2,"{""buffer_de_entrada"": 0, ""manual_assembly(in process)"": 0, ""transport_1(in process)"": 0, ""shared"": 0}","{""busy"": 1}",0,0,0,"{""manual_assembly"": {""waiting_resource"": 1}, ""selective_soldering"": {""busy"": 1}, ""inspection"": {""waiting_resource"": 1}}",2
10024.166667,02:47:04.167,manual_assembly,WIP_BELOW_TARGET,feed WIP 0 < target 2 -> feeder task (keep 'selective_soldering' fed),manual_assembly|inspection,inspection,0,2,"{""buffer_de_entrada"": 0, ""manual_assembly(in process)"": 0, ""transport_1(in process)"": 0, ""shared"": 0}","{""starved"": 1}",0,0,0,"{""manual_assembly"": {""waiting_resource"": 1}, ""selective_soldering"": {""starved"": 1}, ""inspection"": {""waiting_resource"": 1}}",2
10156.666667,02:49:16.667,transport_1,WIP_BELOW_TARGET,feed WIP 1 < target 2 -> feeder task (keep 'selective_soldering' fed),transport_1|inspection,manual_assembly,1,2,"{""buffer_de_entrada"": 0, ""manual_assembly(in process)"": 1, ""transport_1(in process)"": 0, ""shared"": 0}","{""starved"": 1}",0,0,0,"{""manual_assembly"": {""blocked"": 1}, ""selective_soldering"": {""starved"": 1}, ""inspection"": {""waiting_resource"": 1}}",2
10175.0,02:49:35.000,inspection,NO_FEEDER_WAITING,feed WIP 0 < target but no feeder task waiting -> non-feeder task,inspection,transport_1,0,2,"{""buffer_de_entrada"": 0, ""manual_assembly(in process)"": 0, ""transport_1(in process)"": 0, ""shared"": 0}","{""busy"": 1}",0,0,0,"{""manual_assembly"": {""waiting_resource"": 1}, ""selective_soldering"": {""busy"": 1}, ""inspection"": {""waiting_resource"": 1}}",2
10239.166667,02:50:39.167,manual_assembly,WIP_BELOW_TARGET,feed WIP 0 < target 2 -> feeder task (keep 'selective_soldering' fed),manual_assembly|inspection,inspection,0,2,"{""buffer_de_entrada"": 0, ""manual_assembly(in process)"": 0, ""transport_1(in process)"": 0, ""shared"": 0}","{""starved"": 1}",0,0,0,"{""manual_assembly"": {""waiting_resource"": 1}, ""selective_soldering"": {""starved"": 1}, ""inspection"": {""waiting_resource"": 1}}",2
10371.666667,02:52:51.667,transport_1,WIP_BELOW_TARGET,feed WIP 1 < target 2 -> feeder task (keep 'selective_soldering' fed),transport_1|inspection,manual_assembly,1,2,"{""buffer_de_entrada"": 0, ""manual_assembly(in process)"": 1, ""transport_1(in process)"": 0, ""shared"": 0}","{""starved"": 1}",0,0,0,"{""manual_assembly"": {""blocked"": 1}, ""selective_soldering"": {""starved"": 1}, ""inspection"": {""waiting_resource"": 1}}",2
10390.0,02:53:10.000,inspection,NO_FEEDER_WAITING,feed WIP 0 < target but no feeder task waiting -> non-feeder task,inspection,transport_1,0,2,"{""buffer_de_entrada"": 0, ""manual_assembly(in process)"": 0, ""transport_1(in process)"": 0, ""shared"": 0}","{""busy"": 1}",0,0,0,"{""manual_assembly"": {""waiting_resource"": 1}, ""selective_soldering"": {""busy"": 1}, ""inspection"": {""waiting_resource"": 1}}",2
10454.166667,02:54:14.167,manual_assembly,WIP_BELOW_TARGET,feed WIP 0 < target 2 -> feeder task (keep 'selective_soldering' fed),manual_assembly|inspection,inspection,0,2,"{""buffer_de_entrada"": 0, ""manual_assembly(in process)"": 0, ""transport_1(in process)"": 0, ""shared"": 0}","{""starved"": 1}",0,0,0,"{""manual_assembly"": {""waiting_resource"": 1}, ""selective_soldering"": {""starved"": 1}, ""inspection"": {""waiting_resource"": 1}}",2
10586.666667,02:56:26.667,transport_1,WIP_BELOW_TARGET,feed WIP 1 < target 2 -> feeder task (keep 'selective_soldering' fed),transport_1|inspection,manual_assembly,1,2,"{""buffer_de_entrada"": 0, ""manual_assembly(in process)"": 1, ""transport_1(in process)"": 0, ""shared"": 0}","{""starved"": 1}",0,0,0,"{""manual_assembly"": {""blocked"": 1}, ""selective_soldering"": {""starved"": 1}, ""inspection"": {""waiting_resource"": 1}}",2
10605.0,02:56:45.000,inspection,NO_FEEDER_WAITING,feed WIP 0 < target but no feeder task waiting -> non-feeder task,inspection,transport_1,0,2,"{""buffer_de_entrada"": 0, ""manual_assembly(in process)"": 0, ""transport_1(in process)"": 0, ""shared"": 0}","{""busy"": 1}",0,0,0,"{""manual_assembly"": {""waiting_resource"": 1}, ""selective_soldering"": {""busy"": 1}, ""inspection"": {""waiting_resource"": 1}}",2
10669.166667,02:57:49.167,manual_assembly,WIP_BELOW_TARGET,feed WIP 0 < target 2 -> feeder task (keep 'selective_soldering' fed),manual_assembly|inspection,inspection,0,2,"{""buffer_de_entrada"": 0, ""manual_assembly(in process)"": 0, ""transport_1(in process)"": 0, ""shared"": 0}","{""starved"": 1}",0,0,0,"{""manual_assembly"": {""waiting_resource"": 1}, ""selective_soldering"": {""starved"": 1}, ""inspection"": {""waiting_resource"": 1}}",2
10801.666667,03:00:01.667,transport_1,WIP_BELOW_TARGET,feed WIP 1 < target 2 -> feeder task (keep 'selective_soldering' fed),transport_1|inspection,manual_assembly,1,2,"{""buffer_de_entrada"": 0, ""manual_assembly(in process)"": 1, ""transport_1(in process)"": 0, ""shared"": 0}","{""starved"": 1}",0,0,0,"{""manual_assembly"": {""blocked"": 1}, ""selective_soldering"": {""starved"": 1}, ""inspection"": {""waiting_resource"": 1}}",2
10820.0,03:00:20.000,inspection,NO_FEEDER_WAITING,feed WIP 0 < target but no feeder task waiting -> non-feeder task,inspection,transport_1,0,2,"{""buffer_de_entrada"": 0, ""manual_assembly(in process)"": 0, ""transport_1(in process)"": 0, ""shared"": 0}","{""busy"": 1}",0,0,0,"{""manual_assembly"": {""waiting_resource"": 1}, ""selective_soldering"": {""busy"": 1}, ""inspection"": {""waiting_resource"": 1}}",2
10884.166667,03:01:24.167,manual_assembly,WIP_BELOW_TARGET,feed WIP 0 < target 2 -> feeder task (keep 'selective_soldering' fed),manual_assembly|inspection,inspection,0,2,"{""buffer_de_entrada"": 0, ""manual_assembly(in process)"": 0, ""transport_1(in process)"": 0, ""shared"": 0}","{""starved"": 1}",0,0,0,"{""manual_assembly"": {""waiting_resource"": 1}, ""selective_soldering"": {""starved"": 1}, ""inspection"": {""waiting_resource"": 1}}",2
11016.666667,03:03:36.667,transport_1,WIP_BELOW_TARGET,feed WIP 1 < target 2 -> feeder task (keep 'selective_soldering' fed),transport_1|inspection,manual_assembly,1,2,"{""buffer_de_entrada"": 0, ""manual_assembly(in process)"": 1, ""transport_1(in process)"": 0, ""shared"": 0}","{""starved"": 1}",0,0,0,"{""manual_assembly"": {""blocked"": 1}, ""selective_soldering"": {""starved"": 1}, ""inspection"": {""waiting_resource"": 1}}",2
11035.0,03:03:55.000,inspection,NO_FEEDER_WAITING,feed WIP 0 < target but no feeder task waiting -> non-feeder task,inspection,transport_1,0,2,"{""buffer_de_entrada"": 0, ""manual_assembly(in process)"": 0, ""transport_1(in process)"": 0, ""shared"": 0}","{""busy"": 1}",0,0,0,"{""manual_assembly"": {""waiting_resource"": 1}, ""selective_soldering"": {""busy"": 1}, ""inspection"": {""waiting_resource"": 1}}",2
11099.166667,03:04:59.167,manual_assembly,WIP_BELOW_TARGET,feed WIP 0 < target 2 -> feeder task (keep 'selective_soldering' fed),manual_assembly|inspection,inspection,0,2,"{""buffer_de_entrada"": 0, ""manual_assembly(in process)"": 0, ""transport_1(in process)"": 0, ""shared"": 0}","{""starved"": 1}",0,0,0,"{""manual_assembly"": {""waiting_resource"": 1}, ""selective_soldering"": {""starved"": 1}, ""inspection"": {""waiting_resource"": 1}}",2
11231.666667,03:07:11.667,transport_1,WIP_BELOW_TARGET,feed WIP 1 < target 2 -> feeder task (keep 'selective_soldering' fed),transport_1|inspection,manual_assembly,1,2,"{""buffer_de_entrada"": 0, ""manual_assembly(in process)"": 1, ""transport_1(in process)"": 0, ""shared"": 0}","{""starved"": 1}",0,0,0,"{""manual_assembly"": {""blocked"": 1}, ""selective_soldering"": {""starved"": 1}, ""inspection"": {""waiting_resource"": 1}}",2
11250.0,03:07:30.000,inspection,NO_FEEDER_WAITING,feed WIP 0 < target but no feeder task waiting -> non-feeder task,inspection,transport_1,0,2,"{""buffer_de_entrada"": 0, ""manual_assembly(in process)"": 0, ""transport_1(in process)"": 0, ""shared"": 0}","{""busy"": 1}",0,0,0,"{""manual_assembly"": {""waiting_resource"": 1}, ""selective_soldering"": {""busy"": 1}, ""inspection"": {""waiting_resource"": 1}}",2
11314.166667,03:08:34.167,manual_assembly,WIP_BELOW_TARGET,feed WIP 0 < target 2 -> feeder task (keep 'selective_soldering' fed),manual_assembly|inspection,inspection,0,2,"{""buffer_de_entrada"": 0, ""manual_assembly(in process)"": 0, ""transport_1(in process)"": 0, ""shared"": 0}","{""starved"": 1}",0,0,0,"{""manual_assembly"": {""waiting_resource"": 1}, ""selective_soldering"": {""starved"": 1}, ""inspection"": {""waiting_resource"": 1}}",2
11446.666667,03:10:46.667,transport_1,WIP_BELOW_TARGET,feed WIP 1 < target 2 -> feeder task (keep 'selective_soldering' fed),transport_1|inspection,manual_assembly,1,2,"{""buffer_de_entrada"": 0, ""manual_assembly(in process)"": 1, ""transport_1(in process)"": 0, ""shared"": 0}","{""starved"": 1}",0,0,0,"{""manual_assembly"": {""blocked"": 1}, ""selective_soldering"": {""starved"": 1}, ""inspection"": {""waiting_resource"": 1}}",2
11465.0,03:11:05.000,inspection,NO_FEEDER_WAITING,feed WIP 0 < target but no feeder task waiting -> non-feeder task,inspection,transport_1,0,2,"{""buffer_de_entrada"": 0, ""manual_assembly(in process)"": 0, ""transport_1(in process)"": 0, ""shared"": 0}","{""busy"": 1}",0,0,0,"{""manual_assembly"": {""waiting_resource"": 1}, ""selective_soldering"": {""busy"": 1}, ""inspection"": {""waiting_resource"": 1}}",2
11529.166667,03:12:09.167,manual_assembly,WIP_BELOW_TARGET,feed WIP 0 < target 2 -> feeder task (keep 'selective_soldering' fed),manual_assembly|inspection,inspection,0,2,"{""buffer_de_entrada"": 0, ""manual_assembly(in process)"": 0, ""transport_1(in process)"": 0, ""shared"": 0}","{""starved"": 1}",0,0,0,"{""manual_assembly"": {""waiting_resource"": 1}, ""selective_soldering"": {""starved"": 1}, ""inspection"": {""waiting_resource"": 1}}",2
11661.666667,03:14:21.667,transport_1,WIP_BELOW_TARGET,feed WIP 1 < target 2 -> feeder task (keep 'selective_soldering' fed),transport_1|inspection,manual_assembly,1,2,"{""buffer_de_entrada"": 0, ""manual_assembly(in process)"": 1, ""transport_1(in process)"": 0, ""shared"": 0}","{""starved"": 1}",0,0,0,"{""manual_assembly"": {""blocked"": 1}, ""selective_soldering"": {""starved"": 1}, ""inspection"": {""waiting_resource"": 1}}",2
11680.0,03:14:40.000,inspection,NO_FEEDER_WAITING,feed WIP 0 < target but no feeder task waiting -> non-feeder task,inspection,transport_1,0,2,"{""buffer_de_entrada"": 0, ""manual_assembly(in process)"": 0, ""transport_1(in process)"": 0, ""shared"": 0}","{""busy"": 1}",0,0,0,"{""manual_assembly"": {""waiting_resource"": 1}, ""selective_soldering"": {""busy"": 1}, ""inspection"": {""waiting_resource"": 1}}",2
11744.166667,03:15:44.167,manual_assembly,WIP_BELOW_TARGET,feed WIP 0 < target 2 -> feeder task (keep 'selective_soldering' fed),manual_assembly|inspection,inspection,0,2,"{""buffer_de_entrada"": 0, ""manual_assembly(in process)"": 0, ""transport_1(in process)"": 0, ""shared"": 0}","{""starved"": 1}",0,0,0,"{""manual_assembly"": {""waiting_resource"": 1}, ""selective_soldering"": {""starved"": 1}, ""inspection"": {""waiting_resource"": 1}}",2
11876.666667,03:17:56.667,transport_1,WIP_BELOW_TARGET,feed WIP 1 < target 2 -> feeder task (keep 'selective_soldering' fed),transport_1|inspection,manual_assembly,1,2,"{""buffer_de_entrada"": 0, ""manual_assembly(in process)"": 1, ""transport_1(in process)"": 0, ""shared"": 0}","{""starved"": 1}",0,0,0,"{""manual_assembly"": {""blocked"": 1}, ""selective_soldering"": {""starved"": 1}, ""inspection"": {""waiting_resource"": 1}}",2
11895.0,03:18:15.000,inspection,NO_FEEDER_WAITING,feed WIP 0 < target but no feeder task waiting -> non-feeder task,inspection,transport_1,0,2,"{""buffer_de_entrada"": 0, ""manual_assembly(in process)"": 0, ""transport_1(in process)"": 0, ""shared"": 0}","{""busy"": 1}",0,0,0,"{""manual_assembly"": {""waiting_resource"": 1}, ""selective_soldering"": {""busy"": 1}, ""inspection"": {""waiting_resource"": 1}}",2
11959.166667,03:19:19.167,manual_assembly,WIP_BELOW_TARGET,feed WIP 0 < target 2 -> feeder task (keep 'selective_soldering' fed),manual_assembly|inspection,inspection,0,2,"{""buffer_de_entrada"": 0, ""manual_assembly(in process)"": 0, ""transport_1(in process)"": 0, ""shared"": 0}","{""starved"": 1}",0,0,0,"{""manual_assembly"": {""waiting_resource"": 1}, ""selective_soldering"": {""starved"": 1}, ""inspection"": {""waiting_resource"": 1}}",2
12091.666667,03:21:31.667,transport_1,WIP_BELOW_TARGET,feed WIP 1 < target 2 -> feeder task (keep 'selective_soldering' fed),transport_1|inspection,manual_assembly,1,2,"{""buffer_de_entrada"": 0, ""manual_assembly(in process)"": 1, ""transport_1(in process)"": 0, ""shared"": 0}","{""starved"": 1}",0,0,0,"{""manual_assembly"": {""blocked"": 1}, ""selective_soldering"": {""starved"": 1}, ""inspection"": {""waiting_resource"": 1}}",2
12110.0,03:21:50.000,inspection,NO_FEEDER_WAITING,feed WIP 0 < target but no feeder task waiting -> non-feeder task,inspection,transport_1,0,2,"{""buffer_de_entrada"": 0, ""manual_assembly(in process)"": 0, ""transport_1(in process)"": 0, ""shared"": 0}","{""busy"": 1}",0,0,0,"{""manual_assembly"": {""waiting_resource"": 1}, ""selective_soldering"": {""busy"": 1}, ""inspection"": {""waiting_resource"": 1}}",2
12174.166667,03:22:54.167,manual_assembly,WIP_BELOW_TARGET,feed WIP 0 < target 2 -> feeder task (keep 'selective_soldering' fed),manual_assembly|inspection,inspection,0,2,"{""buffer_de_entrada"": 0, ""manual_assembly(in process)"": 0, ""transport_1(in process)"": 0, ""shared"": 0}","{""starved"": 1}",0,0,0,"{""manual_assembly"": {""waiting_resource"": 1}, ""selective_soldering"": {""starved"": 1}, ""inspection"": {""waiting_resource"": 1}}",2
12306.666667,03:25:06.667,transport_1,WIP_BELOW_TARGET,feed WIP 1 < target 2 -> feeder task (keep 'selective_soldering' fed),transport_1|inspection,manual_assembly,1,2,"{""buffer_de_entrada"": 0, ""manual_assembly(in process)"": 1, ""transport_1(in process)"": 0, ""shared"": 0}","{""starved"": 1}",0,0,0,"{""manual_assembly"": {""blocked"": 1}, ""selective_soldering"": {""starved"": 1}, ""inspection"": {""waiting_resource"": 1}}",2
12325.0,03:25:25.000,inspection,NO_FEEDER_WAITING,feed WIP 0 < target but no feeder task waiting -> non-feeder task,inspection,transport_1,0,2,"{""buffer_de_entrada"": 0, ""manual_assembly(in process)"": 0, ""transport_1(in process)"": 0, ""shared"": 0}","{""busy"": 1}",0,0,0,"{""manual_assembly"": {""waiting_resource"": 1}, ""selective_soldering"": {""busy"": 1}, ""inspection"": {""waiting_resource"": 1}}",2
12389.166667,03:26:29.167,manual_assembly,WIP_BELOW_TARGET,feed WIP 0 < target 2 -> feeder task (keep 'selective_soldering' fed),manual_assembly|inspection,inspection,0,2,"{""buffer_de_entrada"": 0, ""manual_assembly(in process)"": 0, ""transport_1(in process)"": 0, ""shared"": 0}","{""starved"": 1}",0,0,0,"{""manual_assembly"": {""waiting_resource"": 1}, ""selective_soldering"": {""starved"": 1}, ""inspection"": {""waiting_resource"": 1}}",2
12521.666667,03:28:41.667,transport_1,WIP_BELOW_TARGET,feed WIP 1 < target 2 -> feeder task (keep 'selective_soldering' fed),transport_1|inspection,manual_assembly,1,2,"{""buffer_de_entrada"": 0, ""manual_assembly(in process)"": 1, ""transport_1(in process)"": 0, ""shared"": 0}","{""starved"": 1}",0,0,0,"{""manual_assembly"": {""blocked"": 1}, ""selective_soldering"": {""starved"": 1}, ""inspection"": {""waiting_resource"": 1}}",2
12540.0,03:29:00.000,inspection,NO_FEEDER_WAITING,feed WIP 0 < target but no feeder task waiting -> non-feeder task,inspection,transport_1,0,2,"{""buffer_de_entrada"": 0, ""manual_assembly(in process)"": 0, ""transport_1(in process)"": 0, ""shared"": 0}","{""busy"": 1}",0,0,0,"{""manual_assembly"": {""waiting_resource"": 1}, ""selective_soldering"": {""busy"": 1}, ""inspection"": {""waiting_resource"": 1}}",2
12604.166667,03:30:04.167,manual_assembly,WIP_BELOW_TARGET,feed WIP 0 < target 2 -> feeder task (keep 'selective_soldering' fed),manual_assembly|inspection,inspection,0,2,"{""buffer_de_entrada"": 0, ""manual_assembly(in process)"": 0, ""transport_1(in process)"": 0, ""shared"": 0}","{""starved"": 1}",0,0,0,"{""manual_assembly"": {""waiting_resource"": 1}, ""selective_soldering"": {""starved"": 1}, ""inspection"": {""waiting_resource"": 1}}",2
12736.666667,03:32:16.667,transport_1,WIP_BELOW_TARGET,feed WIP 1 < target 2 -> feeder task (keep 'selective_soldering' fed),transport_1|inspection,manual_assembly,1,2,"{""buffer_de_entrada"": 0, ""manual_assembly(in process)"": 1, ""transport_1(in process)"": 0, ""shared"": 0}","{""starved"": 1}",0,0,0,"{""manual_assembly"": {""blocked"": 1}, ""selective_soldering"": {""starved"": 1}, ""inspection"": {""waiting_resource"": 1}}",2
12755.0,03:32:35.000,inspection,NO_FEEDER_WAITING,feed WIP 0 < target but no feeder task waiting -> non-feeder task,inspection,transport_1,0,2,"{""buffer_de_entrada"": 0, ""manual_assembly(in process)"": 0, ""transport_1(in process)"": 0, ""shared"": 0}","{""busy"": 1}",0,0,0,"{""manual_assembly"": {""waiting_resource"": 1}, ""selective_soldering"": {""busy"": 1}, ""inspection"": {""waiting_resource"": 1}}",2
12819.166667,03:33:39.167,manual_assembly,WIP_BELOW_TARGET,feed WIP 0 < target 2 -> feeder task (keep 'selective_soldering' fed),manual_assembly|inspection,inspection,0,2,"{""buffer_de_entrada"": 0, ""manual_assembly(in process)"": 0, ""transport_1(in process)"": 0, ""shared"": 0}","{""starved"": 1}",0,0,0,"{""manual_assembly"": {""waiting_resource"": 1}, ""selective_soldering"": {""starved"": 1}, ""inspection"": {""waiting_resource"": 1}}",2
12951.666667,03:35:51.667,transport_1,WIP_BELOW_TARGET,feed WIP 1 < target 2 -> feeder task (keep 'selective_soldering' fed),transport_1|inspection,manual_assembly,1,2,"{""buffer_de_entrada"": 0, ""manual_assembly(in process)"": 1, ""transport_1(in process)"": 0, ""shared"": 0}","{""starved"": 1}",0,0,0,"{""manual_assembly"": {""blocked"": 1}, ""selective_soldering"": {""starved"": 1}, ""inspection"": {""waiting_resource"": 1}}",2
12970.0,03:36:10.000,inspection,NO_FEEDER_WAITING,feed WIP 0 < target but no feeder task waiting -> non-feeder task,inspection,transport_1,0,2,"{""buffer_de_entrada"": 0, ""manual_assembly(in process)"": 0, ""transport_1(in process)"": 0, ""shared"": 0}","{""busy"": 1}",0,0,0,"{""manual_assembly"": {""waiting_resource"": 1}, ""selective_soldering"": {""busy"": 1}, ""inspection"": {""waiting_resource"": 1}}",2
13034.166667,03:37:14.167,manual_assembly,WIP_BELOW_TARGET,feed WIP 0 < target 2 -> feeder task (keep 'selective_soldering' fed),manual_assembly|inspection,inspection,0,2,"{""buffer_de_entrada"": 0, ""manual_assembly(in process)"": 0, ""transport_1(in process)"": 0, ""shared"": 0}","{""starved"": 1}",0,0,0,"{""manual_assembly"": {""waiting_resource"": 1}, ""selective_soldering"": {""starved"": 1}, ""inspection"": {""waiting_resource"": 1}}",2
13166.666667,03:39:26.667,transport_1,WIP_BELOW_TARGET,feed WIP 1 < target 2 -> feeder task (keep 'selective_soldering' fed),transport_1|inspection,manual_assembly,1,2,"{""buffer_de_entrada"": 0, ""manual_assembly(in process)"": 1, ""transport_1(in process)"": 0, ""shared"": 0}","{""starved"": 1}",0,0,0,"{""manual_assembly"": {""blocked"": 1}, ""selective_soldering"": {""starved"": 1}, ""inspection"": {""waiting_resource"": 1}}",2
13185.0,03:39:45.000,inspection,NO_FEEDER_WAITING,feed WIP 0 < target but no feeder task waiting -> non-feeder task,inspection,transport_1,0,2,"{""buffer_de_entrada"": 0, ""manual_assembly(in process)"": 0, ""transport_1(in process)"": 0, ""shared"": 0}","{""busy"": 1}",0,0,0,"{""manual_assembly"": {""waiting_resource"": 1}, ""selective_soldering"": {""busy"": 1}, ""inspection"": {""waiting_resource"": 1}}",2
13249.166667,03:40:49.167,manual_assembly,WIP_BELOW_TARGET,feed WIP 0 < target 2 -> feeder task (keep 'selective_soldering' fed),manual_assembly|inspection,inspection,0,2,"{""buffer_de_entrada"": 0, ""manual_assembly(in process)"": 0, ""transport_1(in process)"": 0, ""shared"": 0}","{""starved"": 1}",0,0,0,"{""manual_assembly"": {""waiting_resource"": 1}, ""selective_soldering"": {""starved"": 1}, ""inspection"": {""waiting_resource"": 1}}",2
13381.666667,03:43:01.667,transport_1,WIP_BELOW_TARGET,feed WIP 1 < target 2 -> feeder task (keep 'selective_soldering' fed),transport_1|inspection,manual_assembly,1,2,"{""buffer_de_entrada"": 0, ""manual_assembly(in process)"": 1, ""transport_1(in process)"": 0, ""shared"": 0}","{""starved"": 1}",0,0,0,"{""manual_assembly"": {""blocked"": 1}, ""selective_soldering"": {""starved"": 1}, ""inspection"": {""waiting_resource"": 1}}",2
13400.0,03:43:20.000,inspection,NO_FEEDER_WAITING,feed WIP 0 < target but no feeder task waiting -> non-feeder task,inspection,transport_1,0,2,"{""buffer_de_entrada"": 0, ""manual_assembly(in process)"": 0, ""transport_1(in process)"": 0, ""shared"": 0}","{""busy"": 1}",0,0,0,"{""manual_assembly"": {""waiting_resource"": 1}, ""selective_soldering"": {""busy"": 1}, ""inspection"": {""waiting_resource"": 1}}",2
13464.166667,03:44:24.167,manual_assembly,WIP_BELOW_TARGET,feed WIP 0 < target 2 -> feeder task (keep 'selective_soldering' fed),manual_assembly|inspection,inspection,0,2,"{""buffer_de_entrada"": 0, ""manual_assembly(in process)"": 0, ""transport_1(in process)"": 0, ""shared"": 0}","{""starved"": 1}",0,0,0,"{""manual_assembly"": {""waiting_resource"": 1}, ""selective_soldering"": {""starved"": 1}, ""inspection"": {""waiting_resource"": 1}}",2
13596.666667,03:46:36.667,transport_1,WIP_BELOW_TARGET,feed WIP 1 < target 2 -> feeder task (keep 'selective_soldering' fed),transport_1|inspection,manual_assembly,1,2,"{""buffer_de_entrada"": 0, ""manual_assembly(in process)"": 1, ""transport_1(in process)"": 0, ""shared"": 0}","{""starved"": 1}",0,0,0,"{""manual_assembly"": {""blocked"": 1}, ""selective_soldering"": {""starved"": 1}, ""inspection"": {""waiting_resource"": 1}}",2
13615.0,03:46:55.000,inspection,NO_FEEDER_WAITING,feed WIP 0 < target but no feeder task waiting -> non-feeder task,inspection,transport_1,0,2,"{""buffer_de_entrada"": 0, ""manual_assembly(in process)"": 0, ""transport_1(in process)"": 0, ""shared"": 0}","{""busy"": 1}",0,0,0,"{""manual_assembly"": {""waiting_resource"": 1}, ""selective_soldering"": {""busy"": 1}, ""inspection"": {""waiting_resource"": 1}}",2
13679.166667,03:47:59.167,manual_assembly,WIP_BELOW_TARGET,feed WIP 0 < target 2 -> feeder task (keep 'selective_soldering' fed),manual_assembly|inspection,inspection,0,2,"{""buffer_de_entrada"": 0, ""manual_assembly(in process)"": 0, ""transport_1(in process)"": 0, ""shared"": 0}","{""starved"": 1}",0,0,0,"{""manual_assembly"": {""waiting_resource"": 1}, ""selective_soldering"": {""starved"": 1}, ""inspection"": {""waiting_resource"": 1}}",2
13811.666667,03:50:11.667,transport_1,WIP_BELOW_TARGET,feed WIP 1 < target 2 -> feeder task (keep 'selective_soldering' fed),transport_1|inspection,manual_assembly,1,2,"{""buffer_de_entrada"": 0, ""manual_assembly(in process)"": 1, ""transport_1(in process)"": 0, ""shared"": 0}","{""starved"": 1}",0,0,0,"{""manual_assembly"": {""blocked"": 1}, ""selective_soldering"": {""starved"": 1}, ""inspection"": {""waiting_resource"": 1}}",2
13830.0,03:50:30.000,inspection,NO_FEEDER_WAITING,feed WIP 0 < target but no feeder task waiting -> non-feeder task,inspection,transport_1,0,2,"{""buffer_de_entrada"": 0, ""manual_assembly(in process)"": 0, ""transport_1(in process)"": 0, ""shared"": 0}","{""busy"": 1}",0,0,0,"{""manual_assembly"": {""waiting_resource"": 1}, ""selective_soldering"": {""busy"": 1}, ""inspection"": {""waiting_resource"": 1}}",2
13894.166667,03:51:34.167,manual_assembly,WIP_BELOW_TARGET,feed WIP 0 < target 2 -> feeder task (keep 'selective_soldering' fed),manual_assembly|inspection,inspection,0,2,"{""buffer_de_entrada"": 0, ""manual_assembly(in process)"": 0, ""transport_1(in process)"": 0, ""shared"": 0}","{""starved"": 1}",0,0,0,"{""manual_assembly"": {""waiting_resource"": 1}, ""selective_soldering"": {""starved"": 1}, ""inspection"": {""waiting_resource"": 1}}",2
14026.666667,03:53:46.667,transport_1,WIP_BELOW_TARGET,feed WIP 1 < target 2 -> feeder task (keep 'selective_soldering' fed),transport_1|inspection,manual_assembly,1,2,"{""buffer_de_entrada"": 0, ""manual_assembly(in process)"": 1, ""transport_1(in process)"": 0, ""shared"": 0}","{""starved"": 1}",0,0,0,"{""manual_assembly"": {""blocked"": 1}, ""selective_soldering"": {""starved"": 1}, ""inspection"": {""waiting_resource"": 1}}",2
14045.0,03:54:05.000,inspection,NO_FEEDER_WAITING,feed WIP 0 < target but no feeder task waiting -> non-feeder task,inspection,transport_1,0,2,"{""buffer_de_entrada"": 0, ""manual_assembly(in process)"": 0, ""transport_1(in process)"": 0, ""shared"": 0}","{""busy"": 1}",0,0,0,"{""manual_assembly"": {""waiting_resource"": 1}, ""selective_soldering"": {""busy"": 1}, ""inspection"": {""waiting_resource"": 1}}",2
14109.166667,03:55:09.167,manual_assembly,WIP_BELOW_TARGET,feed WIP 0 < target 2 -> feeder task (keep 'selective_soldering' fed),manual_assembly|inspection,inspection,0,2,"{""buffer_de_entrada"": 0, ""manual_assembly(in process)"": 0, ""transport_1(in process)"": 0, ""shared"": 0}","{""starved"": 1}",0,0,0,"{""manual_assembly"": {""waiting_resource"": 1}, ""selective_soldering"": {""starved"": 1}, ""inspection"": {""waiting_resource"": 1}}",2
14241.666667,03:57:21.667,transport_1,WIP_BELOW_TARGET,feed WIP 1 < target 2 -> feeder task (keep 'selective_soldering' fed),transport_1|inspection,manual_assembly,1,2,"{""buffer_de_entrada"": 0, ""manual_assembly(in process)"": 1, ""transport_1(in process)"": 0, ""shared"": 0}","{""starved"": 1}",0,0,0,"{""manual_assembly"": {""blocked"": 1}, ""selective_soldering"": {""starved"": 1}, ""inspection"": {""waiting_resource"": 1}}",2
14260.0,03:57:40.000,inspection,NO_FEEDER_WAITING,feed WIP 0 < target but no feeder task waiting -> non-feeder task,inspection,transport_1,0,2,"{""buffer_de_entrada"": 0, ""manual_assembly(in process)"": 0, ""transport_1(in process)"": 0, ""shared"": 0}","{""busy"": 1}",0,0,0,"{""manual_assembly"": {""waiting_resource"": 1}, ""selective_soldering"": {""busy"": 1}, ""inspection"": {""waiting_resource"": 1}}",2
14324.166667,03:58:44.167,manual_assembly,WIP_BELOW_TARGET,feed WIP 0 < target 2 -> feeder task (keep 'selective_soldering' fed),manual_assembly|inspection,inspection,0,2,"{""buffer_de_entrada"": 0, ""manual_assembly(in process)"": 0, ""transport_1(in process)"": 0, ""shared"": 0}","{""starved"": 1}",0,0,0,"{""manual_assembly"": {""waiting_resource"": 1}, ""selective_soldering"": {""starved"": 1}, ""inspection"": {""waiting_resource"": 1}}",2
14456.666667,04:00:56.667,transport_1,WIP_BELOW_TARGET,feed WIP 1 < target 2 -> feeder task (keep 'selective_soldering' fed),transport_1|inspection,manual_assembly,1,2,"{""buffer_de_entrada"": 0, ""manual_assembly(in process)"": 1, ""transport_1(in process)"": 0, ""shared"": 0}","{""starved"": 1}",0,0,0,"{""manual_assembly"": {""blocked"": 1}, ""selective_soldering"": {""starved"": 1}, ""inspection"": {""waiting_resource"": 1}}",2
14475.0,04:01:15.000,inspection,NO_FEEDER_WAITING,feed WIP 0 < target but no feeder task waiting -> non-feeder task,inspection,transport_1,0,2,"{""buffer_de_entrada"": 0, ""manual_assembly(in process)"": 0, ""transport_1(in process)"": 0, ""shared"": 0}","{""busy"": 1}",0,0,0,"{""manual_assembly"": {""waiting_resource"": 1}, ""selective_soldering"": {""busy"": 1}, ""inspection"": {""waiting_resource"": 1}}",2
14539.166667,04:02:19.167,manual_assembly,WIP_BELOW_TARGET,feed WIP 0 < target 2 -> feeder task (keep 'selective_soldering' fed),manual_assembly|inspection,inspection,0,2,"{""buffer_de_entrada"": 0, ""manual_assembly(in process)"": 0, ""transport_1(in process)"": 0, ""shared"": 0}","{""starved"": 1}",0,0,0,"{""manual_assembly"": {""waiting_resource"": 1}, ""selective_soldering"": {""starved"": 1}, ""inspection"": {""waiting_resource"": 1}}",2
14671.666667,04:04:31.667,transport_1,WIP_BELOW_TARGET,feed WIP 1 < target 2 -> feeder task (keep 'selective_soldering' fed),transport_1|inspection,manual_assembly,1,2,"{""buffer_de_entrada"": 0, ""manual_assembly(in process)"": 1, ""transport_1(in process)"": 0, ""shared"": 0}","{""starved"": 1}",0,0,0,"{""manual_assembly"": {""blocked"": 1}, ""selective_soldering"": {""starved"": 1}, ""inspection"": {""waiting_resource"": 1}}",2
14690.0,04:04:50.000,inspection,NO_FEEDER_WAITING,feed WIP 0 < target but no feeder task waiting -> non-feeder task,inspection,transport_1,0,2,"{""buffer_de_entrada"": 0, ""manual_assembly(in process)"": 0, ""transport_1(in process)"": 0, ""shared"": 0}","{""busy"": 1}",0,0,0,"{""manual_assembly"": {""waiting_resource"": 1}, ""selective_soldering"": {""busy"": 1}, ""inspection"": {""waiting_resource"": 1}}",2
14754.166667,04:05:54.167,manual_assembly,WIP_BELOW_TARGET,feed WIP 0 < target 2 -> feeder task (keep 'selective_soldering' fed),manual_assembly|inspection,inspection,0,2,"{""buffer_de_entrada"": 0, ""manual_assembly(in process)"": 0, ""transport_1(in process)"": 0, ""shared"": 0}","{""starved"": 1}",0,0,0,"{""manual_assembly"": {""waiting_resource"": 1}, ""selective_soldering"": {""starved"": 1}, ""inspection"": {""waiting_resource"": 1}}",2
14886.666667,04:08:06.667,transport_1,WIP_BELOW_TARGET,feed WIP 1 < target 2 -> feeder task (keep 'selective_soldering' fed),transport_1|inspection,manual_assembly,1,2,"{""buffer_de_entrada"": 0, ""manual_assembly(in process)"": 1, ""transport_1(in process)"": 0, ""shared"": 0}","{""starved"": 1}",0,0,0,"{""manual_assembly"": {""blocked"": 1}, ""selective_soldering"": {""starved"": 1}, ""inspection"": {""waiting_resource"": 1}}",2
14905.0,04:08:25.000,inspection,NO_FEEDER_WAITING,feed WIP 0 < target but no feeder task waiting -> non-feeder task,inspection,transport_1,0,2,"{""buffer_de_entrada"": 0, ""manual_assembly(in process)"": 0, ""transport_1(in process)"": 0, ""shared"": 0}","{""busy"": 1}",0,0,0,"{""manual_assembly"": {""waiting_resource"": 1}, ""selective_soldering"": {""busy"": 1}, ""inspection"": {""waiting_resource"": 1}}",2
14969.166667,04:09:29.167,manual_assembly,WIP_BELOW_TARGET,feed WIP 0 < target 2 -> feeder task (keep 'selective_soldering' fed),manual_assembly|inspection,inspection,0,2,"{""buffer_de_entrada"": 0, ""manual_assembly(in process)"": 0, ""transport_1(in process)"": 0, ""shared"": 0}","{""starved"": 1}",0,0,0,"{""manual_assembly"": {""waiting_resource"": 1}, ""selective_soldering"": {""starved"": 1}, ""inspection"": {""waiting_resource"": 1}}",2
15101.666667,04:11:41.667,transport_1,WIP_BELOW_TARGET,feed WIP 1 < target 2 -> feeder task (keep 'selective_soldering' fed),transport_1|inspection,manual_assembly,1,2,"{""buffer_de_entrada"": 0, ""manual_assembly(in process)"": 1, ""transport_1(in process)"": 0, ""shared"": 0}","{""starved"": 1}",0,0,0,"{""manual_assembly"": {""blocked"": 1}, ""selective_soldering"": {""starved"": 1}, ""inspection"": {""waiting_resource"": 1}}",2
15120.0,04:12:00.000,inspection,NO_FEEDER_WAITING,feed WIP 0 < target but no feeder task waiting -> non-feeder task,inspection,transport_1,0,2,"{""buffer_de_entrada"": 0, ""manual_assembly(in process)"": 0, ""transport_1(in process)"": 0, ""shared"": 0}","{""busy"": 1}",0,0,0,"{""manual_assembly"": {""waiting_resource"": 1}, ""selective_soldering"": {""busy"": 1}, ""inspection"": {""waiting_resource"": 1}}",2
15184.166667,04:13:04.167,manual_assembly,WIP_BELOW_TARGET,feed WIP 0 < target 2 -> feeder task (keep 'selective_soldering' fed),manual_assembly|inspection,inspection,0,2,"{""buffer_de_entrada"": 0, ""manual_assembly(in process)"": 0, ""transport_1(in process)"": 0, ""shared"": 0}","{""starved"": 1}",0,0,0,"{""manual_assembly"": {""waiting_resource"": 1}, ""selective_soldering"": {""starved"": 1}, ""inspection"": {""waiting_resource"": 1}}",2
15316.666667,04:15:16.667,transport_1,WIP_BELOW_TARGET,feed WIP 1 < target 2 -> feeder task (keep 'selective_soldering' fed),transport_1|inspection,manual_assembly,1,2,"{""buffer_de_entrada"": 0, ""manual_assembly(in process)"": 1, ""transport_1(in process)"": 0, ""shared"": 0}","{""starved"": 1}",0,0,0,"{""manual_assembly"": {""blocked"": 1}, ""selective_soldering"": {""starved"": 1}, ""inspection"": {""waiting_resource"": 1}}",2
15335.0,04:15:35.000,inspection,NO_FEEDER_WAITING,feed WIP 0 < target but no feeder task waiting -> non-feeder task,inspection,transport_1,0,2,"{""buffer_de_entrada"": 0, ""manual_assembly(in process)"": 0, ""transport_1(in process)"": 0, ""shared"": 0}","{""busy"": 1}",0,0,0,"{""manual_assembly"": {""waiting_resource"": 1}, ""selective_soldering"": {""busy"": 1}, ""inspection"": {""waiting_resource"": 1}}",2
15399.166667,04:16:39.167,manual_assembly,WIP_BELOW_TARGET,feed WIP 0 < target 2 -> feeder task (keep 'selective_soldering' fed),manual_assembly|inspection,inspection,0,2,"{""buffer_de_entrada"": 0, ""manual_assembly(in process)"": 0, ""transport_1(in process)"": 0, ""shared"": 0}","{""starved"": 1}",0,0,0,"{""manual_assembly"": {""waiting_resource"": 1}, ""selective_soldering"": {""starved"": 1}, ""inspection"": {""waiting_resource"": 1}}",2
15531.666667,04:18:51.667,transport_1,WIP_BELOW_TARGET,feed WIP 1 < target 2 -> feeder task (keep 'selective_soldering' fed),transport_1|inspection,manual_assembly,1,2,"{""buffer_de_entrada"": 0, ""manual_assembly(in process)"": 1, ""transport_1(in process)"": 0, ""shared"": 0}","{""starved"": 1}",0,0,0,"{""manual_assembly"": {""blocked"": 1}, ""selective_soldering"": {""starved"": 1}, ""inspection"": {""waiting_resource"": 1}}",2
15550.0,04:19:10.000,inspection,NO_FEEDER_WAITING,feed WIP 0 < target but no feeder task waiting -> non-feeder task,inspection,transport_1,0,2,"{""buffer_de_entrada"": 0, ""manual_assembly(in process)"": 0, ""transport_1(in process)"": 0, ""shared"": 0}","{""busy"": 1}",0,0,0,"{""manual_assembly"": {""waiting_resource"": 1}, ""selective_soldering"": {""busy"": 1}, ""inspection"": {""waiting_resource"": 1}}",2
15614.166667,04:20:14.167,manual_assembly,WIP_BELOW_TARGET,feed WIP 0 < target 2 -> feeder task (keep 'selective_soldering' fed),manual_assembly|inspection,inspection,0,2,"{""buffer_de_entrada"": 0, ""manual_assembly(in process)"": 0, ""transport_1(in process)"": 0, ""shared"": 0}","{""starved"": 1}",0,0,0,"{""manual_assembly"": {""waiting_resource"": 1}, ""selective_soldering"": {""starved"": 1}, ""inspection"": {""waiting_resource"": 1}}",2
15746.666667,04:22:26.667,transport_1,WIP_BELOW_TARGET,feed WIP 1 < target 2 -> feeder task (keep 'selective_soldering' fed),transport_1|inspection,manual_assembly,1,2,"{""buffer_de_entrada"": 0, ""manual_assembly(in process)"": 1, ""transport_1(in process)"": 0, ""shared"": 0}","{""starved"": 1}",0,0,0,"{""manual_assembly"": {""blocked"": 1}, ""selective_soldering"": {""starved"": 1}, ""inspection"": {""waiting_resource"": 1}}",2
15765.0,04:22:45.000,inspection,NO_FEEDER_WAITING,feed WIP 0 < target but no feeder task waiting -> non-feeder task,inspection,transport_1,0,2,"{""buffer_de_entrada"": 0, ""manual_assembly(in process)"": 0, ""transport_1(in process)"": 0, ""shared"": 0}","{""busy"": 1}",0,0,0,"{""manual_assembly"": {""waiting_resource"": 1}, ""selective_soldering"": {""busy"": 1}, ""inspection"": {""waiting_resource"": 1}}",2
15829.166667,04:23:49.167,manual_assembly,WIP_BELOW_TARGET,feed WIP 0 < target 2 -> feeder task (keep 'selective_soldering' fed),manual_assembly|inspection,inspection,0,2,"{""buffer_de_entrada"": 0, ""manual_assembly(in process)"": 0, ""transport_1(in process)"": 0, ""shared"": 0}","{""starved"": 1}",0,0,0,"{""manual_assembly"": {""waiting_resource"": 1}, ""selective_soldering"": {""starved"": 1}, ""inspection"": {""waiting_resource"": 1}}",2
15961.666667,04:26:01.667,transport_1,WIP_BELOW_TARGET,feed WIP 1 < target 2 -> feeder task (keep 'selective_soldering' fed),transport_1|inspection,manual_assembly,1,2,"{""buffer_de_entrada"": 0, ""manual_assembly(in process)"": 1, ""transport_1(in process)"": 0, ""shared"": 0}","{""starved"": 1}",0,0,0,"{""manual_assembly"": {""blocked"": 1}, ""selective_soldering"": {""starved"": 1}, ""inspection"": {""waiting_resource"": 1}}",2
15980.0,04:26:20.000,inspection,NO_FEEDER_WAITING,feed WIP 0 < target but no feeder task waiting -> non-feeder task,inspection,transport_1,0,2,"{""buffer_de_entrada"": 0, ""manual_assembly(in process)"": 0, ""transport_1(in process)"": 0, ""shared"": 0}","{""busy"": 1}",0,0,0,"{""manual_assembly"": {""waiting_resource"": 1}, ""selective_soldering"": {""busy"": 1}, ""inspection"": {""waiting_resource"": 1}}",2
16044.166667,04:27:24.167,manual_assembly,WIP_BELOW_TARGET,feed WIP 0 < target 2 -> feeder task (keep 'selective_soldering' fed),manual_assembly|inspection,inspection,0,2,"{""buffer_de_entrada"": 0, ""manual_assembly(in process)"": 0, ""transport_1(in process)"": 0, ""shared"": 0}","{""starved"": 1}",0,0,0,"{""manual_assembly"": {""waiting_resource"": 1}, ""selective_soldering"": {""starved"": 1}, ""inspection"": {""waiting_resource"": 1}}",2
16176.666667,04:29:36.667,transport_1,WIP_BELOW_TARGET,feed WIP 1 < target 2 -> feeder task (keep 'selective_soldering' fed),transport_1|inspection,manual_assembly,1,2,"{""buffer_de_entrada"": 0, ""manual_assembly(in process)"": 1, ""transport_1(in process)"": 0, ""shared"": 0}","{""starved"": 1}",0,0,0,"{""manual_assembly"": {""blocked"": 1}, ""selective_soldering"": {""starved"": 1}, ""inspection"": {""waiting_resource"": 1}}",2
16195.0,04:29:55.000,inspection,NO_FEEDER_WAITING,feed WIP 0 < target but no feeder task waiting -> non-feeder task,inspection,transport_1,0,2,"{""buffer_de_entrada"": 0, ""manual_assembly(in process)"": 0, ""transport_1(in process)"": 0, ""shared"": 0}","{""busy"": 1}",0,0,0,"{""manual_assembly"": {""waiting_resource"": 1}, ""selective_soldering"": {""busy"": 1}, ""inspection"": {""waiting_resource"": 1}}",2
16259.166667,04:30:59.167,manual_assembly,WIP_BELOW_TARGET,feed WIP 0 < target 2 -> feeder task (keep 'selective_soldering' fed),manual_assembly|inspection,inspection,0,2,"{""buffer_de_entrada"": 0, ""manual_assembly(in process)"": 0, ""transport_1(in process)"": 0, ""shared"": 0}","{""starved"": 1}",0,0,0,"{""manual_assembly"": {""waiting_resource"": 1}, ""selective_soldering"": {""starved"": 1}, ""inspection"": {""waiting_resource"": 1}}",2
16391.666667,04:33:11.667,transport_1,WIP_BELOW_TARGET,feed WIP 1 < target 2 -> feeder task (keep 'selective_soldering' fed),transport_1|inspection,manual_assembly,1,2,"{""buffer_de_entrada"": 0, ""manual_assembly(in process)"": 1, ""transport_1(in process)"": 0, ""shared"": 0}","{""starved"": 1}",0,0,0,"{""manual_assembly"": {""blocked"": 1}, ""selective_soldering"": {""starved"": 1}, ""inspection"": {""waiting_resource"": 1}}",2
16410.0,04:33:30.000,inspection,NO_FEEDER_WAITING,feed WIP 0 < target but no feeder task waiting -> non-feeder task,inspection,transport_1,0,2,"{""buffer_de_entrada"": 0, ""manual_assembly(in process)"": 0, ""transport_1(in process)"": 0, ""shared"": 0}","{""busy"": 1}",0,0,0,"{""manual_assembly"": {""waiting_resource"": 1}, ""selective_soldering"": {""busy"": 1}, ""inspection"": {""waiting_resource"": 1}}",2
16474.166667,04:34:34.167,manual_assembly,WIP_BELOW_TARGET,feed WIP 0 < target 2 -> feeder task (keep 'selective_soldering' fed),manual_assembly|inspection,inspection,0,2,"{""buffer_de_entrada"": 0, ""manual_assembly(in process)"": 0, ""transport_1(in process)"": 0, ""shared"": 0}","{""starved"": 1}",0,0,0,"{""manual_assembly"": {""waiting_resource"": 1}, ""selective_soldering"": {""starved"": 1}, ""inspection"": {""waiting_resource"": 1}}",2
16606.666667,04:36:46.667,transport_1,WIP_BELOW_TARGET,feed WIP 1 < target 2 -> feeder task (keep 'selective_soldering' fed),transport_1|inspection,manual_assembly,1,2,"{""buffer_de_entrada"": 0, ""manual_assembly(in process)"": 1, ""transport_1(in process)"": 0, ""shared"": 0}","{""starved"": 1}",0,0,0,"{""manual_assembly"": {""blocked"": 1}, ""selective_soldering"": {""starved"": 1}, ""inspection"": {""waiting_resource"": 1}}",2
16625.0,04:37:05.000,inspection,NO_FEEDER_WAITING,feed WIP 0 < target but no feeder task waiting -> non-feeder task,inspection,transport_1,0,2,"{""buffer_de_entrada"": 0, ""manual_assembly(in process)"": 0, ""transport_1(in process)"": 0, ""shared"": 0}","{""busy"": 1}",0,0,0,"{""manual_assembly"": {""waiting_resource"": 1}, ""selective_soldering"": {""busy"": 1}, ""inspection"": {""waiting_resource"": 1}}",2
16689.166667,04:38:09.167,manual_assembly,WIP_BELOW_TARGET,feed WIP 0 < target 2 -> feeder task (keep 'selective_soldering' fed),manual_assembly|inspection,inspection,0,2,"{""buffer_de_entrada"": 0, ""manual_assembly(in process)"": 0, ""transport_1(in process)"": 0, ""shared"": 0}","{""starved"": 1}",0,0,0,"{""manual_assembly"": {""waiting_resource"": 1}, ""selective_soldering"": {""starved"": 1}, ""inspection"": {""waiting_resource"": 1}}",2
16821.666667,04:40:21.667,transport_1,WIP_BELOW_TARGET,feed WIP 1 < target 2 -> feeder task (keep 'selective_soldering' fed),transport_1|inspection,manual_assembly,1,2,"{""buffer_de_entrada"": 0, ""manual_assembly(in process)"": 1, ""transport_1(in process)"": 0, ""shared"": 0}","{""starved"": 1}",0,0,0,"{""manual_assembly"": {""blocked"": 1}, ""selective_soldering"": {""starved"": 1}, ""inspection"": {""waiting_resource"": 1}}",2
16840.0,04:40:40.000,inspection,NO_FEEDER_WAITING,feed WIP 0 < target but no feeder task waiting -> non-feeder task,inspection,transport_1,0,2,"{""buffer_de_entrada"": 0, ""manual_assembly(in process)"": 0, ""transport_1(in process)"": 0, ""shared"": 0}","{""busy"": 1}",0,0,0,"{""manual_assembly"": {""waiting_resource"": 1}, ""selective_soldering"": {""busy"": 1}, ""inspection"": {""waiting_resource"": 1}}",2
16904.166667,04:41:44.167,manual_assembly,WIP_BELOW_TARGET,feed WIP 0 < target 2 -> feeder task (keep 'selective_soldering' fed),manual_assembly|inspection,inspection,0,2,"{""buffer_de_entrada"": 0, ""manual_assembly(in process)"": 0, ""transport_1(in process)"": 0, ""shared"": 0}","{""starved"": 1}",0,0,0,"{""manual_assembly"": {""waiting_resource"": 1}, ""selective_soldering"": {""starved"": 1}, ""inspection"": {""waiting_resource"": 1}}",2
17036.666667,04:43:56.667,transport_1,WIP_BELOW_TARGET,feed WIP 1 < target 2 -> feeder task (keep 'selective_soldering' fed),transport_1|inspection,manual_assembly,1,2,"{""buffer_de_entrada"": 0, ""manual_assembly(in process)"": 1, ""transport_1(in process)"": 0, ""shared"": 0}","{""starved"": 1}",0,0,0,"{""manual_assembly"": {""blocked"": 1}, ""selective_soldering"": {""starved"": 1}, ""inspection"": {""waiting_resource"": 1}}",2
17055.0,04:44:15.000,inspection,NO_FEEDER_WAITING,feed WIP 0 < target but no feeder task waiting -> non-feeder task,inspection,transport_1,0,2,"{""buffer_de_entrada"": 0, ""manual_assembly(in process)"": 0, ""transport_1(in process)"": 0, ""shared"": 0}","{""busy"": 1}",0,0,0,"{""manual_assembly"": {""waiting_resource"": 1}, ""selective_soldering"": {""busy"": 1}, ""inspection"": {""waiting_resource"": 1}}",2
17119.166667,04:45:19.167,manual_assembly,WIP_BELOW_TARGET,feed WIP 0 < target 2 -> feeder task (keep 'selective_soldering' fed),manual_assembly|inspection,inspection,0,2,"{""buffer_de_entrada"": 0, ""manual_assembly(in process)"": 0, ""transport_1(in process)"": 0, ""shared"": 0}","{""starved"": 1}",0,0,0,"{""manual_assembly"": {""waiting_resource"": 1}, ""selective_soldering"": {""starved"": 1}, ""inspection"": {""waiting_resource"": 1}}",2
17251.666667,04:47:31.667,transport_1,WIP_BELOW_TARGET,feed WIP 1 < target 2 -> feeder task (keep 'selective_soldering' fed),transport_1|inspection,manual_assembly,1,2,"{""buffer_de_entrada"": 0, ""manual_assembly(in process)"": 1, ""transport_1(in process)"": 0, ""shared"": 0}","{""starved"": 1}",0,0,0,"{""manual_assembly"": {""blocked"": 1}, ""selective_soldering"": {""starved"": 1}, ""inspection"": {""waiting_resource"": 1}}",2
17270.0,04:47:50.000,inspection,NO_FEEDER_WAITING,feed WIP 0 < target but no feeder task waiting -> non-feeder task,inspection,transport_1,0,2,"{""buffer_de_entrada"": 0, ""manual_assembly(in process)"": 0, ""transport_1(in process)"": 0, ""shared"": 0}","{""busy"": 1}",0,0,0,"{""manual_assembly"": {""waiting_resource"": 1}, ""selective_soldering"": {""busy"": 1}, ""inspection"": {""waiting_resource"": 1}}",2
17334.166667,04:48:54.167,manual_assembly,WIP_BELOW_TARGET,feed WIP 0 < target 2 -> feeder task (keep 'selective_soldering' fed),manual_assembly|inspection,inspection,0,2,"{""buffer_de_entrada"": 0, ""manual_assembly(in process)"": 0, ""transport_1(in process)"": 0, ""shared"": 0}","{""starved"": 1}",0,0,0,"{""manual_assembly"": {""waiting_resource"": 1}, ""selective_soldering"": {""starved"": 1}, ""inspection"": {""waiting_resource"": 1}}",2
17466.666667,04:51:06.667,transport_1,WIP_BELOW_TARGET,feed WIP 1 < target 2 -> feeder task (keep 'selective_soldering' fed),transport_1|inspection,manual_assembly,1,2,"{""buffer_de_entrada"": 0, ""manual_assembly(in process)"": 1, ""transport_1(in process)"": 0, ""shared"": 0}","{""starved"": 1}",0,0,0,"{""manual_assembly"": {""blocked"": 1}, ""selective_soldering"": {""starved"": 1}, ""inspection"": {""waiting_resource"": 1}}",2
17485.0,04:51:25.000,inspection,NO_FEEDER_WAITING,feed WIP 0 < target but no feeder task waiting -> non-feeder task,inspection,transport_1,0,2,"{""buffer_de_entrada"": 0, ""manual_assembly(in process)"": 0, ""transport_1(in process)"": 0, ""shared"": 0}","{""busy"": 1}",0,0,0,"{""manual_assembly"": {""waiting_resource"": 1}, ""selective_soldering"": {""busy"": 1}, ""inspection"": {""waiting_resource"": 1}}",2
17549.166667,04:52:29.167,manual_assembly,WIP_BELOW_TARGET,feed WIP 0 < target 2 -> feeder task (keep 'selective_soldering' fed),manual_assembly|inspection,inspection,0,2,"{""buffer_de_entrada"": 0, ""manual_assembly(in process)"": 0, ""transport_1(in process)"": 0, ""shared"": 0}","{""starved"": 1}",0,0,0,"{""manual_assembly"": {""waiting_resource"": 1}, ""selective_soldering"": {""starved"": 1}, ""inspection"": {""waiting_resource"": 1}}",2
17681.666667,04:54:41.667,transport_1,WIP_BELOW_TARGET,feed WIP 1 < target 2 -> feeder task (keep 'selective_soldering' fed),transport_1|inspection,manual_assembly,1,2,"{""buffer_de_entrada"": 0, ""manual_assembly(in process)"": 1, ""transport_1(in process)"": 0, ""shared"": 0}","{""starved"": 1}",0,0,0,"{""manual_assembly"": {""blocked"": 1}, ""selective_soldering"": {""starved"": 1}, ""inspection"": {""waiting_resource"": 1}}",2
17700.0,04:55:00.000,inspection,NO_FEEDER_WAITING,feed WIP 0 < target but no feeder task waiting -> non-feeder task,inspection,transport_1,0,2,"{""buffer_de_entrada"": 0, ""manual_assembly(in process)"": 0, ""transport_1(in process)"": 0, ""shared"": 0}","{""busy"": 1}",0,0,0,"{""manual_assembly"": {""waiting_resource"": 1}, ""selective_soldering"": {""busy"": 1}, ""inspection"": {""waiting_resource"": 1}}",2
17764.166667,04:56:04.167,manual_assembly,WIP_BELOW_TARGET,feed WIP 0 < target 2 -> feeder task (keep 'selective_soldering' fed),manual_assembly|inspection,inspection,0,2,"{""buffer_de_entrada"": 0, ""manual_assembly(in process)"": 0, ""transport_1(in process)"": 0, ""shared"": 0}","{""starved"": 1}",0,0,0,"{""manual_assembly"": {""waiting_resource"": 1}, ""selective_soldering"": {""starved"": 1}, ""inspection"": {""waiting_resource"": 1}}",2
17896.666667,04:58:16.667,transport_1,WIP_BELOW_TARGET,feed WIP 1 < target 2 -> feeder task (keep 'selective_soldering' fed),transport_1|inspection,manual_assembly,1,2,"{""buffer_de_entrada"": 0, ""manual_assembly(in process)"": 1, ""transport_1(in process)"": 0, ""shared"": 0}","{""starved"": 1}",0,0,0,"{""manual_assembly"": {""blocked"": 1}, ""selective_soldering"": {""starved"": 1}, ""inspection"": {""waiting_resource"": 1}}",2
17915.0,04:58:35.000,inspection,NO_FEEDER_WAITING,feed WIP 0 < target but no feeder task waiting -> non-feeder task,inspection,transport_1,0,2,"{""buffer_de_entrada"": 0, ""manual_assembly(in process)"": 0, ""transport_1(in process)"": 0, ""shared"": 0}","{""busy"": 1}",0,0,0,"{""manual_assembly"": {""waiting_resource"": 1}, ""selective_soldering"": {""busy"": 1}, ""inspection"": {""waiting_resource"": 1}}",2
17979.166667,04:59:39.167,manual_assembly,WIP_BELOW_TARGET,feed WIP 0 < target 2 -> feeder task (keep 'selective_soldering' fed),manual_assembly|inspection,inspection,0,2,"{""buffer_de_entrada"": 0, ""manual_assembly(in process)"": 0, ""transport_1(in process)"": 0, ""shared"": 0}","{""starved"": 1}",0,0,0,"{""manual_assembly"": {""waiting_resource"": 1}, ""selective_soldering"": {""starved"": 1}, ""inspection"": {""waiting_resource"": 1}}",2
18111.666667,05:01:51.667,transport_1,WIP_BELOW_TARGET,feed WIP 1 < target 2 -> feeder task (keep 'selective_soldering' fed),transport_1|inspection,manual_assembly,1,2,"{""buffer_de_entrada"": 0, ""manual_assembly(in process)"": 1, ""transport_1(in process)"": 0, ""shared"": 0}","{""starved"": 1}",0,0,0,"{""manual_assembly"": {""blocked"": 1}, ""selective_soldering"": {""starved"": 1}, ""inspection"": {""waiting_resource"": 1}}",2
18130.0,05:02:10.000,inspection,NO_FEEDER_WAITING,feed WIP 0 < target but no feeder task waiting -> non-feeder task,inspection,transport_1,0,2,"{""buffer_de_entrada"": 0, ""manual_assembly(in process)"": 0, ""transport_1(in process)"": 0, ""shared"": 0}","{""busy"": 1}",0,0,0,"{""manual_assembly"": {""waiting_resource"": 1}, ""selective_soldering"": {""busy"": 1}, ""inspection"": {""waiting_resource"": 1}}",2
18194.166667,05:03:14.167,manual_assembly,WIP_BELOW_TARGET,feed WIP 0 < target 2 -> feeder task (keep 'selective_soldering' fed),manual_assembly|inspection,inspection,0,2,"{""buffer_de_entrada"": 0, ""manual_assembly(in process)"": 0, ""transport_1(in process)"": 0, ""shared"": 0}","{""starved"": 1}",0,0,0,"{""manual_assembly"": {""waiting_resource"": 1}, ""selective_soldering"": {""starved"": 1}, ""inspection"": {""waiting_resource"": 1}}",2
18326.666667,05:05:26.667,transport_1,WIP_BELOW_TARGET,feed WIP 1 < target 2 -> feeder task (keep 'selective_soldering' fed),transport_1|inspection,manual_assembly,1,2,"{""buffer_de_entrada"": 0, ""manual_assembly(in process)"": 1, ""transport_1(in process)"": 0, ""shared"": 0}","{""starved"": 1}",0,0,0,"{""manual_assembly"": {""blocked"": 1}, ""selective_soldering"": {""starved"": 1}, ""inspection"": {""waiting_resource"": 1}}",2
18345.0,05:05:45.000,inspection,NO_FEEDER_WAITING,feed WIP 0 < target but no feeder task waiting -> non-feeder task,inspection,transport_1,0,2,"{""buffer_de_entrada"": 0, ""manual_assembly(in process)"": 0, ""transport_1(in process)"": 0, ""shared"": 0}","{""busy"": 1}",0,0,0,"{""manual_assembly"": {""waiting_resource"": 1}, ""selective_soldering"": {""busy"": 1}, ""inspection"": {""waiting_resource"": 1}}",2
18409.166667,05:06:49.167,manual_assembly,WIP_BELOW_TARGET,feed WIP 0 < target 2 -> feeder task (keep 'selective_soldering' fed),manual_assembly|inspection,inspection,0,2,"{""buffer_de_entrada"": 0, ""manual_assembly(in process)"": 0, ""transport_1(in process)"": 0, ""shared"": 0}","{""starved"": 1}",0,0,0,"{""manual_assembly"": {""waiting_resource"": 1}, ""selective_soldering"": {""starved"": 1}, ""inspection"": {""waiting_resource"": 1}}",2
18541.666667,05:09:01.667,transport_1,WIP_BELOW_TARGET,feed WIP 1 < target 2 -> feeder task (keep 'selective_soldering' fed),transport_1|inspection,manual_assembly,1,2,"{""buffer_de_entrada"": 0, ""manual_assembly(in process)"": 1, ""transport_1(in process)"": 0, ""shared"": 0}","{""starved"": 1}",0,0,0,"{""manual_assembly"": {""blocked"": 1}, ""selective_soldering"": {""starved"": 1}, ""inspection"": {""waiting_resource"": 1}}",2
18560.0,05:09:20.000,inspection,NO_FEEDER_WAITING,feed WIP 0 < target but no feeder task waiting -> non-feeder task,inspection,transport_1,0,2,"{""buffer_de_entrada"": 0, ""manual_assembly(in process)"": 0, ""transport_1(in process)"": 0, ""shared"": 0}","{""busy"": 1}",0,0,0,"{""manual_assembly"": {""waiting_resource"": 1}, ""selective_soldering"": {""busy"": 1}, ""inspection"": {""waiting_resource"": 1}}",2
18624.166667,05:10:24.167,manual_assembly,WIP_BELOW_TARGET,feed WIP 0 < target 2 -> feeder task (keep 'selective_soldering' fed),manual_assembly|inspection,inspection,0,2,"{""buffer_de_entrada"": 0, ""manual_assembly(in process)"": 0, ""transport_1(in process)"": 0, ""shared"": 0}","{""starved"": 1}",0,0,0,"{""manual_assembly"": {""waiting_resource"": 1}, ""selective_soldering"": {""starved"": 1}, ""inspection"": {""waiting_resource"": 1}}",2
18756.666667,05:12:36.667,transport_1,WIP_BELOW_TARGET,feed WIP 1 < target 2 -> feeder task (keep 'selective_soldering' fed),transport_1|inspection,manual_assembly,1,2,"{""buffer_de_entrada"": 0, ""manual_assembly(in process)"": 1, ""transport_1(in process)"": 0, ""shared"": 0}","{""starved"": 1}",0,0,0,"{""manual_assembly"": {""blocked"": 1}, ""selective_soldering"": {""starved"": 1}, ""inspection"": {""waiting_resource"": 1}}",2
18775.0,05:12:55.000,inspection,NO_FEEDER_WAITING,feed WIP 0 < target but no feeder task waiting -> non-feeder task,inspection,transport_1,0,2,"{""buffer_de_entrada"": 0, ""manual_assembly(in process)"": 0, ""transport_1(in process)"": 0, ""shared"": 0}","{""busy"": 1}",0,0,0,"{""manual_assembly"": {""waiting_resource"": 1}, ""selective_soldering"": {""busy"": 1}, ""inspection"": {""waiting_resource"": 1}}",2
18839.166667,05:13:59.167,manual_assembly,WIP_BELOW_TARGET,feed WIP 0 < target 2 -> feeder task (keep 'selective_soldering' fed),manual_assembly|inspection,inspection,0,2,"{""buffer_de_entrada"": 0, ""manual_assembly(in process)"": 0, ""transport_1(in process)"": 0, ""shared"": 0}","{""starved"": 1}",0,0,0,"{""manual_assembly"": {""waiting_resource"": 1}, ""selective_soldering"": {""starved"": 1}, ""inspection"": {""waiting_resource"": 1}}",2
18971.666667,05:16:11.667,transport_1,WIP_BELOW_TARGET,feed WIP 1 < target 2 -> feeder task (keep 'selective_soldering' fed),transport_1|inspection,manual_assembly,1,2,"{""buffer_de_entrada"": 0, ""manual_assembly(in process)"": 1, ""transport_1(in process)"": 0, ""shared"": 0}","{""starved"": 1}",0,0,0,"{""manual_assembly"": {""blocked"": 1}, ""selective_soldering"": {""starved"": 1}, ""inspection"": {""waiting_resource"": 1}}",2
18990.0,05:16:30.000,inspection,NO_FEEDER_WAITING,feed WIP 0 < target but no feeder task waiting -> non-feeder task,inspection,transport_1,0,2,"{""buffer_de_entrada"": 0, ""manual_assembly(in process)"": 0, ""transport_1(in process)"": 0, ""shared"": 0}","{""busy"": 1}",0,0,0,"{""manual_assembly"": {""waiting_resource"": 1}, ""selective_soldering"": {""busy"": 1}, ""inspection"": {""waiting_resource"": 1}}",2
19054.166667,05:17:34.167,manual_assembly,WIP_BELOW_TARGET,feed WIP 0 < target 2 -> feeder task (keep 'selective_soldering' fed),manual_assembly|inspection,inspection,0,2,"{""buffer_de_entrada"": 0, ""manual_assembly(in process)"": 0, ""transport_1(in process)"": 0, ""shared"": 0}","{""starved"": 1}",0,0,0,"{""manual_assembly"": {""waiting_resource"": 1}, ""selective_soldering"": {""starved"": 1}, ""inspection"": {""waiting_resource"": 1}}",2
19186.666667,05:19:46.667,transport_1,WIP_BELOW_TARGET,feed WIP 1 < target 2 -> feeder task (keep 'selective_soldering' fed),transport_1|inspection,manual_assembly,1,2,"{""buffer_de_entrada"": 0, ""manual_assembly(in process)"": 1, ""transport_1(in process)"": 0, ""shared"": 0}","{""starved"": 1}",0,0,0,"{""manual_assembly"": {""blocked"": 1}, ""selective_soldering"": {""starved"": 1}, ""inspection"": {""waiting_resource"": 1}}",2
19205.0,05:20:05.000,inspection,NO_FEEDER_WAITING,feed WIP 0 < target but no feeder task waiting -> non-feeder task,inspection,transport_1,0,2,"{""buffer_de_entrada"": 0, ""manual_assembly(in process)"": 0, ""transport_1(in process)"": 0, ""shared"": 0}","{""busy"": 1}",0,0,0,"{""manual_assembly"": {""waiting_resource"": 1}, ""selective_soldering"": {""busy"": 1}, ""inspection"": {""waiting_resource"": 1}}",2
19269.166667,05:21:09.167,manual_assembly,WIP_BELOW_TARGET,feed WIP 0 < target 2 -> feeder task (keep 'selective_soldering' fed),manual_assembly|inspection,inspection,0,2,"{""buffer_de_entrada"": 0, ""manual_assembly(in process)"": 0, ""transport_1(in process)"": 0, ""shared"": 0}","{""starved"": 1}",0,0,0,"{""manual_assembly"": {""waiting_resource"": 1}, ""selective_soldering"": {""starved"": 1}, ""inspection"": {""waiting_resource"": 1}}",2
19401.666667,05:23:21.667,transport_1,WIP_BELOW_TARGET,feed WIP 1 < target 2 -> feeder task (keep 'selective_soldering' fed),transport_1|inspection,manual_assembly,1,2,"{""buffer_de_entrada"": 0, ""manual_assembly(in process)"": 1, ""transport_1(in process)"": 0, ""shared"": 0}","{""starved"": 1}",0,0,0,"{""manual_assembly"": {""blocked"": 1}, ""selective_soldering"": {""starved"": 1}, ""inspection"": {""waiting_resource"": 1}}",2
19420.0,05:23:40.000,inspection,NO_FEEDER_WAITING,feed WIP 0 < target but no feeder task waiting -> non-feeder task,inspection,transport_1,0,2,"{""buffer_de_entrada"": 0, ""manual_assembly(in process)"": 0, ""transport_1(in process)"": 0, ""shared"": 0}","{""busy"": 1}",0,0,0,"{""manual_assembly"": {""waiting_resource"": 1}, ""selective_soldering"": {""busy"": 1}, ""inspection"": {""waiting_resource"": 1}}",2
19484.166667,05:24:44.167,manual_assembly,WIP_BELOW_TARGET,feed WIP 0 < target 2 -> feeder task (keep 'selective_soldering' fed),manual_assembly|inspection,inspection,0,2,"{""buffer_de_entrada"": 0, ""manual_assembly(in process)"": 0, ""transport_1(in process)"": 0, ""shared"": 0}","{""starved"": 1}",0,0,0,"{""manual_assembly"": {""waiting_resource"": 1}, ""selective_soldering"": {""starved"": 1}, ""inspection"": {""waiting_resource"": 1}}",2
19616.666667,05:26:56.667,transport_1,WIP_BELOW_TARGET,feed WIP 1 < target 2 -> feeder task (keep 'selective_soldering' fed),transport_1|inspection,manual_assembly,1,2,"{""buffer_de_entrada"": 0, ""manual_assembly(in process)"": 1, ""transport_1(in process)"": 0, ""shared"": 0}","{""starved"": 1}",0,0,0,"{""manual_assembly"": {""blocked"": 1}, ""selective_soldering"": {""starved"": 1}, ""inspection"": {""waiting_resource"": 1}}",2
19635.0,05:27:15.000,inspection,NO_FEEDER_WAITING,feed WIP 0 < target but no feeder task waiting -> non-feeder task,inspection,transport_1,0,2,"{""buffer_de_entrada"": 0, ""manual_assembly(in process)"": 0, ""transport_1(in process)"": 0, ""shared"": 0}","{""busy"": 1}",0,0,0,"{""manual_assembly"": {""waiting_resource"": 1}, ""selective_soldering"": {""busy"": 1}, ""inspection"": {""waiting_resource"": 1}}",2
19699.166667,05:28:19.167,manual_assembly,WIP_BELOW_TARGET,feed WIP 0 < target 2 -> feeder task (keep 'selective_soldering' fed),manual_assembly|inspection,inspection,0,2,"{""buffer_de_entrada"": 0, ""manual_assembly(in process)"": 0, ""transport_1(in process)"": 0, ""shared"": 0}","{""starved"": 1}",0,0,0,"{""manual_assembly"": {""waiting_resource"": 1}, ""selective_soldering"": {""starved"": 1}, ""inspection"": {""waiting_resource"": 1}}",2
19831.666667,05:30:31.667,transport_1,WIP_BELOW_TARGET,feed WIP 1 < target 2 -> feeder task (keep 'selective_soldering' fed),transport_1|inspection,manual_assembly,1,2,"{""buffer_de_entrada"": 0, ""manual_assembly(in process)"": 1, ""transport_1(in process)"": 0, ""shared"": 0}","{""starved"": 1}",0,0,0,"{""manual_assembly"": {""blocked"": 1}, ""selective_soldering"": {""starved"": 1}, ""inspection"": {""waiting_resource"": 1}}",2
19850.0,05:30:50.000,inspection,NO_FEEDER_WAITING,feed WIP 0 < target but no feeder task waiting -> non-feeder task,inspection,transport_1,0,2,"{""buffer_de_entrada"": 0, ""manual_assembly(in process)"": 0, ""transport_1(in process)"": 0, ""shared"": 0}","{""busy"": 1}",0,0,0,"{""manual_assembly"": {""waiting_resource"": 1}, ""selective_soldering"": {""busy"": 1}, ""inspection"": {""waiting_resource"": 1}}",2
19914.166667,05:31:54.167,manual_assembly,WIP_BELOW_TARGET,feed WIP 0 < target 2 -> feeder task (keep 'selective_soldering' fed),manual_assembly|inspection,inspection,0,2,"{""buffer_de_entrada"": 0, ""manual_assembly(in process)"": 0, ""transport_1(in process)"": 0, ""shared"": 0}","{""starved"": 1}",0,0,0,"{""manual_assembly"": {""waiting_resource"": 1}, ""selective_soldering"": {""starved"": 1}, ""inspection"": {""waiting_resource"": 1}}",2
20046.666667,05:34:06.667,transport_1,WIP_BELOW_TARGET,feed WIP 1 < target 2 -> feeder task (keep 'selective_soldering' fed),transport_1|inspection,manual_assembly,1,2,"{""buffer_de_entrada"": 0, ""manual_assembly(in process)"": 1, ""transport_1(in process)"": 0, ""shared"": 0}","{""starved"": 1}",0,0,0,"{""manual_assembly"": {""blocked"": 1}, ""selective_soldering"": {""starved"": 1}, ""inspection"": {""waiting_resource"": 1}}",2
20065.0,05:34:25.000,inspection,NO_FEEDER_WAITING,feed WIP 0 < target but no feeder task waiting -> non-feeder task,inspection,transport_1,0,2,"{""buffer_de_entrada"": 0, ""manual_assembly(in process)"": 0, ""transport_1(in process)"": 0, ""shared"": 0}","{""busy"": 1}",0,0,0,"{""manual_assembly"": {""waiting_resource"": 1}, ""selective_soldering"": {""busy"": 1}, ""inspection"": {""waiting_resource"": 1}}",2
20129.166667,05:35:29.167,manual_assembly,WIP_BELOW_TARGET,feed WIP 0 < target 2 -> feeder task (keep 'selective_soldering' fed),manual_assembly|inspection,inspection,0,2,"{""buffer_de_entrada"": 0, ""manual_assembly(in process)"": 0, ""transport_1(in process)"": 0, ""shared"": 0}","{""starved"": 1}",0,0,0,"{""manual_assembly"": {""waiting_resource"": 1}, ""selective_soldering"": {""starved"": 1}, ""inspection"": {""waiting_resource"": 1}}",2
20261.666667,05:37:41.667,transport_1,WIP_BELOW_TARGET,feed WIP 1 < target 2 -> feeder task (keep 'selective_soldering' fed),transport_1|inspection,manual_assembly,1,2,"{""buffer_de_entrada"": 0, ""manual_assembly(in process)"": 1, ""transport_1(in process)"": 0, ""shared"": 0}","{""starved"": 1}",0,0,0,"{""manual_assembly"": {""blocked"": 1}, ""selective_soldering"": {""starved"": 1}, ""inspection"": {""waiting_resource"": 1}}",2
20280.0,05:38:00.000,inspection,NO_FEEDER_WAITING,feed WIP 0 < target but no feeder task waiting -> non-feeder task,inspection,transport_1,0,2,"{""buffer_de_entrada"": 0, ""manual_assembly(in process)"": 0, ""transport_1(in process)"": 0, ""shared"": 0}","{""busy"": 1}",0,0,0,"{""manual_assembly"": {""waiting_resource"": 1}, ""selective_soldering"": {""busy"": 1}, ""inspection"": {""waiting_resource"": 1}}",2
20344.166667,05:39:04.167,manual_assembly,WIP_BELOW_TARGET,feed WIP 0 < target 2 -> feeder task (keep 'selective_soldering' fed),manual_assembly|inspection,inspection,0,2,"{""buffer_de_entrada"": 0, ""manual_assembly(in process)"": 0, ""transport_1(in process)"": 0, ""shared"": 0}","{""starved"": 1}",0,0,0,"{""manual_assembly"": {""waiting_resource"": 1}, ""selective_soldering"": {""starved"": 1}, ""inspection"": {""waiting_resource"": 1}}",2
20476.666667,05:41:16.667,transport_1,WIP_BELOW_TARGET,feed WIP 1 < target 2 -> feeder task (keep 'selective_soldering' fed),transport_1|inspection,manual_assembly,1,2,"{""buffer_de_entrada"": 0, ""manual_assembly(in process)"": 1, ""transport_1(in process)"": 0, ""shared"": 0}","{""starved"": 1}",0,0,0,"{""manual_assembly"": {""blocked"": 1}, ""selective_soldering"": {""starved"": 1}, ""inspection"": {""waiting_resource"": 1}}",2
20495.0,05:41:35.000,inspection,NO_FEEDER_WAITING,feed WIP 0 < target but no feeder task waiting -> non-feeder task,inspection,transport_1,0,2,"{""buffer_de_entrada"": 0, ""manual_assembly(in process)"": 0, ""transport_1(in process)"": 0, ""shared"": 0}","{""busy"": 1}",0,0,0,"{""manual_assembly"": {""waiting_resource"": 1}, ""selective_soldering"": {""busy"": 1}, ""inspection"": {""waiting_resource"": 1}}",2
20559.166667,05:42:39.167,manual_assembly,WIP_BELOW_TARGET,feed WIP 0 < target 2 -> feeder task (keep 'selective_soldering' fed),manual_assembly|inspection,inspection,0,2,"{""buffer_de_entrada"": 0, ""manual_assembly(in process)"": 0, ""transport_1(in process)"": 0, ""shared"": 0}","{""starved"": 1}",0,0,0,"{""manual_assembly"": {""waiting_resource"": 1}, ""selective_soldering"": {""starved"": 1}, ""inspection"": {""waiting_resource"": 1}}",2
20691.666667,05:44:51.667,transport_1,WIP_BELOW_TARGET,feed WIP 1 < target 2 -> feeder task (keep 'selective_soldering' fed),transport_1|inspection,manual_assembly,1,2,"{""buffer_de_entrada"": 0, ""manual_assembly(in process)"": 1, ""transport_1(in process)"": 0, ""shared"": 0}","{""starved"": 1}",0,0,0,"{""manual_assembly"": {""blocked"": 1}, ""selective_soldering"": {""starved"": 1}, ""inspection"": {""waiting_resource"": 1}}",2
20710.0,05:45:10.000,inspection,NO_FEEDER_WAITING,feed WIP 0 < target but no feeder task waiting -> non-feeder task,inspection,transport_1,0,2,"{""buffer_de_entrada"": 0, ""manual_assembly(in process)"": 0, ""transport_1(in process)"": 0, ""shared"": 0}","{""busy"": 1}",0,0,0,"{""manual_assembly"": {""waiting_resource"": 1}, ""selective_soldering"": {""busy"": 1}, ""inspection"": {""waiting_resource"": 1}}",2
20774.166667,05:46:14.167,manual_assembly,WIP_BELOW_TARGET,feed WIP 0 < target 2 -> feeder task (keep 'selective_soldering' fed),manual_assembly|inspection,inspection,0,2,"{""buffer_de_entrada"": 0, ""manual_assembly(in process)"": 0, ""transport_1(in process)"": 0, ""shared"": 0}","{""starved"": 1}",0,0,0,"{""manual_assembly"": {""waiting_resource"": 1}, ""selective_soldering"": {""starved"": 1}, ""inspection"": {""waiting_resource"": 1}}",2
20906.666667,05:48:26.667,transport_1,WIP_BELOW_TARGET,feed WIP 1 < target 2 -> feeder task (keep 'selective_soldering' fed),transport_1|inspection,manual_assembly,1,2,"{""buffer_de_entrada"": 0, ""manual_assembly(in process)"": 1, ""transport_1(in process)"": 0, ""shared"": 0}","{""starved"": 1}",0,0,0,"{""manual_assembly"": {""blocked"": 1}, ""selective_soldering"": {""starved"": 1}, ""inspection"": {""waiting_resource"": 1}}",2
20925.0,05:48:45.000,inspection,NO_FEEDER_WAITING,feed WIP 0 < target but no feeder task waiting -> non-feeder task,inspection,transport_1,0,2,"{""buffer_de_entrada"": 0, ""manual_assembly(in process)"": 0, ""transport_1(in process)"": 0, ""shared"": 0}","{""busy"": 1}",0,0,0,"{""manual_assembly"": {""waiting_resource"": 1}, ""selective_soldering"": {""busy"": 1}, ""inspection"": {""waiting_resource"": 1}}",2
20989.166667,05:49:49.167,manual_assembly,WIP_BELOW_TARGET,feed WIP 0 < target 2 -> feeder task (keep 'selective_soldering' fed),manual_assembly|inspection,inspection,0,2,"{""buffer_de_entrada"": 0, ""manual_assembly(in process)"": 0, ""transport_1(in process)"": 0, ""shared"": 0}","{""starved"": 1}",0,0,0,"{""manual_assembly"": {""waiting_resource"": 1}, ""selective_soldering"": {""starved"": 1}, ""inspection"": {""waiting_resource"": 1}}",2
21121.666667,05:52:01.667,transport_1,WIP_BELOW_TARGET,feed WIP 1 < target 2 -> feeder task (keep 'selective_soldering' fed),transport_1|inspection,manual_assembly,1,2,"{""buffer_de_entrada"": 0, ""manual_assembly(in process)"": 1, ""transport_1(in process)"": 0, ""shared"": 0}","{""starved"": 1}",0,0,0,"{""manual_assembly"": {""blocked"": 1}, ""selective_soldering"": {""starved"": 1}, ""inspection"": {""waiting_resource"": 1}}",2
21140.0,05:52:20.000,inspection,NO_FEEDER_WAITING,feed WIP 0 < target but no feeder task waiting -> non-feeder task,inspection,transport_1,0,2,"{""buffer_de_entrada"": 0, ""manual_assembly(in process)"": 0, ""transport_1(in process)"": 0, ""shared"": 0}","{""busy"": 1}",0,0,0,"{""manual_assembly"": {""waiting_resource"": 1}, ""selective_soldering"": {""busy"": 1}, ""inspection"": {""waiting_resource"": 1}}",2
21204.166667,05:53:24.167,manual_assembly,WIP_BELOW_TARGET,feed WIP 0 < target 2 -> feeder task (keep 'selective_soldering' fed),manual_assembly|inspection,inspection,0,2,"{""buffer_de_entrada"": 0, ""manual_assembly(in process)"": 0, ""transport_1(in process)"": 0, ""shared"": 0}","{""starved"": 1}",0,0,0,"{""manual_assembly"": {""waiting_resource"": 1}, ""selective_soldering"": {""starved"": 1}, ""inspection"": {""waiting_resource"": 1}}",2
21336.666667,05:55:36.667,transport_1,WIP_BELOW_TARGET,feed WIP 1 < target 2 -> feeder task (keep 'selective_soldering' fed),transport_1|inspection,manual_assembly,1,2,"{""buffer_de_entrada"": 0, ""manual_assembly(in process)"": 1, ""transport_1(in process)"": 0, ""shared"": 0}","{""starved"": 1}",0,0,0,"{""manual_assembly"": {""blocked"": 1}, ""selective_soldering"": {""starved"": 1}, ""inspection"": {""waiting_resource"": 1}}",2
21355.0,05:55:55.000,inspection,NO_FEEDER_WAITING,feed WIP 0 < target but no feeder task waiting -> non-feeder task,inspection,transport_1,0,2,"{""buffer_de_entrada"": 0, ""manual_assembly(in process)"": 0, ""transport_1(in process)"": 0, ""shared"": 0}","{""busy"": 1}",0,0,0,"{""manual_assembly"": {""waiting_resource"": 1}, ""selective_soldering"": {""busy"": 1}, ""inspection"": {""waiting_resource"": 1}}",2
21419.166667,05:56:59.167,manual_assembly,WIP_BELOW_TARGET,feed WIP 0 < target 2 -> feeder task (keep 'selective_soldering' fed),manual_assembly|inspection,inspection,0,2,"{""buffer_de_entrada"": 0, ""manual_assembly(in process)"": 0, ""transport_1(in process)"": 0, ""shared"": 0}","{""starved"": 1}",0,0,0,"{""manual_assembly"": {""waiting_resource"": 1}, ""selective_soldering"": {""starved"": 1}, ""inspection"": {""waiting_resource"": 1}}",2
21551.666667,05:59:11.667,transport_1,WIP_BELOW_TARGET,feed WIP 1 < target 2 -> feeder task (keep 'selective_soldering' fed),transport_1|inspection,manual_assembly,1,2,"{""buffer_de_entrada"": 0, ""manual_assembly(in process)"": 1, ""transport_1(in process)"": 0, ""shared"": 0}","{""starved"": 1}",0,0,0,"{""manual_assembly"": {""blocked"": 1}, ""selective_soldering"": {""starved"": 1}, ""inspection"": {""waiting_resource"": 1}}",2
21570.0,05:59:30.000,inspection,NO_FEEDER_WAITING,feed WIP 0 < target but no feeder task waiting -> non-feeder task,inspection,transport_1,0,2,"{""buffer_de_entrada"": 0, ""manual_assembly(in process)"": 0, ""transport_1(in process)"": 0, ""shared"": 0}","{""busy"": 1}",0,0,0,"{""manual_assembly"": {""waiting_resource"": 1}, ""selective_soldering"": {""busy"": 1}, ""inspection"": {""waiting_resource"": 1}}",2
21634.166667,06:00:34.167,manual_assembly,WIP_BELOW_TARGET,feed WIP 0 < target 2 -> feeder task (keep 'selective_soldering' fed),manual_assembly|inspection,inspection,0,2,"{""buffer_de_entrada"": 0, ""manual_assembly(in process)"": 0, ""transport_1(in process)"": 0, ""shared"": 0}","{""starved"": 1}",0,0,0,"{""manual_assembly"": {""waiting_resource"": 1}, ""selective_soldering"": {""starved"": 1}, ""inspection"": {""waiting_resource"": 1}}",2
21766.666667,06:02:46.667,transport_1,WIP_BELOW_TARGET,feed WIP 1 < target 2 -> feeder task (keep 'selective_soldering' fed),transport_1|inspection,manual_assembly,1,2,"{""buffer_de_entrada"": 0, ""manual_assembly(in process)"": 1, ""transport_1(in process)"": 0, ""shared"": 0}","{""starved"": 1}",0,0,0,"{""manual_assembly"": {""blocked"": 1}, ""selective_soldering"": {""starved"": 1}, ""inspection"": {""waiting_resource"": 1}}",2
21785.0,06:03:05.000,inspection,NO_FEEDER_WAITING,feed WIP 0 < target but no feeder task waiting -> non-feeder task,inspection,transport_1,0,2,"{""buffer_de_entrada"": 0, ""manual_assembly(in process)"": 0, ""transport_1(in process)"": 0, ""shared"": 0}","{""busy"": 1}",0,0,0,"{""manual_assembly"": {""waiting_resource"": 1}, ""selective_soldering"": {""busy"": 1}, ""inspection"": {""waiting_resource"": 1}}",2
21849.166667,06:04:09.167,manual_assembly,WIP_BELOW_TARGET,feed WIP 0 < target 2 -> feeder task (keep 'selective_soldering' fed),manual_assembly|inspection,inspection,0,2,"{""buffer_de_entrada"": 0, ""manual_assembly(in process)"": 0, ""transport_1(in process)"": 0, ""shared"": 0}","{""starved"": 1}",0,0,0,"{""manual_assembly"": {""waiting_resource"": 1}, ""selective_soldering"": {""starved"": 1}, ""inspection"": {""waiting_resource"": 1}}",2
21981.666667,06:06:21.667,transport_1,WIP_BELOW_TARGET,feed WIP 1 < target 2 -> feeder task (keep 'selective_soldering' fed),transport_1|inspection,manual_assembly,1,2,"{""buffer_de_entrada"": 0, ""manual_assembly(in process)"": 1, ""transport_1(in process)"": 0, ""shared"": 0}","{""starved"": 1}",0,0,0,"{""manual_assembly"": {""blocked"": 1}, ""selective_soldering"": {""starved"": 1}, ""inspection"": {""waiting_resource"": 1}}",2
22000.0,06:06:40.000,inspection,NO_FEEDER_WAITING,feed WIP 0 < target but no feeder task waiting -> non-feeder task,inspection,transport_1,0,2,"{""buffer_de_entrada"": 0, ""manual_assembly(in process)"": 0, ""transport_1(in process)"": 0, ""shared"": 0}","{""busy"": 1}",0,0,0,"{""manual_assembly"": {""waiting_resource"": 1}, ""selective_soldering"": {""busy"": 1}, ""inspection"": {""waiting_resource"": 1}}",2
22064.166667,06:07:44.167,manual_assembly,WIP_BELOW_TARGET,feed WIP 0 < target 2 -> feeder task (keep 'selective_soldering' fed),manual_assembly|inspection,inspection,0,2,"{""buffer_de_entrada"": 0, ""manual_assembly(in process)"": 0, ""transport_1(in process)"": 0, ""shared"": 0}","{""starved"": 1}",0,0,0,"{""manual_assembly"": {""waiting_resource"": 1}, ""selective_soldering"": {""starved"": 1}, ""inspection"": {""waiting_resource"": 1}}",2
22196.666667,06:09:56.667,transport_1,WIP_BELOW_TARGET,feed WIP 1 < target 2 -> feeder task (keep 'selective_soldering' fed),transport_1|inspection,manual_assembly,1,2,"{""buffer_de_entrada"": 0, ""manual_assembly(in process)"": 1, ""transport_1(in process)"": 0, ""shared"": 0}","{""starved"": 1}",0,0,0,"{""manual_assembly"": {""blocked"": 1}, ""selective_soldering"": {""starved"": 1}, ""inspection"": {""waiting_resource"": 1}}",2
22215.0,06:10:15.000,inspection,NO_FEEDER_WAITING,feed WIP 0 < target but no feeder task waiting -> non-feeder task,inspection,transport_1,0,2,"{""buffer_de_entrada"": 0, ""manual_assembly(in process)"": 0, ""transport_1(in process)"": 0, ""shared"": 0}","{""busy"": 1}",0,0,0,"{""manual_assembly"": {""waiting_resource"": 1}, ""selective_soldering"": {""busy"": 1}, ""inspection"": {""waiting_resource"": 1}}",2
22279.166667,06:11:19.167,manual_assembly,WIP_BELOW_TARGET,feed WIP 0 < target 2 -> feeder task (keep 'selective_soldering' fed),manual_assembly|inspection,inspection,0,2,"{""buffer_de_entrada"": 0, ""manual_assembly(in process)"": 0, ""transport_1(in process)"": 0, ""shared"": 0}","{""starved"": 1}",0,0,0,"{""manual_assembly"": {""waiting_resource"": 1}, ""selective_soldering"": {""starved"": 1}, ""inspection"": {""waiting_resource"": 1}}",2
22411.666667,06:13:31.667,transport_1,WIP_BELOW_TARGET,feed WIP 1 < target 2 -> feeder task (keep 'selective_soldering' fed),transport_1|inspection,manual_assembly,1,2,"{""buffer_de_entrada"": 0, ""manual_assembly(in process)"": 1, ""transport_1(in process)"": 0, ""shared"": 0}","{""starved"": 1}",0,0,0,"{""manual_assembly"": {""blocked"": 1}, ""selective_soldering"": {""starved"": 1}, ""inspection"": {""waiting_resource"": 1}}",2
22430.0,06:13:50.000,inspection,NO_FEEDER_WAITING,feed WIP 0 < target but no feeder task waiting -> non-feeder task,inspection,transport_1,0,2,"{""buffer_de_entrada"": 0, ""manual_assembly(in process)"": 0, ""transport_1(in process)"": 0, ""shared"": 0}","{""busy"": 1}",0,0,0,"{""manual_assembly"": {""waiting_resource"": 1}, ""selective_soldering"": {""busy"": 1}, ""inspection"": {""waiting_resource"": 1}}",2
22494.166667,06:14:54.167,manual_assembly,WIP_BELOW_TARGET,feed WIP 0 < target 2 -> feeder task (keep 'selective_soldering' fed),manual_assembly|inspection,inspection,0,2,"{""buffer_de_entrada"": 0, ""manual_assembly(in process)"": 0, ""transport_1(in process)"": 0, ""shared"": 0}","{""starved"": 1}",0,0,0,"{""manual_assembly"": {""waiting_resource"": 1}, ""selective_soldering"": {""starved"": 1}, ""inspection"": {""waiting_resource"": 1}}",2
22626.666667,06:17:06.667,transport_1,WIP_BELOW_TARGET,feed WIP 1 < target 2 -> feeder task (keep 'selective_soldering' fed),transport_1|inspection,manual_assembly,1,2,"{""buffer_de_entrada"": 0, ""manual_assembly(in process)"": 1, ""transport_1(in process)"": 0, ""shared"": 0}","{""starved"": 1}",0,0,0,"{""manual_assembly"": {""blocked"": 1}, ""selective_soldering"": {""starved"": 1}, ""inspection"": {""waiting_resource"": 1}}",2
22645.0,06:17:25.000,inspection,NO_FEEDER_WAITING,feed WIP 0 < target but no feeder task waiting -> non-feeder task,inspection,transport_1,0,2,"{""buffer_de_entrada"": 0, ""manual_assembly(in process)"": 0, ""transport_1(in process)"": 0, ""shared"": 0}","{""busy"": 1}",0,0,0,"{""manual_assembly"": {""waiting_resource"": 1}, ""selective_soldering"": {""busy"": 1}, ""inspection"": {""waiting_resource"": 1}}",2
22709.166667,06:18:29.167,manual_assembly,WIP_BELOW_TARGET,feed WIP 0 < target 2 -> feeder task (keep 'selective_soldering' fed),manual_assembly|inspection,inspection,0,2,"{""buffer_de_entrada"": 0, ""manual_assembly(in process)"": 0, ""transport_1(in process)"": 0, ""shared"": 0}","{""starved"": 1}",0,0,0,"{""manual_assembly"": {""waiting_resource"": 1}, ""selective_soldering"": {""starved"": 1}, ""inspection"": {""waiting_resource"": 1}}",2
22841.666667,06:20:41.667,transport_1,WIP_BELOW_TARGET,feed WIP 1 < target 2 -> feeder task (keep 'selective_soldering' fed),transport_1|inspection,manual_assembly,1,2,"{""buffer_de_entrada"": 0, ""manual_assembly(in process)"": 1, ""transport_1(in process)"": 0, ""shared"": 0}","{""starved"": 1}",0,0,0,"{""manual_assembly"": {""blocked"": 1}, ""selective_soldering"": {""starved"": 1}, ""inspection"": {""waiting_resource"": 1}}",2
22860.0,06:21:00.000,inspection,NO_FEEDER_WAITING,feed WIP 0 < target but no feeder task waiting -> non-feeder task,inspection,transport_1,0,2,"{""buffer_de_entrada"": 0, ""manual_assembly(in process)"": 0, ""transport_1(in process)"": 0, ""shared"": 0}","{""busy"": 1}",0,0,0,"{""manual_assembly"": {""waiting_resource"": 1}, ""selective_soldering"": {""busy"": 1}, ""inspection"": {""waiting_resource"": 1}}",2
22924.166667,06:22:04.167,manual_assembly,WIP_BELOW_TARGET,feed WIP 0 < target 2 -> feeder task (keep 'selective_soldering' fed),manual_assembly|inspection,inspection,0,2,"{""buffer_de_entrada"": 0, ""manual_assembly(in process)"": 0, ""transport_1(in process)"": 0, ""shared"": 0}","{""starved"": 1}",0,0,0,"{""manual_assembly"": {""waiting_resource"": 1}, ""selective_soldering"": {""starved"": 1}, ""inspection"": {""waiting_resource"": 1}}",2
23056.666667,06:24:16.667,transport_1,WIP_BELOW_TARGET,feed WIP 1 < target 2 -> feeder task (keep 'selective_soldering' fed),transport_1|inspection,manual_assembly,1,2,"{""buffer_de_entrada"": 0, ""manual_assembly(in process)"": 1, ""transport_1(in process)"": 0, ""shared"": 0}","{""starved"": 1}",0,0,0,"{""manual_assembly"": {""blocked"": 1}, ""selective_soldering"": {""starved"": 1}, ""inspection"": {""waiting_resource"": 1}}",2
23075.0,06:24:35.000,inspection,NO_FEEDER_WAITING,feed WIP 0 < target but no feeder task waiting -> non-feeder task,inspection,transport_1,0,2,"{""buffer_de_entrada"": 0, ""manual_assembly(in process)"": 0, ""transport_1(in process)"": 0, ""shared"": 0}","{""busy"": 1}",0,0,0,"{""manual_assembly"": {""waiting_resource"": 1}, ""selective_soldering"": {""busy"": 1}, ""inspection"": {""waiting_resource"": 1}}",2
23139.166667,06:25:39.167,manual_assembly,WIP_BELOW_TARGET,feed WIP 0 < target 2 -> feeder task (keep 'selective_soldering' fed),manual_assembly|inspection,inspection,0,2,"{""buffer_de_entrada"": 0, ""manual_assembly(in process)"": 0, ""transport_1(in process)"": 0, ""shared"": 0}","{""starved"": 1}",0,0,0,"{""manual_assembly"": {""waiting_resource"": 1}, ""selective_soldering"": {""starved"": 1}, ""inspection"": {""waiting_resource"": 1}}",2
23271.666667,06:27:51.667,transport_1,WIP_BELOW_TARGET,feed WIP 1 < target 2 -> feeder task (keep 'selective_soldering' fed),transport_1|inspection,manual_assembly,1,2,"{""buffer_de_entrada"": 0, ""manual_assembly(in process)"": 1, ""transport_1(in process)"": 0, ""shared"": 0}","{""starved"": 1}",0,0,0,"{""manual_assembly"": {""blocked"": 1}, ""selective_soldering"": {""starved"": 1}, ""inspection"": {""waiting_resource"": 1}}",2
23290.0,06:28:10.000,inspection,NO_FEEDER_WAITING,feed WIP 0 < target but no feeder task waiting -> non-feeder task,inspection,transport_1,0,2,"{""buffer_de_entrada"": 0, ""manual_assembly(in process)"": 0, ""transport_1(in process)"": 0, ""shared"": 0}","{""busy"": 1}",0,0,0,"{""manual_assembly"": {""waiting_resource"": 1}, ""selective_soldering"": {""busy"": 1}, ""inspection"": {""waiting_resource"": 1}}",2
23354.166667,06:29:14.167,manual_assembly,WIP_BELOW_TARGET,feed WIP 0 < target 2 -> feeder task (keep 'selective_soldering' fed),manual_assembly|inspection,inspection,0,2,"{""buffer_de_entrada"": 0, ""manual_assembly(in process)"": 0, ""transport_1(in process)"": 0, ""shared"": 0}","{""starved"": 1}",0,0,0,"{""manual_assembly"": {""waiting_resource"": 1}, ""selective_soldering"": {""starved"": 1}, ""inspection"": {""waiting_resource"": 1}}",2
23486.666667,06:31:26.667,transport_1,WIP_BELOW_TARGET,feed WIP 1 < target 2 -> feeder task (keep 'selective_soldering' fed),transport_1|inspection,manual_assembly,1,2,"{""buffer_de_entrada"": 0, ""manual_assembly(in process)"": 1, ""transport_1(in process)"": 0, ""shared"": 0}","{""starved"": 1}",0,0,0,"{""manual_assembly"": {""blocked"": 1}, ""selective_soldering"": {""starved"": 1}, ""inspection"": {""waiting_resource"": 1}}",2
23505.0,06:31:45.000,inspection,NO_FEEDER_WAITING,feed WIP 0 < target but no feeder task waiting -> non-feeder task,inspection,transport_1,0,2,"{""buffer_de_entrada"": 0, ""manual_assembly(in process)"": 0, ""transport_1(in process)"": 0, ""shared"": 0}","{""busy"": 1}",0,0,0,"{""manual_assembly"": {""waiting_resource"": 1}, ""selective_soldering"": {""busy"": 1}, ""inspection"": {""waiting_resource"": 1}}",2
23569.166667,06:32:49.167,manual_assembly,WIP_BELOW_TARGET,feed WIP 0 < target 2 -> feeder task (keep 'selective_soldering' fed),manual_assembly|inspection,inspection,0,2,"{""buffer_de_entrada"": 0, ""manual_assembly(in process)"": 0, ""transport_1(in process)"": 0, ""shared"": 0}","{""starved"": 1}",0,0,0,"{""manual_assembly"": {""waiting_resource"": 1}, ""selective_soldering"": {""starved"": 1}, ""inspection"": {""waiting_resource"": 1}}",2
23701.666667,06:35:01.667,transport_1,WIP_BELOW_TARGET,feed WIP 1 < target 2 -> feeder task (keep 'selective_soldering' fed),transport_1|inspection,manual_assembly,1,2,"{""buffer_de_entrada"": 0, ""manual_assembly(in process)"": 1, ""transport_1(in process)"": 0, ""shared"": 0}","{""starved"": 1}",0,0,0,"{""manual_assembly"": {""blocked"": 1}, ""selective_soldering"": {""starved"": 1}, ""inspection"": {""waiting_resource"": 1}}",2
23720.0,06:35:20.000,inspection,NO_FEEDER_WAITING,feed WIP 0 < target but no feeder task waiting -> non-feeder task,inspection,transport_1,0,2,"{""buffer_de_entrada"": 0, ""manual_assembly(in process)"": 0, ""transport_1(in process)"": 0, ""shared"": 0}","{""busy"": 1}",0,0,0,"{""manual_assembly"": {""waiting_resource"": 1}, ""selective_soldering"": {""busy"": 1}, ""inspection"": {""waiting_resource"": 1}}",2
23784.166667,06:36:24.167,manual_assembly,WIP_BELOW_TARGET,feed WIP 0 < target 2 -> feeder task (keep 'selective_soldering' fed),manual_assembly|inspection,inspection,0,2,"{""buffer_de_entrada"": 0, ""manual_assembly(in process)"": 0, ""transport_1(in process)"": 0, ""shared"": 0}","{""starved"": 1}",0,0,0,"{""manual_assembly"": {""waiting_resource"": 1}, ""selective_soldering"": {""starved"": 1}, ""inspection"": {""waiting_resource"": 1}}",2
23916.666667,06:38:36.667,transport_1,WIP_BELOW_TARGET,feed WIP 1 < target 2 -> feeder task (keep 'selective_soldering' fed),transport_1|inspection,manual_assembly,1,2,"{""buffer_de_entrada"": 0, ""manual_assembly(in process)"": 1, ""transport_1(in process)"": 0, ""shared"": 0}","{""starved"": 1}",0,0,0,"{""manual_assembly"": {""blocked"": 1}, ""selective_soldering"": {""starved"": 1}, ""inspection"": {""waiting_resource"": 1}}",2
23935.0,06:38:55.000,inspection,NO_FEEDER_WAITING,feed WIP 0 < target but no feeder task waiting -> non-feeder task,inspection,transport_1,0,2,"{""buffer_de_entrada"": 0, ""manual_assembly(in process)"": 0, ""transport_1(in process)"": 0, ""shared"": 0}","{""busy"": 1}",0,0,0,"{""manual_assembly"": {""waiting_resource"": 1}, ""selective_soldering"": {""busy"": 1}, ""inspection"": {""waiting_resource"": 1}}",2
23999.166667,06:39:59.167,manual_assembly,WIP_BELOW_TARGET,feed WIP 0 < target 2 -> feeder task (keep 'selective_soldering' fed),manual_assembly|inspection,inspection,0,2,"{""buffer_de_entrada"": 0, ""manual_assembly(in process)"": 0, ""transport_1(in process)"": 0, ""shared"": 0}","{""starved"": 1}",0,0,0,"{""manual_assembly"": {""waiting_resource"": 1}, ""selective_soldering"": {""starved"": 1}, ""inspection"": {""waiting_resource"": 1}}",2
24131.666667,06:42:11.667,transport_1,WIP_BELOW_TARGET,feed WIP 1 < target 2 -> feeder task (keep 'selective_soldering' fed),transport_1|inspection,manual_assembly,1,2,"{""buffer_de_entrada"": 0, ""manual_assembly(in process)"": 1, ""transport_1(in process)"": 0, ""shared"": 0}","{""starved"": 1}",0,0,0,"{""manual_assembly"": {""blocked"": 1}, ""selective_soldering"": {""starved"": 1}, ""inspection"": {""waiting_resource"": 1}}",2
24150.0,06:42:30.000,inspection,NO_FEEDER_WAITING,feed WIP 0 < target but no feeder task waiting -> non-feeder task,inspection,transport_1,0,2,"{""buffer_de_entrada"": 0, ""manual_assembly(in process)"": 0, ""transport_1(in process)"": 0, ""shared"": 0}","{""busy"": 1}",0,0,0,"{""manual_assembly"": {""waiting_resource"": 1}, ""selective_soldering"": {""busy"": 1}, ""inspection"": {""waiting_resource"": 1}}",2
24214.166667,06:43:34.167,manual_assembly,WIP_BELOW_TARGET,feed WIP 0 < target 2 -> feeder task (keep 'selective_soldering' fed),manual_assembly|inspection,inspection,0,2,"{""buffer_de_entrada"": 0, ""manual_assembly(in process)"": 0, ""transport_1(in process)"": 0, ""shared"": 0}","{""starved"": 1}",0,0,0,"{""manual_assembly"": {""waiting_resource"": 1}, ""selective_soldering"": {""starved"": 1}, ""inspection"": {""waiting_resource"": 1}}",2
24346.666667,06:45:46.667,transport_1,WIP_BELOW_TARGET,feed WIP 1 < target 2 -> feeder task (keep 'selective_soldering' fed),transport_1|inspection,manual_assembly,1,2,"{""buffer_de_entrada"": 0, ""manual_assembly(in process)"": 1, ""transport_1(in process)"": 0, ""shared"": 0}","{""starved"": 1}",0,0,0,"{""manual_assembly"": {""blocked"": 1}, ""selective_soldering"": {""starved"": 1}, ""inspection"": {""waiting_resource"": 1}}",2
24365.0,06:46:05.000,inspection,NO_FEEDER_WAITING,feed WIP 0 < target but no feeder task waiting -> non-feeder task,inspection,transport_1,0,2,"{""buffer_de_entrada"": 0, ""manual_assembly(in process)"": 0, ""transport_1(in process)"": 0, ""shared"": 0}","{""busy"": 1}",0,0,0,"{""manual_assembly"": {""waiting_resource"": 1}, ""selective_soldering"": {""busy"": 1}, ""inspection"": {""waiting_resource"": 1}}",2
24429.166667,06:47:09.167,manual_assembly,WIP_BELOW_TARGET,feed WIP 0 < target 2 -> feeder task (keep 'selective_soldering' fed),manual_assembly|inspection,inspection,0,2,"{""buffer_de_entrada"": 0, ""manual_assembly(in process)"": 0, ""transport_1(in process)"": 0, ""shared"": 0}","{""starved"": 1}",0,0,0,"{""manual_assembly"": {""waiting_resource"": 1}, ""selective_soldering"": {""starved"": 1}, ""inspection"": {""waiting_resource"": 1}}",2
24561.666667,06:49:21.667,transport_1,WIP_BELOW_TARGET,feed WIP 1 < target 2 -> feeder task (keep 'selective_soldering' fed),transport_1|inspection,manual_assembly,1,2,"{""buffer_de_entrada"": 0, ""manual_assembly(in process)"": 1, ""transport_1(in process)"": 0, ""shared"": 0}","{""starved"": 1}",0,0,0,"{""manual_assembly"": {""blocked"": 1}, ""selective_soldering"": {""starved"": 1}, ""inspection"": {""waiting_resource"": 1}}",2
24580.0,06:49:40.000,inspection,NO_FEEDER_WAITING,feed WIP 0 < target but no feeder task waiting -> non-feeder task,inspection,transport_1,0,2,"{""buffer_de_entrada"": 0, ""manual_assembly(in process)"": 0, ""transport_1(in process)"": 0, ""shared"": 0}","{""busy"": 1}",0,0,0,"{""manual_assembly"": {""waiting_resource"": 1}, ""selective_soldering"": {""busy"": 1}, ""inspection"": {""waiting_resource"": 1}}",2
24644.166667,06:50:44.167,manual_assembly,WIP_BELOW_TARGET,feed WIP 0 < target 2 -> feeder task (keep 'selective_soldering' fed),manual_assembly|inspection,inspection,0,2,"{""buffer_de_entrada"": 0, ""manual_assembly(in process)"": 0, ""transport_1(in process)"": 0, ""shared"": 0}","{""starved"": 1}",0,0,0,"{""manual_assembly"": {""waiting_resource"": 1}, ""selective_soldering"": {""starved"": 1}, ""inspection"": {""waiting_resource"": 1}}",2
24776.666667,06:52:56.667,transport_1,WIP_BELOW_TARGET,feed WIP 1 < target 2 -> feeder task (keep 'selective_soldering' fed),transport_1|inspection,manual_assembly,1,2,"{""buffer_de_entrada"": 0, ""manual_assembly(in process)"": 1, ""transport_1(in process)"": 0, ""shared"": 0}","{""starved"": 1}",0,0,0,"{""manual_assembly"": {""blocked"": 1}, ""selective_soldering"": {""starved"": 1}, ""inspection"": {""waiting_resource"": 1}}",2
24795.0,06:53:15.000,inspection,NO_FEEDER_WAITING,feed WIP 0 < target but no feeder task waiting -> non-feeder task,inspection,transport_1,0,2,"{""buffer_de_entrada"": 0, ""manual_assembly(in process)"": 0, ""transport_1(in process)"": 0, ""shared"": 0}","{""busy"": 1}",0,0,0,"{""manual_assembly"": {""waiting_resource"": 1}, ""selective_soldering"": {""busy"": 1}, ""inspection"": {""waiting_resource"": 1}}",2
24859.166667,06:54:19.167,manual_assembly,WIP_BELOW_TARGET,feed WIP 0 < target 2 -> feeder task (keep 'selective_soldering' fed),manual_assembly|inspection,inspection,0,2,"{""buffer_de_entrada"": 0, ""manual_assembly(in process)"": 0, ""transport_1(in process)"": 0, ""shared"": 0}","{""starved"": 1}",0,0,0,"{""manual_assembly"": {""waiting_resource"": 1}, ""selective_soldering"": {""starved"": 1}, ""inspection"": {""waiting_resource"": 1}}",2
24991.666667,06:56:31.667,transport_1,WIP_BELOW_TARGET,feed WIP 1 < target 2 -> feeder task (keep 'selective_soldering' fed),transport_1|inspection,manual_assembly,1,2,"{""buffer_de_entrada"": 0, ""manual_assembly(in process)"": 1, ""transport_1(in process)"": 0, ""shared"": 0}","{""starved"": 1}",0,0,0,"{""manual_assembly"": {""blocked"": 1}, ""selective_soldering"": {""starved"": 1}, ""inspection"": {""waiting_resource"": 1}}",2
25010.0,06:56:50.000,inspection,NO_FEEDER_WAITING,feed WIP 0 < target but no feeder task waiting -> non-feeder task,inspection,transport_1,0,2,"{""buffer_de_entrada"": 0, ""manual_assembly(in process)"": 0, ""transport_1(in process)"": 0, ""shared"": 0}","{""busy"": 1}",0,0,0,"{""manual_assembly"": {""waiting_resource"": 1}, ""selective_soldering"": {""busy"": 1}, ""inspection"": {""waiting_resource"": 1}}",2
25074.166667,06:57:54.167,manual_assembly,WIP_BELOW_TARGET,feed WIP 0 < target 2 -> feeder task (keep 'selective_soldering' fed),manual_assembly|inspection,inspection,0,2,"{""buffer_de_entrada"": 0, ""manual_assembly(in process)"": 0, ""transport_1(in process)"": 0, ""shared"": 0}","{""starved"": 1}",0,0,0,"{""manual_assembly"": {""waiting_resource"": 1}, ""selective_soldering"": {""starved"": 1}, ""inspection"": {""waiting_resource"": 1}}",2
25206.666667,07:00:06.667,transport_1,WIP_BELOW_TARGET,feed WIP 1 < target 2 -> feeder task (keep 'selective_soldering' fed),transport_1|inspection,manual_assembly,1,2,"{""buffer_de_entrada"": 0, ""manual_assembly(in process)"": 1, ""transport_1(in process)"": 0, ""shared"": 0}","{""starved"": 1}",0,0,0,"{""manual_assembly"": {""blocked"": 1}, ""selective_soldering"": {""starved"": 1}, ""inspection"": {""waiting_resource"": 1}}",2
25225.0,07:00:25.000,inspection,NO_FEEDER_WAITING,feed WIP 0 < target but no feeder task waiting -> non-feeder task,inspection,transport_1,0,2,"{""buffer_de_entrada"": 0, ""manual_assembly(in process)"": 0, ""transport_1(in process)"": 0, ""shared"": 0}","{""busy"": 1}",0,0,0,"{""manual_assembly"": {""waiting_resource"": 1}, ""selective_soldering"": {""busy"": 1}, ""inspection"": {""waiting_resource"": 1}}",2
25289.166667,07:01:29.167,manual_assembly,WIP_BELOW_TARGET,feed WIP 0 < target 2 -> feeder task (keep 'selective_soldering' fed),manual_assembly|inspection,inspection,0,2,"{""buffer_de_entrada"": 0, ""manual_assembly(in process)"": 0, ""transport_1(in process)"": 0, ""shared"": 0}","{""starved"": 1}",0,0,0,"{""manual_assembly"": {""waiting_resource"": 1}, ""selective_soldering"": {""starved"": 1}, ""inspection"": {""waiting_resource"": 1}}",2
25421.666667,07:03:41.667,transport_1,WIP_BELOW_TARGET,feed WIP 1 < target 2 -> feeder task (keep 'selective_soldering' fed),transport_1|inspection,manual_assembly,1,2,"{""buffer_de_entrada"": 0, ""manual_assembly(in process)"": 1, ""transport_1(in process)"": 0, ""shared"": 0}","{""starved"": 1}",0,0,0,"{""manual_assembly"": {""blocked"": 1}, ""selective_soldering"": {""starved"": 1}, ""inspection"": {""waiting_resource"": 1}}",2
25440.0,07:04:00.000,inspection,NO_FEEDER_WAITING,feed WIP 0 < target but no feeder task waiting -> non-feeder task,inspection,transport_1,0,2,"{""buffer_de_entrada"": 0, ""manual_assembly(in process)"": 0, ""transport_1(in process)"": 0, ""shared"": 0}","{""busy"": 1}",0,0,0,"{""manual_assembly"": {""waiting_resource"": 1}, ""selective_soldering"": {""busy"": 1}, ""inspection"": {""waiting_resource"": 1}}",2
25504.166667,07:05:04.167,manual_assembly,WIP_BELOW_TARGET,feed WIP 0 < target 2 -> feeder task (keep 'selective_soldering' fed),manual_assembly|inspection,inspection,0,2,"{""buffer_de_entrada"": 0, ""manual_assembly(in process)"": 0, ""transport_1(in process)"": 0, ""shared"": 0}","{""starved"": 1}",0,0,0,"{""manual_assembly"": {""waiting_resource"": 1}, ""selective_soldering"": {""starved"": 1}, ""inspection"": {""waiting_resource"": 1}}",2
25636.666667,07:07:16.667,transport_1,WIP_BELOW_TARGET,feed WIP 1 < target 2 -> feeder task (keep 'selective_soldering' fed),transport_1|inspection,manual_assembly,1,2,"{""buffer_de_entrada"": 0, ""manual_assembly(in process)"": 1, ""transport_1(in process)"": 0, ""shared"": 0}","{""starved"": 1}",0,0,0,"{""manual_assembly"": {""blocked"": 1}, ""selective_soldering"": {""starved"": 1}, ""inspection"": {""waiting_resource"": 1}}",2
25655.0,07:07:35.000,inspection,NO_FEEDER_WAITING,feed WIP 0 < target but no feeder task waiting -> non-feeder task,inspection,transport_1,0,2,"{""buffer_de_entrada"": 0, ""manual_assembly(in process)"": 0, ""transport_1(in process)"": 0, ""shared"": 0}","{""busy"": 1}",0,0,0,"{""manual_assembly"": {""waiting_resource"": 1}, ""selective_soldering"": {""busy"": 1}, ""inspection"": {""waiting_resource"": 1}}",2
25719.166667,07:08:39.167,manual_assembly,WIP_BELOW_TARGET,feed WIP 0 < target 2 -> feeder task (keep 'selective_soldering' fed),manual_assembly|inspection,inspection,0,2,"{""buffer_de_entrada"": 0, ""manual_assembly(in process)"": 0, ""transport_1(in process)"": 0, ""shared"": 0}","{""starved"": 1}",0,0,0,"{""manual_assembly"": {""waiting_resource"": 1}, ""selective_soldering"": {""starved"": 1}, ""inspection"": {""waiting_resource"": 1}}",2
25851.666667,07:10:51.667,transport_1,WIP_BELOW_TARGET,feed WIP 1 < target 2 -> feeder task (keep 'selective_soldering' fed),transport_1|inspection,manual_assembly,1,2,"{""buffer_de_entrada"": 0, ""manual_assembly(in process)"": 1, ""transport_1(in process)"": 0, ""shared"": 0}","{""starved"": 1}",0,0,0,"{""manual_assembly"": {""blocked"": 1}, ""selective_soldering"": {""starved"": 1}, ""inspection"": {""waiting_resource"": 1}}",2
25870.0,07:11:10.000,inspection,NO_FEEDER_WAITING,feed WIP 0 < target but no feeder task waiting -> non-feeder task,inspection,transport_1,0,2,"{""buffer_de_entrada"": 0, ""manual_assembly(in process)"": 0, ""transport_1(in process)"": 0, ""shared"": 0}","{""busy"": 1}",0,0,0,"{""manual_assembly"": {""waiting_resource"": 1}, ""selective_soldering"": {""busy"": 1}, ""inspection"": {""waiting_resource"": 1}}",2
25934.166667,07:12:14.167,manual_assembly,WIP_BELOW_TARGET,feed WIP 0 < target 2 -> feeder task (keep 'selective_soldering' fed),manual_assembly|inspection,inspection,0,2,"{""buffer_de_entrada"": 0, ""manual_assembly(in process)"": 0, ""transport_1(in process)"": 0, ""shared"": 0}","{""starved"": 1}",0,0,0,"{""manual_assembly"": {""waiting_resource"": 1}, ""selective_soldering"": {""starved"": 1}, ""inspection"": {""waiting_resource"": 1}}",2
26066.666667,07:14:26.667,transport_1,WIP_BELOW_TARGET,feed WIP 1 < target 2 -> feeder task (keep 'selective_soldering' fed),transport_1|inspection,manual_assembly,1,2,"{""buffer_de_entrada"": 0, ""manual_assembly(in process)"": 1, ""transport_1(in process)"": 0, ""shared"": 0}","{""starved"": 1}",0,0,0,"{""manual_assembly"": {""blocked"": 1}, ""selective_soldering"": {""starved"": 1}, ""inspection"": {""waiting_resource"": 1}}",2
26085.0,07:14:45.000,inspection,NO_FEEDER_WAITING,feed WIP 0 < target but no feeder task waiting -> non-feeder task,inspection,transport_1,0,2,"{""buffer_de_entrada"": 0, ""manual_assembly(in process)"": 0, ""transport_1(in process)"": 0, ""shared"": 0}","{""busy"": 1}",0,0,0,"{""manual_assembly"": {""waiting_resource"": 1}, ""selective_soldering"": {""busy"": 1}, ""inspection"": {""waiting_resource"": 1}}",2
26149.166667,07:15:49.167,manual_assembly,WIP_BELOW_TARGET,feed WIP 0 < target 2 -> feeder task (keep 'selective_soldering' fed),manual_assembly|inspection,inspection,0,2,"{""buffer_de_entrada"": 0, ""manual_assembly(in process)"": 0, ""transport_1(in process)"": 0, ""shared"": 0}","{""starved"": 1}",0,0,0,"{""manual_assembly"": {""waiting_resource"": 1}, ""selective_soldering"": {""starved"": 1}, ""inspection"": {""waiting_resource"": 1}}",2
26281.666667,07:18:01.667,transport_1,WIP_BELOW_TARGET,feed WIP 1 < target 2 -> feeder task (keep 'selective_soldering' fed),transport_1|inspection,manual_assembly,1,2,"{""buffer_de_entrada"": 0, ""manual_assembly(in process)"": 1, ""transport_1(in process)"": 0, ""shared"": 0}","{""starved"": 1}",0,0,0,"{""manual_assembly"": {""blocked"": 1}, ""selective_soldering"": {""starved"": 1}, ""inspection"": {""waiting_resource"": 1}}",2
26300.0,07:18:20.000,inspection,NO_FEEDER_WAITING,feed WIP 0 < target but no feeder task waiting -> non-feeder task,inspection,transport_1,0,2,"{""buffer_de_entrada"": 0, ""manual_assembly(in process)"": 0, ""transport_1(in process)"": 0, ""shared"": 0}","{""busy"": 1}",0,0,0,"{""manual_assembly"": {""waiting_resource"": 1}, ""selective_soldering"": {""busy"": 1}, ""inspection"": {""waiting_resource"": 1}}",2
26364.166667,07:19:24.167,manual_assembly,WIP_BELOW_TARGET,feed WIP 0 < target 2 -> feeder task (keep 'selective_soldering' fed),manual_assembly|inspection,inspection,0,2,"{""buffer_de_entrada"": 0, ""manual_assembly(in process)"": 0, ""transport_1(in process)"": 0, ""shared"": 0}","{""starved"": 1}",0,0,0,"{""manual_assembly"": {""waiting_resource"": 1}, ""selective_soldering"": {""starved"": 1}, ""inspection"": {""waiting_resource"": 1}}",2
26496.666667,07:21:36.667,transport_1,WIP_BELOW_TARGET,feed WIP 1 < target 2 -> feeder task (keep 'selective_soldering' fed),transport_1|inspection,manual_assembly,1,2,"{""buffer_de_entrada"": 0, ""manual_assembly(in process)"": 1, ""transport_1(in process)"": 0, ""shared"": 0}","{""starved"": 1}",0,0,0,"{""manual_assembly"": {""blocked"": 1}, ""selective_soldering"": {""starved"": 1}, ""inspection"": {""waiting_resource"": 1}}",2
26515.0,07:21:55.000,inspection,NO_FEEDER_WAITING,feed WIP 0 < target but no feeder task waiting -> non-feeder task,inspection,transport_1,0,2,"{""buffer_de_entrada"": 0, ""manual_assembly(in process)"": 0, ""transport_1(in process)"": 0, ""shared"": 0}","{""busy"": 1}",0,0,0,"{""manual_assembly"": {""waiting_resource"": 1}, ""selective_soldering"": {""busy"": 1}, ""inspection"": {""waiting_resource"": 1}}",2
26579.166667,07:22:59.167,manual_assembly,WIP_BELOW_TARGET,feed WIP 0 < target 2 -> feeder task (keep 'selective_soldering' fed),manual_assembly|inspection,inspection,0,2,"{""buffer_de_entrada"": 0, ""manual_assembly(in process)"": 0, ""transport_1(in process)"": 0, ""shared"": 0}","{""starved"": 1}",0,0,0,"{""manual_assembly"": {""waiting_resource"": 1}, ""selective_soldering"": {""starved"": 1}, ""inspection"": {""waiting_resource"": 1}}",2
26711.666667,07:25:11.667,transport_1,WIP_BELOW_TARGET,feed WIP 1 < target 2 -> feeder task (keep 'selective_soldering' fed),transport_1|inspection,manual_assembly,1,2,"{""buffer_de_entrada"": 0, ""manual_assembly(in process)"": 1, ""transport_1(in process)"": 0, ""shared"": 0}","{""starved"": 1}",0,0,0,"{""manual_assembly"": {""blocked"": 1}, ""selective_soldering"": {""starved"": 1}, ""inspection"": {""waiting_resource"": 1}}",2
26730.0,07:25:30.000,inspection,NO_FEEDER_WAITING,feed WIP 0 < target but no feeder task waiting -> non-feeder task,inspection,transport_1,0,2,"{""buffer_de_entrada"": 0, ""manual_assembly(in process)"": 0, ""transport_1(in process)"": 0, ""shared"": 0}","{""busy"": 1}",0,0,0,"{""manual_assembly"": {""waiting_resource"": 1}, ""selective_soldering"": {""busy"": 1}, ""inspection"": {""waiting_resource"": 1}}",2
26794.166667,07:26:34.167,manual_assembly,WIP_BELOW_TARGET,feed WIP 0 < target 2 -> feeder task (keep 'selective_soldering' fed),manual_assembly|inspection,inspection,0,2,"{""buffer_de_entrada"": 0, ""manual_assembly(in process)"": 0, ""transport_1(in process)"": 0, ""shared"": 0}","{""starved"": 1}",0,0,0,"{""manual_assembly"": {""waiting_resource"": 1}, ""selective_soldering"": {""starved"": 1}, ""inspection"": {""waiting_resource"": 1}}",2
26926.666667,07:28:46.667,transport_1,WIP_BELOW_TARGET,feed WIP 1 < target 2 -> feeder task (keep 'selective_soldering' fed),transport_1|inspection,manual_assembly,1,2,"{""buffer_de_entrada"": 0, ""manual_assembly(in process)"": 1, ""transport_1(in process)"": 0, ""shared"": 0}","{""starved"": 1}",0,0,0,"{""manual_assembly"": {""blocked"": 1}, ""selective_soldering"": {""starved"": 1}, ""inspection"": {""waiting_resource"": 1}}",2
26945.0,07:29:05.000,inspection,NO_FEEDER_WAITING,feed WIP 0 < target but no feeder task waiting -> non-feeder task,inspection,transport_1,0,2,"{""buffer_de_entrada"": 0, ""manual_assembly(in process)"": 0, ""transport_1(in process)"": 0, ""shared"": 0}","{""busy"": 1}",0,0,0,"{""manual_assembly"": {""waiting_resource"": 1}, ""selective_soldering"": {""busy"": 1}, ""inspection"": {""waiting_resource"": 1}}",2
27009.166667,07:30:09.167,manual_assembly,WIP_BELOW_TARGET,feed WIP 0 < target 2 -> feeder task (keep 'selective_soldering' fed),manual_assembly|inspection,inspection,0,2,"{""buffer_de_entrada"": 0, ""manual_assembly(in process)"": 0, ""transport_1(in process)"": 0, ""shared"": 0}","{""starved"": 1}",0,0,0,"{""manual_assembly"": {""waiting_resource"": 1}, ""selective_soldering"": {""starved"": 1}, ""inspection"": {""waiting_resource"": 1}}",2
27141.666667,07:32:21.667,transport_1,WIP_BELOW_TARGET,feed WIP 1 < target 2 -> feeder task (keep 'selective_soldering' fed),transport_1|inspection,manual_assembly,1,2,"{""buffer_de_entrada"": 0, ""manual_assembly(in process)"": 1, ""transport_1(in process)"": 0, ""shared"": 0}","{""starved"": 1}",0,0,0,"{""manual_assembly"": {""blocked"": 1}, ""selective_soldering"": {""starved"": 1}, ""inspection"": {""waiting_resource"": 1}}",2
27160.0,07:32:40.000,inspection,NO_FEEDER_WAITING,feed WIP 0 < target but no feeder task waiting -> non-feeder task,inspection,transport_1,0,2,"{""buffer_de_entrada"": 0, ""manual_assembly(in process)"": 0, ""transport_1(in process)"": 0, ""shared"": 0}","{""busy"": 1}",0,0,0,"{""manual_assembly"": {""waiting_resource"": 1}, ""selective_soldering"": {""busy"": 1}, ""inspection"": {""waiting_resource"": 1}}",2
27224.166667,07:33:44.167,manual_assembly,WIP_BELOW_TARGET,feed WIP 0 < target 2 -> feeder task (keep 'selective_soldering' fed),manual_assembly|inspection,inspection,0,2,"{""buffer_de_entrada"": 0, ""manual_assembly(in process)"": 0, ""transport_1(in process)"": 0, ""shared"": 0}","{""starved"": 1}",0,0,0,"{""manual_assembly"": {""waiting_resource"": 1}, ""selective_soldering"": {""starved"": 1}, ""inspection"": {""waiting_resource"": 1}}",2
27356.666667,07:35:56.667,transport_1,WIP_BELOW_TARGET,feed WIP 1 < target 2 -> feeder task (keep 'selective_soldering' fed),transport_1|inspection,manual_assembly,1,2,"{""buffer_de_entrada"": 0, ""manual_assembly(in process)"": 1, ""transport_1(in process)"": 0, ""shared"": 0}","{""starved"": 1}",0,0,0,"{""manual_assembly"": {""blocked"": 1}, ""selective_soldering"": {""starved"": 1}, ""inspection"": {""waiting_resource"": 1}}",2
27375.0,07:36:15.000,inspection,NO_FEEDER_WAITING,feed WIP 0 < target but no feeder task waiting -> non-feeder task,inspection,transport_1,0,2,"{""buffer_de_entrada"": 0, ""manual_assembly(in process)"": 0, ""transport_1(in process)"": 0, ""shared"": 0}","{""busy"": 1}",0,0,0,"{""manual_assembly"": {""waiting_resource"": 1}, ""selective_soldering"": {""busy"": 1}, ""inspection"": {""waiting_resource"": 1}}",2
27439.166667,07:37:19.167,manual_assembly,WIP_BELOW_TARGET,feed WIP 0 < target 2 -> feeder task (keep 'selective_soldering' fed),manual_assembly|inspection,inspection,0,2,"{""buffer_de_entrada"": 0, ""manual_assembly(in process)"": 0, ""transport_1(in process)"": 0, ""shared"": 0}","{""starved"": 1}",0,0,0,"{""manual_assembly"": {""waiting_resource"": 1}, ""selective_soldering"": {""starved"": 1}, ""inspection"": {""waiting_resource"": 1}}",2
27571.666667,07:39:31.667,transport_1,WIP_BELOW_TARGET,feed WIP 1 < target 2 -> feeder task (keep 'selective_soldering' fed),transport_1|inspection,manual_assembly,1,2,"{""buffer_de_entrada"": 0, ""manual_assembly(in process)"": 1, ""transport_1(in process)"": 0, ""shared"": 0}","{""starved"": 1}",0,0,0,"{""manual_assembly"": {""blocked"": 1}, ""selective_soldering"": {""starved"": 1}, ""inspection"": {""waiting_resource"": 1}}",2
27590.0,07:39:50.000,inspection,NO_FEEDER_WAITING,feed WIP 0 < target but no feeder task waiting -> non-feeder task,inspection,transport_1,0,2,"{""buffer_de_entrada"": 0, ""manual_assembly(in process)"": 0, ""transport_1(in process)"": 0, ""shared"": 0}","{""busy"": 1}",0,0,0,"{""manual_assembly"": {""waiting_resource"": 1}, ""selective_soldering"": {""busy"": 1}, ""inspection"": {""waiting_resource"": 1}}",2
27654.166667,07:40:54.167,manual_assembly,WIP_BELOW_TARGET,feed WIP 0 < target 2 -> feeder task (keep 'selective_soldering' fed),manual_assembly|inspection,inspection,0,2,"{""buffer_de_entrada"": 0, ""manual_assembly(in process)"": 0, ""transport_1(in process)"": 0, ""shared"": 0}","{""starved"": 1}",0,0,0,"{""manual_assembly"": {""waiting_resource"": 1}, ""selective_soldering"": {""starved"": 1}, ""inspection"": {""waiting_resource"": 1}}",2
27786.666667,07:43:06.667,transport_1,WIP_BELOW_TARGET,feed WIP 1 < target 2 -> feeder task (keep 'selective_soldering' fed),transport_1|inspection,manual_assembly,1,2,"{""buffer_de_entrada"": 0, ""manual_assembly(in process)"": 1, ""transport_1(in process)"": 0, ""shared"": 0}","{""starved"": 1}",0,0,0,"{""manual_assembly"": {""blocked"": 1}, ""selective_soldering"": {""starved"": 1}, ""inspection"": {""waiting_resource"": 1}}",2
27805.0,07:43:25.000,inspection,NO_FEEDER_WAITING,feed WIP 0 < target but no feeder task waiting -> non-feeder task,inspection,transport_1,0,2,"{""buffer_de_entrada"": 0, ""manual_assembly(in process)"": 0, ""transport_1(in process)"": 0, ""shared"": 0}","{""busy"": 1}",0,0,0,"{""manual_assembly"": {""waiting_resource"": 1}, ""selective_soldering"": {""busy"": 1}, ""inspection"": {""waiting_resource"": 1}}",2
27869.166667,07:44:29.167,manual_assembly,WIP_BELOW_TARGET,feed WIP 0 < target 2 -> feeder task (keep 'selective_soldering' fed),manual_assembly|inspection,inspection,0,2,"{""buffer_de_entrada"": 0, ""manual_assembly(in process)"": 0, ""transport_1(in process)"": 0, ""shared"": 0}","{""starved"": 1}",0,0,0,"{""manual_assembly"": {""waiting_resource"": 1}, ""selective_soldering"": {""starved"": 1}, ""inspection"": {""waiting_resource"": 1}}",2
28001.666667,07:46:41.667,transport_1,WIP_BELOW_TARGET,feed WIP 1 < target 2 -> feeder task (keep 'selective_soldering' fed),transport_1|inspection,manual_assembly,1,2,"{""buffer_de_entrada"": 0, ""manual_assembly(in process)"": 1, ""transport_1(in process)"": 0, ""shared"": 0}","{""starved"": 1}",0,0,0,"{""manual_assembly"": {""blocked"": 1}, ""selective_soldering"": {""starved"": 1}, ""inspection"": {""waiting_resource"": 1}}",2
28020.0,07:47:00.000,inspection,NO_FEEDER_WAITING,feed WIP 0 < target but no feeder task waiting -> non-feeder task,inspection,transport_1,0,2,"{""buffer_de_entrada"": 0, ""manual_assembly(in process)"": 0, ""transport_1(in process)"": 0, ""shared"": 0}","{""busy"": 1}",0,0,0,"{""manual_assembly"": {""waiting_resource"": 1}, ""selective_soldering"": {""busy"": 1}, ""inspection"": {""waiting_resource"": 1}}",2
28084.166667,07:48:04.167,manual_assembly,WIP_BELOW_TARGET,feed WIP 0 < target 2 -> feeder task (keep 'selective_soldering' fed),manual_assembly|inspection,inspection,0,2,"{""buffer_de_entrada"": 0, ""manual_assembly(in process)"": 0, ""transport_1(in process)"": 0, ""shared"": 0}","{""starved"": 1}",0,0,0,"{""manual_assembly"": {""waiting_resource"": 1}, ""selective_soldering"": {""starved"": 1}, ""inspection"": {""waiting_resource"": 1}}",2
28216.666667,07:50:16.667,transport_1,WIP_BELOW_TARGET,feed WIP 1 < target 2 -> feeder task (keep 'selective_soldering' fed),transport_1|inspection,manual_assembly,1,2,"{""buffer_de_entrada"": 0, ""manual_assembly(in process)"": 1, ""transport_1(in process)"": 0, ""shared"": 0}","{""starved"": 1}",0,0,0,"{""manual_assembly"": {""blocked"": 1}, ""selective_soldering"": {""starved"": 1}, ""inspection"": {""waiting_resource"": 1}}",2
28235.0,07:50:35.000,inspection,NO_FEEDER_WAITING,feed WIP 0 < target but no feeder task waiting -> non-feeder task,inspection,transport_1,0,2,"{""buffer_de_entrada"": 0, ""manual_assembly(in process)"": 0, ""transport_1(in process)"": 0, ""shared"": 0}","{""busy"": 1}",0,0,0,"{""manual_assembly"": {""waiting_resource"": 1}, ""selective_soldering"": {""busy"": 1}, ""inspection"": {""waiting_resource"": 1}}",2
28299.166667,07:51:39.167,manual_assembly,WIP_BELOW_TARGET,feed WIP 0 < target 2 -> feeder task (keep 'selective_soldering' fed),manual_assembly|inspection,inspection,0,2,"{""buffer_de_entrada"": 0, ""manual_assembly(in process)"": 0, ""transport_1(in process)"": 0, ""shared"": 0}","{""starved"": 1}",0,0,0,"{""manual_assembly"": {""waiting_resource"": 1}, ""selective_soldering"": {""starved"": 1}, ""inspection"": {""waiting_resource"": 1}}",2
28431.666667,07:53:51.667,transport_1,WIP_BELOW_TARGET,feed WIP 1 < target 2 -> feeder task (keep 'selective_soldering' fed),transport_1|inspection,manual_assembly,1,2,"{""buffer_de_entrada"": 0, ""manual_assembly(in process)"": 1, ""transport_1(in process)"": 0, ""shared"": 0}","{""starved"": 1}",0,0,0,"{""manual_assembly"": {""blocked"": 1}, ""selective_soldering"": {""starved"": 1}, ""inspection"": {""waiting_resource"": 1}}",2
28450.0,07:54:10.000,inspection,NO_FEEDER_WAITING,feed WIP 0 < target but no feeder task waiting -> non-feeder task,inspection,transport_1,0,2,"{""buffer_de_entrada"": 0, ""manual_assembly(in process)"": 0, ""transport_1(in process)"": 0, ""shared"": 0}","{""busy"": 1}",0,0,0,"{""manual_assembly"": {""waiting_resource"": 1}, ""selective_soldering"": {""busy"": 1}, ""inspection"": {""waiting_resource"": 1}}",2
28514.166667,07:55:14.167,manual_assembly,WIP_BELOW_TARGET,feed WIP 0 < target 2 -> feeder task (keep 'selective_soldering' fed),manual_assembly|inspection,inspection,0,2,"{""buffer_de_entrada"": 0, ""manual_assembly(in process)"": 0, ""transport_1(in process)"": 0, ""shared"": 0}","{""starved"": 1}",0,0,0,"{""manual_assembly"": {""waiting_resource"": 1}, ""selective_soldering"": {""starved"": 1}, ""inspection"": {""waiting_resource"": 1}}",2
28646.666667,07:57:26.667,transport_1,WIP_BELOW_TARGET,feed WIP 1 < target 2 -> feeder task (keep 'selective_soldering' fed),transport_1|inspection,manual_assembly,1,2,"{""buffer_de_entrada"": 0, ""manual_assembly(in process)"": 1, ""transport_1(in process)"": 0, ""shared"": 0}","{""starved"": 1}",0,0,0,"{""manual_assembly"": {""blocked"": 1}, ""selective_soldering"": {""starved"": 1}, ""inspection"": {""waiting_resource"": 1}}",2
28665.0,07:57:45.000,inspection,NO_FEEDER_WAITING,feed WIP 0 < target but no feeder task waiting -> non-feeder task,inspection,transport_1,0,2,"{""buffer_de_entrada"": 0, ""manual_assembly(in process)"": 0, ""transport_1(in process)"": 0, ""shared"": 0}","{""busy"": 1}",0,0,0,"{""manual_assembly"": {""waiting_resource"": 1}, ""selective_soldering"": {""busy"": 1}, ""inspection"": {""waiting_resource"": 1}}",2
28729.166667,07:58:49.167,manual_assembly,WIP_BELOW_TARGET,feed WIP 0 < target 2 -> feeder task (keep 'selective_soldering' fed),manual_assembly|inspection,inspection,0,2,"{""buffer_de_entrada"": 0, ""manual_assembly(in process)"": 0, ""transport_1(in process)"": 0, ""shared"": 0}","{""starved"": 1}",0,0,0,"{""manual_assembly"": {""waiting_resource"": 1}, ""selective_soldering"": {""starved"": 1}, ""inspection"": {""waiting_resource"": 1}}",2
